patient_id,annotation_id,malignancy_score,malignancy_label,original_shape_Elongation,original_shape_Flatness,original_shape_LeastAxisLength,original_shape_MajorAxisLength,original_shape_Maximum2DDiameterColumn,original_shape_Maximum2DDiameterRow,original_shape_Maximum2DDiameterSlice,original_shape_Maximum3DDiameter,original_shape_MeshVolume,original_shape_MinorAxisLength,original_shape_Sphericity,original_shape_SurfaceArea,original_shape_SurfaceVolumeRatio,original_shape_VoxelVolume,original_firstorder_10Percentile,original_firstorder_90Percentile,original_firstorder_Energy,original_firstorder_Entropy,original_firstorder_InterquartileRange,original_firstorder_Kurtosis,original_firstorder_Maximum,original_firstorder_MeanAbsoluteDeviation,original_firstorder_Mean,original_firstorder_Median,original_firstorder_Minimum,original_firstorder_Range,original_firstorder_RobustMeanAbsoluteDeviation,original_firstorder_RootMeanSquared,original_firstorder_Skewness,original_firstorder_TotalEnergy,original_firstorder_Uniformity,original_firstorder_Variance,original_glcm_Autocorrelation,original_glcm_JointAverage,original_glcm_ClusterProminence,original_glcm_ClusterShade,original_glcm_ClusterTendency,original_glcm_Contrast,original_glcm_Correlation,original_glcm_DifferenceAverage,original_glcm_DifferenceEntropy,original_glcm_DifferenceVariance,original_glcm_JointEnergy,original_glcm_JointEntropy,original_glcm_Imc1,original_glcm_Imc2,original_glcm_Idm,original_glcm_Idmn,original_glcm_Id,original_glcm_Idn,original_glcm_InverseVariance,original_glcm_MaximumProbability,original_glcm_SumEntropy,original_glcm_SumSquares,original_glrlm_GrayLevelNonUniformity,original_glrlm_GrayLevelNonUniformityNormalized,original_glrlm_GrayLevelVariance,original_glrlm_HighGrayLevelRunEmphasis,original_glrlm_LongRunEmphasis,original_glrlm_LongRunHighGrayLevelEmphasis,original_glrlm_LongRunLowGrayLevelEmphasis,original_glrlm_LowGrayLevelRunEmphasis,original_glrlm_RunEntropy,original_glrlm_RunLengthNonUniformity,original_glrlm_RunLengthNonUniformityNormalized,original_glrlm_RunPercentage,original_glrlm_RunVariance,original_glrlm_ShortRunEmphasis,original_glrlm_ShortRunHighGrayLevelEmphasis,original_glrlm_ShortRunLowGrayLevelEmphasis,original_glszm_GrayLevelNonUniformity,original_glszm_GrayLevelNonUniformityNormalized,original_glszm_GrayLevelVariance,original_glszm_HighGrayLevelZoneEmphasis,original_glszm_LargeAreaEmphasis,original_glszm_LargeAreaHighGrayLevelEmphasis,original_glszm_LargeAreaLowGrayLevelEmphasis,original_glszm_LowGrayLevelZoneEmphasis,original_glszm_SizeZoneNonUniformity,original_glszm_SizeZoneNonUniformityNormalized,original_glszm_SmallAreaEmphasis,original_glszm_SmallAreaHighGrayLevelEmphasis,original_glszm_SmallAreaLowGrayLevelEmphasis,original_glszm_ZoneEntropy,original_glszm_ZonePercentage,original_glszm_ZoneVariance,original_gldm_DependenceEntropy,original_gldm_DependenceNonUniformity,original_gldm_DependenceNonUniformityNormalized,original_gldm_DependenceVariance,original_gldm_GrayLevelNonUniformity,original_gldm_GrayLevelVariance,original_gldm_HighGrayLevelEmphasis,original_gldm_LargeDependenceEmphasis,original_gldm_LargeDependenceHighGrayLevelEmphasis,original_gldm_LargeDependenceLowGrayLevelEmphasis,original_gldm_LowGrayLevelEmphasis,original_gldm_SmallDependenceEmphasis,original_gldm_SmallDependenceHighGrayLevelEmphasis,original_gldm_SmallDependenceLowGrayLevelEmphasis,original_ngtdm_Busyness,original_ngtdm_Coarseness,original_ngtdm_Complexity,original_ngtdm_Contrast,original_ngtdm_Strength,gradient_firstorder_10Percentile,gradient_firstorder_90Percentile,gradient_firstorder_Energy,gradient_firstorder_Entropy,gradient_firstorder_InterquartileRange,gradient_firstorder_Kurtosis,gradient_firstorder_Maximum,gradient_firstorder_MeanAbsoluteDeviation,gradient_firstorder_Mean,gradient_firstorder_Median,gradient_firstorder_Minimum,gradient_firstorder_Range,gradient_firstorder_RobustMeanAbsoluteDeviation,gradient_firstorder_RootMeanSquared,gradient_firstorder_Skewness,gradient_firstorder_TotalEnergy,gradient_firstorder_Uniformity,gradient_firstorder_Variance,gradient_glcm_Autocorrelation,gradient_glcm_JointAverage,gradient_glcm_ClusterProminence,gradient_glcm_ClusterShade,gradient_glcm_ClusterTendency,gradient_glcm_Contrast,gradient_glcm_Correlation,gradient_glcm_DifferenceAverage,gradient_glcm_DifferenceEntropy,gradient_glcm_DifferenceVariance,gradient_glcm_JointEnergy,gradient_glcm_JointEntropy,gradient_glcm_Imc1,gradient_glcm_Imc2,gradient_glcm_Idm,gradient_glcm_Idmn,gradient_glcm_Id,gradient_glcm_Idn,gradient_glcm_InverseVariance,gradient_glcm_MaximumProbability,gradient_glcm_SumEntropy,gradient_glcm_SumSquares,gradient_glrlm_GrayLevelNonUniformity,gradient_glrlm_GrayLevelNonUniformityNormalized,gradient_glrlm_GrayLevelVariance,gradient_glrlm_HighGrayLevelRunEmphasis,gradient_glrlm_LongRunEmphasis,gradient_glrlm_LongRunHighGrayLevelEmphasis,gradient_glrlm_LongRunLowGrayLevelEmphasis,gradient_glrlm_LowGrayLevelRunEmphasis,gradient_glrlm_RunEntropy,gradient_glrlm_RunLengthNonUniformity,gradient_glrlm_RunLengthNonUniformityNormalized,gradient_glrlm_RunPercentage,gradient_glrlm_RunVariance,gradient_glrlm_ShortRunEmphasis,gradient_glrlm_ShortRunHighGrayLevelEmphasis,gradient_glrlm_ShortRunLowGrayLevelEmphasis,gradient_glszm_GrayLevelNonUniformity,gradient_glszm_GrayLevelNonUniformityNormalized,gradient_glszm_GrayLevelVariance,gradient_glszm_HighGrayLevelZoneEmphasis,gradient_glszm_LargeAreaEmphasis,gradient_glszm_LargeAreaHighGrayLevelEmphasis,gradient_glszm_LargeAreaLowGrayLevelEmphasis,gradient_glszm_LowGrayLevelZoneEmphasis,gradient_glszm_SizeZoneNonUniformity,gradient_glszm_SizeZoneNonUniformityNormalized,gradient_glszm_SmallAreaEmphasis,gradient_glszm_SmallAreaHighGrayLevelEmphasis,gradient_glszm_SmallAreaLowGrayLevelEmphasis,gradient_glszm_ZoneEntropy,gradient_glszm_ZonePercentage,gradient_glszm_ZoneVariance,gradient_gldm_DependenceEntropy,gradient_gldm_DependenceNonUniformity,gradient_gldm_DependenceNonUniformityNormalized,gradient_gldm_DependenceVariance,gradient_gldm_GrayLevelNonUniformity,gradient_gldm_GrayLevelVariance,gradient_gldm_HighGrayLevelEmphasis,gradient_gldm_LargeDependenceEmphasis,gradient_gldm_LargeDependenceHighGrayLevelEmphasis,gradient_gldm_LargeDependenceLowGrayLevelEmphasis,gradient_gldm_LowGrayLevelEmphasis,gradient_gldm_SmallDependenceEmphasis,gradient_gldm_SmallDependenceHighGrayLevelEmphasis,gradient_gldm_SmallDependenceLowGrayLevelEmphasis,gradient_ngtdm_Busyness,gradient_ngtdm_Coarseness,gradient_ngtdm_Complexity,gradient_ngtdm_Contrast,gradient_ngtdm_Strength,split
6557601,,1,0,0.7480026256609348,0.1430288224940831,1.962651548463904,13.722070238990431,14.0,12.041594578792296,14.866068747318506,14.866068747318506,201.375,10.264144568268616,0.5823175840686462,285.31717953286994,1.416845087686505,211.0,-547.0,-100.0,103605873.0,4.662626454815218,207.0,2.31832148708162,-24.0,126.0631162822039,-316.92417061611377,-312.0,-649.0,625.0,91.7884429065744,700.7304009294372,-0.1579206117187789,103605873.0,0.044720468992161,24430.50609824577,321.80425199796383,17.408272523153485,39488.64281488005,-546.607895545114,123.55493351676796,48.94487184842436,0.4237714483396163,5.672752526965701,3.660348353109772,14.531902939699751,0.0080169430546274,7.157248852462815,-0.4204861900387713,0.98773846032892,0.1567726437872977,0.9489159351698256,0.2500251318123324,0.8475326480694465,0.1622495081017365,0.0207439063886703,4.992980689231358,43.124951341298114,9.053929794648909,0.0445369996218667,50.878198245864944,303.97816380791375,1.1299427767397632,358.09144371521467,0.034143700875869,0.0332564590600108,4.79992987391493,190.5872496472969,0.9356630134755162,0.9635435654393,0.0489981070625985,0.9739847734442296,294.0240625661788,0.0330511537089479,6.021897810218978,0.0439554584687516,49.196973733283606,267.45985401459853,3.715328467153285,1426.3211678832115,0.0625257794007991,0.0449237123890172,76.51824817518248,0.5585273589429378,0.7754850973236009,193.9136050283861,0.041915011182672,5.456562813552019,0.6492890995260664,1.3432788108050508,5.879053028276908,68.14691943127963,0.3229711821387659,1.2911210440017071,9.436018957345972,51.01385862851239,307.62085308056874,5.085308056872038,2032.3127962085307,0.0573358367058916,0.0322806868352394,0.561949710373881,146.71581226961558,0.0278955996988266,0.0779111248752294,0.0337884770311621,1078.9751806821491,0.4496208489260949,9.375762773825723,199.2473297119141,382.4751586914063,349532255.6530466,4.522550733763254,107.4052734375,2.1661019867256672,441.7946472167969,57.75702362050265,285.25072728740093,280.74676513671875,131.2230987548828,310.57154846191406,43.95012008225165,1287.070695284058,0.1467159175626556,349532255.6530466,0.0470564452730172,4681.542666195616,228.2438029310824,15.095224082046258,15128.282201691964,-48.73595083190972,71.55296974661523,70.89857638907972,0.0083704900652363,6.5369254201428495,3.779390677762916,22.344499491746184,0.0078698535479844,7.1593129990797735,-0.4115202949002884,0.9862117042279726,0.1604936804374357,0.9271071709377487,0.2480471016286256,0.8284503529765649,0.1628353359626619,0.0194910842185311,4.703138898894842,35.612886533923735,9.542052897078891,0.0470880008592432,36.08760281021168,242.84012633570987,1.1371481581870202,280.20860390273515,0.0165113356937212,0.0155121356294871,4.682440754044761,188.4568487288752,0.9271939925157604,0.960627050674444,0.0480461745034658,0.9703054937512804,235.19721078764312,0.0152795743408385,5.833333333333333,0.0486111111111111,37.74555555555556,226.35,4.541666666666667,1223.4166666666667,0.0447082378582326,0.0209868151019259,48.9,0.4075,0.6525353009259259,142.11169675925927,0.0180344816384525,5.660516533503181,0.5687203791469194,1.4499305555555555,5.864894923691725,66.30805687203791,0.3142561937063408,0.876215718425013,9.928909952606634,35.93032501516139,243.781990521327,4.971563981042654,1304.8909952606634,0.0440278783746449,0.0151855758532482,0.454623486045287,102.84288177988414,0.0109018420778272,0.1381675707578319,0.0272721469594321,1116.352224472982,0.427659828473904,5.987415297821582,external
422865,,5,1,0.8553990451659016,0.1185470705013793,3.198383855371944,26.979864131984016,27.018512172212592,25.079872407968907,28.30194339616981,28.6705423736629,1413.3333333333333,23.078550017204883,0.4997352476795901,1218.7291810022862,0.8623083827846365,1434.0,-268.0,29.0,1168934744.0,4.324972407350586,165.0,2.744517482528126,137.0,95.2880337840335,-104.51324965132495,-84.0,-496.0,633.0,70.68632798435387,902.8603021752992,-0.586398089642399,1168934744.0,0.0567537916586427,13260.205194042275,386.5769926143009,19.50804703488858,13043.484014760614,-311.57894878909536,63.78224955712278,40.042555539150825,0.2314968715386832,4.749720763911255,3.555119493006442,14.332086764033612,0.0055747478073923,7.981173431798691,-0.1240247634098848,0.750311363392889,0.2276674352442924,0.9609866170453396,0.3124950507423095,0.8747407668487401,0.2275976404281339,0.0169368374045032,4.904186812535491,25.956201274068388,74.12411618105801,0.0558885557509171,27.95800888226244,371.8117541751319,1.3133011930090688,516.4919291814724,0.0065027654617775,0.0056019511025179,4.695672698291328,1165.3969576242473,0.8718774717207686,0.924257053964167,0.1216711521072305,0.9447658832564694,347.23767575505855,0.005430113411014,27.52747252747253,0.0504166163506822,30.783456775215026,304.2435897435897,22.168498168498168,10652.615384615385,0.0613994904210808,0.0087241090388817,190.3846153846154,0.3486897717666948,0.6101329626768353,163.54731854778802,0.0069777357874967,6.300241106514986,0.3807531380753138,15.270659743187212,6.624915472125825,275.721059972106,0.1922741003989581,3.2779985566701484,81.38493723849372,27.697303385211512,378.4365411436541,12.09483960948396,5718.490934449093,0.0348515210731487,0.0053897636246946,0.3149735036769759,93.8642851526818,0.0029864972498007,0.371068632136508,0.0043472698247055,1247.9529178139535,0.2145020879732515,1.403875375779336,73.3547119140625,292.5055603027344,2016459053.835976,4.774128891528846,126.41514205932616,2.15023390496666,362.0856323242188,67.44943419353713,183.06059617743497,182.7272567749024,10.319883346557615,351.76574897766113,50.53893203631714,1185.8237060416293,0.0721456861312221,2016459053.835976,0.0392626568551359,6545.48758259621,231.5496473835536,15.33165249613475,28646.8245265174,104.20779168120777,94.6812568061188,110.25771663484646,-0.065142722533594,8.203726189312743,4.087616153464105,29.67372077210328,0.0029172445881316,8.738594938130731,-0.1651594353037177,0.8727056073190886,0.147340745369378,0.9148040513112802,0.2264074219563486,0.816027297666857,0.151277055670607,0.0080404645690886,5.131035567999967,51.23474336024131,53.52507250251183,0.0392072846904188,49.94348992624917,322.4789445781613,1.1784328466705332,379.6654901278268,0.0119990922026568,0.0102521142401475,5.007962737351415,1256.9286677197365,0.9156521431931286,0.9522046990666236,0.0646540192051368,0.9644475325268148,311.26950513388164,0.0099019738159057,29.118279569892472,0.039137472540178,49.44874407445948,327.6747311827957,7.400537634408602,2378.3938172043013,0.072922695577315,0.0108998741636243,325.8225806451613,0.4379335761359694,0.6879149710352681,228.36210564407625,0.008031928952413,6.328334794441109,0.5188284518828452,3.685592265001735,6.729840387368313,374.5355648535565,0.2611824022688678,1.4236737218652802,56.30264993026499,49.99337517433752,322.2433751743376,6.453277545327754,2038.4776847977685,0.0647677998014073,0.010231316501628,0.4378935916533047,143.97557664209336,0.004909407764119,0.8100340601650391,0.0032908676588899,2266.2294312082004,0.6159779392702581,0.987671327578375,external
5060090,,1,0,0.8298437747960715,0.1420298938535129,3.9627045629748032,27.900496546606345,26.0768096208106,30.01666203960727,31.89043743820395,32.66496594212215,1716.0416666666667,23.153053372920567,0.4910038484298906,1411.728278289018,0.8226655014917186,1739.0,-268.0,49.0,1540789141.0,4.154985904648186,151.0,4.07532073968741,125.0,101.59482507479032,-67.52098907418056,-20.0,-565.0,690.0,67.65890163957913,941.2864641492351,-1.297547340517854,1540789141.0,0.076968811763815,16503.10177337481,608.7076782708816,24.50919908386681,21778.34708189051,-732.0837597231067,68.79712599875853,37.35828414538432,0.2751156168699869,4.137353779652748,3.4358631224220653,18.077040903877016,0.0114573506517036,7.2944707107920514,-0.1211348512565015,0.711850577303631,0.289206416921211,0.9686717603129928,0.3657738454878726,0.8973279992037922,0.2877429063910862,0.0347473222543616,4.678266125363685,26.53885253603572,112.62109052810196,0.0715109669817856,36.09650041361141,571.2147294248698,1.373402128176745,827.5663467298102,0.0054118067537183,0.0047803854710451,4.661127712634825,1321.8493032166082,0.835009185164075,0.9045870747998408,0.1359708711721301,0.9288425953992367,522.3011685157936,0.00465809275285,24.979310344827585,0.0430677764565992,47.21178359096314,421.8344827586207,196.9155172413793,146623.99310344827,0.2763730842532784,0.0096422500786437,270.89310344827584,0.4670570749108204,0.7104173383326498,271.220074829148,0.008679810280607,6.129135825430283,0.3335250143760782,187.9258590963139,6.589648256804923,264.18343875790686,0.1519168710511252,5.1800486819145135,133.8487636572743,34.387813847395655,582.6854514088557,17.295572167912592,12107.956296722254,0.0296682521460951,0.0044753284084175,0.3045825468743686,130.8215777586992,0.0030621200015929,0.3054231599195072,0.0032815960531264,1416.1818465005344,0.2197837806663505,1.9441644008245715,31.096519470214847,374.2810363769531,2472572105.17034,5.140402703716109,241.7002658843994,1.93212898327522,605.9952392578125,114.71028284858478,185.15716699117075,161.3916015625,2.061552762985229,603.9336864948273,93.89400919784924,1192.4074799089472,0.3891763163750278,2472572105.17034,0.0335016356819055,17238.0876722683,236.8566419670081,14.71885446366614,204645.0113453197,2179.187251395487,283.2774670658883,205.8273547734497,0.1425066231390077,11.067249302826204,4.397608021297493,52.80910123048135,0.0030900939179077,8.962649593477291,-0.199139154801722,0.9052944228680286,0.1422229301794362,0.9379904722930796,0.2104650216147782,0.8433642760031503,0.1429272820946511,0.0115817714241459,5.770929536644403,122.27620545983442,53.764731441884685,0.0324925662398893,130.7887845945725,416.87660021191306,1.1894867001337093,469.2783441129928,0.0462363543453373,0.0364917155023749,5.393593051124888,1518.017266203455,0.9128781620437704,0.9502366523643118,0.0689091878984938,0.9629143291009924,406.1757543331965,0.034612414087333,24.16093229744728,0.0268156851248027,116.6885455918384,505.8856825749168,12.549389567147614,2008.3562708102108,0.7687582138816106,0.026822977907087,432.30743618202,0.4798084752297669,0.7202800591189968,380.02711745751424,0.0180624238877583,6.72331681887351,0.5181138585393904,8.824189672099443,7.047556262724876,443.7659574468085,0.255184564374243,1.809571111737923,58.259344450833815,131.4005233256209,409.6705002875216,7.0713053479010926,1835.568142610696,0.3757077986505612,0.0372720581547188,0.449634845259212,224.99038808320915,0.0125609921265668,0.7324205604867352,0.0022034583598343,8336.292882511036,0.9301046736410876,2.7248163431192984,external
5149510,,1,0,0.905469953300583,0.2386096144241462,3.714892018247482,15.568911702124405,18.0,17.0,18.43908891458577,18.43908891458577,571.875,14.097181751863484,0.6106237635252456,545.646236128086,0.9541354948687842,586.0,-661.5,17.0,365096548.0,4.92247638977633,407.5,2.102322032914151,37.0,216.26062039161783,-251.53242320819112,-181.5,-846.0,883.0,173.7162652530416,789.3235406834975,-0.6233847046225761,365096548.0,0.0439609081060932,62827.938368530784,930.7817034482088,30.30592857425838,224650.9163670728,-3421.7815337599054,272.95806662932165,225.5940189098909,0.0925358954264775,11.0362163508125,4.316390342117238,74.51307161954242,0.0093468952053281,7.658080218824424,-0.3464099199830472,0.9770809656145908,0.1598630955374477,0.9012859593250956,0.2300840044501521,0.8159751590120591,0.145938194212892,0.0434597196134684,5.404905321324734,124.63802138480308,22.622313902545777,0.0407257167195583,128.67215843025153,888.3398539651122,1.3310864724699774,1326.889189486126,0.0083864742484898,0.0074611803047079,5.163720464399295,507.9194925233194,0.9137291533457332,0.937253872407456,0.1575203337755965,0.9611924440640868,841.8749863472865,0.0073110172945038,9.0625,0.0314670138888888,98.56065538194446,694.2256944444445,28.854166666666668,42473.57291666666,0.0446698550599964,0.0099202742113087,150.29861111111111,0.5218701774691358,0.7504747967343648,507.872763103412,0.007716033284664,6.065792841945688,0.4914675767918088,24.71407214506172,6.545125769288495,132.77133105802048,0.2265722373003762,3.3760789292828104,25.761092150170647,130.6496785052825,915.8924914675767,10.300341296928329,13733.643344709895,0.0275013527904936,0.0071570809716824,0.4375847416453625,310.79931973380303,0.0042711632369065,0.1437638625049431,0.0051176272064478,6188.218613373584,1.344508856822584,5.305713183856015,163.02798461914062,449.1702575683594,1049627406.1047786,4.889901912976355,159.0518798828125,2.499465565559183,507.3874206542969,90.3937196961407,333.9588481720804,368.6427764892578,36.13862228393555,471.2487983703613,67.44503433502865,1338.3471328322755,-0.7954653334022859,1049627406.1047786,0.0405595871821454,11726.83934378985,637.8190826662503,25.501257100056137,105577.09696309376,-1645.6566679716302,177.03053873796017,227.83221207387152,-0.0929169744125126,11.60791705672395,4.314712950795898,56.24263241509043,0.0045842495530268,8.261556755740664,-0.3271873185389626,0.978356966681816,0.1483955592928696,0.9008947501200872,0.2144170887129982,0.8080767987821389,0.1390303870125037,0.0162297636189148,5.3013113876016735,101.21568770295788,21.8857487666672,0.0394499245128805,90.23153133195456,792.2565322914858,1.2449180435949303,1030.357992368611,0.0070117681786124,0.0064525280475331,5.128384881247627,508.51075582395913,0.9110845076724636,0.9442110790233657,0.101529634249321,0.9612385756344562,755.965386040531,0.0063581951918882,9.31833910034602,0.0322433878904706,92.04521018665965,689.1626297577855,11.91695501730104,12163.57785467128,0.030980382429902,0.0098444556678288,127.39446366782006,0.4408112929682355,0.6895719501021638,435.3991510055332,0.0089833417883877,6.311283068378082,0.4931740614334471,7.80546209935226,6.725245249222592,139.5972696245734,0.2382205966289648,2.2134212396184,23.7679180887372,89.69271628091184,802.3822525597269,8.218430034129693,8004.221843003413,0.0211041489853637,0.0062004678735087,0.4173387473590119,279.88967604846266,0.0046580990916455,0.1523155485733058,0.0053542668215601,6039.117499513428,0.9671585081135634,4.265081869058918,external
6267433,,1,0,0.7680827230173697,0.1455030894731524,2.5883850718299377,17.789210395477784,19.0,15.0,20.248456731316587,20.248456731316587,432.0,13.663585160887475,0.5175243741928506,534.0015039418786,1.2361145924580523,446.0,-562.5,8.0,257287710.0,4.875090440475397,373.75,1.9342796255741144,30.0,177.3338695730861,-269.69058295964123,-266.5,-739.0,769.0,141.32683688928165,759.5250315444521,-0.1657985698119328,257287710.0,0.04025819944097,43526.42892477226,545.6389892851818,23.902793240123472,75033.91355090169,-653.4410587575632,143.88367169921415,247.3055845150164,-0.2018066610158436,12.590159641037172,4.225409813531613,46.039634149796,0.0073758134883095,7.62204967679505,-0.3764176079724641,0.9848819753054364,0.1259226949142023,0.8644764738993753,0.1890001180757316,0.7685109191324351,0.1129498062659255,0.0294798656752877,5.038976264888088,97.7973140535576,16.460608647419175,0.0387654758822714,89.22357229911174,569.1122456982438,1.2385615672225243,774.4407097507307,0.0205773702373132,0.0161680647735184,5.073757117704968,392.4922540997449,0.919107367661485,0.9475681269403242,0.0999993016399219,0.963895596324872,541.7810649130432,0.0156969026110374,7.968888888888888,0.0354172839506172,67.4819950617284,433.9066666666667,15.77777777777778,16009.16,0.1410783153006995,0.0110791553864288,110.12,0.4894222222222222,0.726874401213291,293.3685438067097,0.0054369927181111,5.982121954391259,0.5044843049327354,11.848572839506174,6.410184954114151,110.65022421524664,0.2480946731283556,2.033984194333286,17.955156950672645,90.83237648052445,583.652466367713,7.618834080717488,6451.854260089686,0.0986692921160876,0.0161723051124218,0.4440395350965498,194.5456390134529,0.0048432845350774,0.2211292751976339,0.0060614759061732,4612.613192401984,1.3553358682792944,3.61082963036896,155.56295013427734,451.7236328125,773975656.3386666,4.756870219501922,238.65275955200195,1.52216134758397,475.726806640625,110.05782631159896,311.844087600708,310.9073181152344,57.01973342895508,418.7070732116699,95.18746026160365,1317.334971360098,-0.174876680742463,773975656.3386666,0.0478795069275473,14436.516595376826,487.5034629466036,23.21407569635305,89088.55953402219,-218.55562947362543,149.4698678610072,355.08526142469844,-0.3553255129348358,15.550358870442306,4.018274454350001,34.84356152103498,0.0088507714342802,7.364384925400055,-0.4245176326211911,0.9903914051424378,0.1272941730941418,0.8279117746239497,0.1801910029022982,0.7404891220903653,0.1203176085977056,0.0278328305742958,4.462174465990534,126.13878232142642,19.443967804478262,0.0457515614305623,108.9613469329638,660.9896215990946,1.229343722584201,868.1510291098901,0.0076371980653589,0.0068902198868878,4.971673652497964,391.32134006015593,0.9153893023344644,0.9473956536736808,0.0886883731518407,0.961786494010095,628.0038335489639,0.0067588974990896,7.348623853211009,0.0337092837303257,89.6481146368151,522.7844036697247,12.376146788990823,12749.922018348623,0.0320493080643801,0.0097560189361562,92.73394495412845,0.4253850685969194,0.6772966882075812,324.63768860316725,0.0080831958673313,6.203228200354958,0.4887892376681614,8.19055635047555,6.404946568392065,110.0986547085202,0.2468579701984757,1.7481952180820046,21.3542600896861,110.1645166804078,674.280269058296,7.354260089686099,6736.952914798207,0.0248511878805809,0.0066785419334175,0.4138561336343206,216.3475736961452,0.0043225774386498,0.282830126098045,0.00385462235019,6734.25278565601,1.857245560949848,3.512116005638112,external
586013,,5,1,0.5880174355517718,0.118688441097027,3.632543620100934,30.60570672700429,26.019223662515376,24.08318915758459,33.301651610693426,33.98529093593286,1333.375,17.99668918286267,0.4777536507637435,1226.2574214909564,0.9196643266080108,1355.0,-259.0,109.0,1238670747.0,4.676516723870119,176.0,3.097458744834008,350.0,112.93615391947276,-54.58376383763838,-34.0,-612.0,962.0,77.26336086984222,956.1109521219428,-0.4534042244549142,1238670747.0,0.0471012104954997,20336.29316812136,721.6212213853343,26.800464427407285,23643.700928320173,-428.1015841956945,81.50014018444594,68.19874871702737,0.0857561913650474,6.420049986723489,4.107541759964965,26.76214319430964,0.003289722268395,8.702537698153824,-0.1011366768611781,0.7769584694427913,0.1515279607398288,0.9683465933219084,0.2415881789474064,0.8811387085139321,0.1562934270562578,0.0114442583405853,5.116857600107239,37.42472222536834,60.219148341675584,0.046228066771496,43.1093010627662,717.3342665577403,1.1246163303082155,812.7003456569175,0.002963918869057,0.0027677540262114,4.907795234669433,1206.252144170964,0.92581464739372,0.9613397672438264,0.042162313783253,0.9708039899663914,695.0463993091369,0.0027216013291257,31.702439024390245,0.0386615110053539,53.06620464009518,694.1439024390244,5.271951219512195,4070.4353658536575,0.0096033214702764,0.0034418304942167,441.7756097560976,0.538750743604997,0.7622197075523679,523.5191519933571,0.0029993795815686,6.079544259293433,0.6051660516605166,2.541396490184414,6.367427812792115,418.1350553505535,0.3085867567162756,1.420637518552307,63.822140221402215,42.35621737176781,719.1623616236162,5.441328413284133,4170.726937269373,0.0094111059919459,0.002721580860665,0.5307578287772674,368.3720331894136,0.0019337313032413,0.1805197501456298,0.0045722645960206,3195.231480870553,0.2459207608103671,2.4133236406938114,82.12912139892579,464.8846130371095,2187445358.409226,5.524637439709728,235.0553359985352,2.054207648739218,644.5050659179688,122.53067972758204,262.5195064298341,250.95118713378903,11.236102104187012,633.2689638137817,95.67879621489608,1270.571059805074,0.2740517499249907,2187445358.409226,0.0233411854413747,20395.31389835696,443.3583409003292,21.107062758659005,240746.03887943944,1420.1359918357896,296.03849389907833,309.0586368197159,-0.0214382999039109,14.026490114893225,4.970390042152369,91.58663642395707,0.0013196198283414,9.80696057843381,-0.1974197775768487,0.9396180629202396,0.0782890592731555,0.9225590851910264,0.1481307437294162,0.8194973156845548,0.0850588472293009,0.004326790816637,5.934612693192752,151.27428267969853,30.883443452085665,0.0232410772331482,156.19060458835438,709.8888593520786,1.0614839039851278,738.5117683228194,0.0088995579879399,0.0083918459297807,5.63757334894478,1279.6090526627695,0.9625815493590972,0.9806414987226796,0.0208764607018094,0.9854555551933762,703.1409281123462,0.0082711773046026,23.34351145038168,0.0222743429870054,158.40361502826175,774.5610687022901,2.245229007633588,1279.479961832061,0.0199298623803143,0.0084114546713014,702.6164122137404,0.6704355078375386,0.8455554068001245,692.3215712630472,0.0072504248496829,6.383045253479339,0.7734317343173431,0.5735379275683236,6.671360516144817,637.810332103321,0.4707087321795727,0.5599520703694122,31.62730627306273,155.92977001947142,705.079704797048,2.819926199261993,1507.9047970479703,0.0238489770861131,0.0083896814220216,0.7023179581795819,558.8229001640017,0.0060039771933203,0.3186170804473413,0.0033916374120946,12265.72007810997,1.0284020993731455,3.631882625952853,external
290858,,5,1,0.924231875132946,0.2975693280748881,4.410754799244533,14.82261235652115,15.132745950421556,17.029386365926403,17.26267650163207,18.05547008526779,532.1666666666666,13.699530812636317,0.6013411341777337,528.1147827359107,0.9923860621407656,546.0,-269.0,144.0,532053386.0,4.676008909741816,152.75,4.464883144933073,293.0,123.71533228676084,-27.285714285714285,14.5,-582.0,875.0,73.29986542318386,987.145759711174,-1.2650907213279858,532053386.0,0.0517650847321177,28283.669283097854,746.2715444526841,27.21442418073736,67235.25782617215,-1554.8553905380832,105.84376086835086,83.43055702427228,0.1116916524575649,6.332029006217325,4.0599287363611865,42.27737516176671,0.0058048127475811,7.967632850326619,-0.2126306817296016,0.9214361954983692,0.1898203770029831,0.9594445265488954,0.2755479829269886,0.8803019929781447,0.199628528133581,0.0194667930319426,5.016948664294223,47.318579473155786,25.74459118971138,0.0495986923900745,61.39405282409453,745.8401463194425,1.1713481350996473,889.8865244367591,0.0105287129787002,0.0102687603333163,4.953027559053997,472.1406957573447,0.90884815010806,0.9501267962806424,0.0608857213212635,0.963123152076202,714.9191253462487,0.0102108748449466,10.579288025889968,0.0342371780773138,84.05575978466919,683.9093851132686,13.482200647249192,11270.776699029126,0.0320040150407143,0.0160618191432005,186.76051779935275,0.6044029702244426,0.803110816053916,525.0198111478599,0.0155383324248779,5.953865544891984,0.5659340659340659,10.359945957834544,6.341520182986615,147.52747252747253,0.270196836130902,2.3551905969488387,28.263736263736263,59.28042775295523,750.6043956043956,7.6300366300366305,6341.172161172161,0.0190914122979916,0.0098267130425112,0.5124348020649041,345.1695449019046,0.0089167076631835,0.0703618823159206,0.0110449024210737,3170.4020400100444,0.3915111204680829,6.450794301980846,63.61133766174317,562.1430358886719,939525936.0724996,5.784792399159259,317.945426940918,2.2393844982840534,825.145263671875,161.48603127051948,298.06864542489524,279.70094299316406,7.516648292541504,817.6286153793335,125.03758708516231,1311.7711205314197,0.4105423871239356,939525936.0724996,0.0204551248507292,35761.26442503331,580.3192566061286,22.67912631102892,1152377.469152612,10002.206399426448,614.4355697994165,355.3269116243949,0.2699497354004856,14.861719361278483,5.053964121475441,118.02258094314364,0.0021342703210422,9.053291012806454,-0.3880085017196513,0.9935352311501016,0.084281090642631,0.9429719592501926,0.1514728637490901,0.8445595834787871,0.0903652309826617,0.0077604143492818,6.2507912881402525,242.4406203559529,10.841042092362729,0.0202995284743768,272.65282190502865,987.93966192244,1.071631765019097,1026.0662059980982,0.0156743790220437,0.013661556295668,5.885859191359699,512.1787458532784,0.9584306273468246,0.978021978021978,0.0249054582203353,0.9836666339374408,979.337044743232,0.0132079451101899,8.082125603864734,0.0195220425214124,263.1920931643679,1108.6811594202898,2.502415458937198,1771.570048309179,0.055087820221732,0.0097592856656895,271.5845410628019,0.6560013069149805,0.8370278113258186,1003.14781266774,0.0052596833015297,6.508256961196542,0.7582417582417582,0.763074984247007,6.765960592587654,245.018315018315,0.4487514927075366,0.7723704866562009,11.168498168498168,273.22991050463577,977.7142857142856,3.241758241758242,2032.311355311356,0.0790028112329249,0.013979894792795,0.684278830579851,790.953410528436,0.0053230143870281,0.0922372969763475,0.0088710568766229,19252.77524366585,1.3465099595616077,16.294306044438542,external
6447946,,1,0,0.9078957679867736,0.1584029506762125,2.94556443993669,18.595388705590743,20.0,19.0,20.615528128088304,20.83266665599966,644.25,16.882674709874884,0.5337086844051456,675.9005601315434,1.0491277611665402,663.0,-396.6,17.800000000000068,469731255.0,4.557605577944148,256.5,2.328972460078503,62.0,126.89569100641766,-172.37254901960785,-167.0,-594.0,656.0,96.76732144324812,841.7206171201154,-0.4300763943522332,469731255.0,0.0495371602638038,23526.39966876645,488.754325437511,22.18862147770108,25983.81100913139,-533.9449837757392,83.5202490136415,98.66986495152092,-0.0588684583182433,8.187842492188249,3.810178199137452,17.79472868840133,0.0084086266469904,7.495042491647114,-0.2795181867951528,0.9537904848124966,0.1342680491764694,0.9156050199287158,0.2121966843620541,0.8071498035204985,0.1292409928030814,0.0282179618459973,4.80215504435067,45.54752849129059,30.49022852856784,0.0482958185511987,49.24170310726514,466.3546477138112,1.2253130070381784,609.8216250458311,0.0070697820582936,0.0065849864383802,4.773212016866817,584.5653850704093,0.9197126934644352,0.9494140851606916,0.0918173307928172,0.9644611276111714,444.44059297490446,0.0065042650431856,14.373563218390805,0.0413033425815827,47.88492535341524,371.4712643678161,13.841954022988508,9805.574712643678,0.0307339013968187,0.0098479698903128,180.11494252873564,0.5175716739331484,0.7461016384061423,251.1016215107564,0.0089914277111804,5.860655259785899,0.5248868778280543,10.212272096710263,6.326332938442843,168.24585218702865,0.2537644829366948,2.001683467214476,32.84313725490196,49.16005450793846,475.5233785822021,7.361990950226244,4670.346907993967,0.0189683625126666,0.0063348658831658,0.463154774730405,169.0357336780866,0.004930916668057,0.3034893730233267,0.0051908265444363,2342.8193671634235,0.7017679700604996,2.0776713462464707,43.62616043090821,402.29521484375,1068671257.510398,4.898176941453112,245.8589553833008,1.733797893224801,439.50823974609375,123.48029832121686,262.1901710770608,312.1233825683594,5.244044303894043,434.2641954421997,103.55684916736374,1269.59528325904,-0.5074999109279024,1068671257.510398,0.0438770704940521,18748.155310061968,393.6398150777943,21.17153161135148,180059.39847005892,-1849.9061235700576,225.1990683458366,448.48384388783535,-0.2745752069544307,17.38628642700769,4.247670048775351,55.00741937847842,0.0058173918846581,8.024829741842224,-0.3432386342375617,0.9814622446873564,0.1101786290884935,0.8057365542741567,0.1648812835745641,0.7268617306300567,0.1063357170779361,0.0198540147280057,5.114617228159726,168.4207280584181,27.410376132583924,0.0430735339533049,141.6863966017987,689.6683153430901,1.17557713260128,821.6995391784277,0.048597960304603,0.0340257024462001,5.079805736655088,594.7836922258281,0.930217533786424,0.957767722473605,0.0701317346067419,0.969835827790726,668.3353633444071,0.031686531577366,12.662125340599456,0.0345017039253391,119.39044762378516,660.8719346049046,6.166212534059945,4549.318801089918,0.6048227489358868,0.0158943626668016,165.95367847411444,0.4521898596024916,0.6974577994875034,450.88952703925054,0.009173056380573,6.332976661956715,0.5535444947209653,2.902627534542538,6.506272563571264,192.79185520361992,0.2907871119209953,1.2317156123384496,29.09049773755656,143.7608976065191,691.447963800905,5.633484162895928,4064.316742081448,0.5082961963137831,0.0361927753859108,0.4672071392659628,308.07780542986427,0.0079138634255215,0.3728075722862372,0.0024700100468868,9303.77260893557,2.4532436331622907,2.6237434129122708,external
52708,,5,1,0.8240146150973864,0.1848645938624678,4.840124961156683,26.18200089064945,30.01666203960727,24.08318915758459,31.304951684997057,34.61213659975356,1778.5833333333333,21.57435138638794,0.4938955232512615,1437.3587608099976,0.8081481108428981,1816.0,-367.5,72.5,1528683604.0,4.716436222243138,226.0,3.262513321743515,263.0,138.2998481437637,-98.67070484581498,-42.0,-724.0,987.0,96.39667334502045,917.4890329320896,-0.9963702618870732,1528683604.0,0.0484302528673174,29391.62724752082,1010.1295808841156,31.58652213856504,61831.25759385836,-1574.203960826742,124.928078405787,76.78236023400464,0.2110982674141405,6.240170735673424,4.059238083027188,35.79038390390492,0.0045110300296745,8.495313208646438,-0.1083320807332774,0.7673256122257197,0.1846287748961336,0.9684821893601104,0.271822743230865,0.891188888810334,0.1901010784842096,0.015864824772205,5.162538329436725,50.4276096599479,80.44219019534206,0.046712905648892,62.41954784775733,951.1149392092392,1.1739577789189115,1151.8887719474658,0.002630991126838,0.0024489763148245,5.0170879280740746,1557.659531703469,0.9040466037600526,0.9482802439850896,0.0609091831808902,0.9615194005668944,907.055818692228,0.0024079831574715,31.233879781420764,0.0341353877392576,74.28937979635103,814.3672131147541,18.098360655737704,22256.28961748633,0.018116941333978,0.0035945951697638,459.0677595628415,0.501713398429335,0.7360581663275924,570.0215790374838,0.0031702839111997,6.365375983953076,0.5038546255506607,14.159328734808446,6.544772214714386,455.8094713656388,0.2509964049370257,2.067295843117468,87.94933920704845,61.22410408459314,961.455396475771,7.564977973568282,8793.92345814978,0.008686757590892,0.0023764847322354,0.4476375630505914,366.1695827621563,0.0016999719484839,0.1830158621898129,0.0034084447838321,3511.515889499292,0.3118707562793461,2.6338570408481736,60.48862838745117,393.4822082519531,2731572772.2900724,5.296729189389773,217.7463531494141,1.91273861379502,554.17822265625,108.23304511726909,220.06558927828,217.31285095214844,8.631338119506836,545.5468845367432,86.59588538072813,1226.446096978621,0.1967208508773668,2731572772.2900724,0.0272019154262648,15609.98665313654,345.57068165091584,17.86998448525735,178535.2124987288,1032.7779568952826,284.26498825318816,182.5720375102613,0.2118808113612674,10.671102606046544,4.619655158291373,56.21882481302869,0.0015412997249726,9.696617552907131,-0.1432449598215476,0.8713027813135987,0.1072038595566849,0.9361564489400912,0.1834562715939012,0.8361470723322916,0.1120460231326394,0.0056516153212474,5.917045222147007,116.70925644086242,47.4753150305928,0.0269495534556143,118.80583473092722,515.2753706464299,1.0975012039927363,544.3154884494384,0.0157139036274132,0.0139941698768248,5.469077719293732,1661.9840961846176,0.9427661774381876,0.9700101660454086,0.0334018958355587,0.9774449472141398,508.55675080779616,0.0135984663046554,32.201946472019465,0.0261167449083693,110.98806476926428,593.3479318734793,4.819140308191403,1266.0900243309002,0.0953687307286086,0.0130718202447776,745.2854825628548,0.604448890967441,0.8056621230573415,506.05368146028144,0.0108127412572243,6.35643400933315,0.6789647577092511,2.64991064198978,6.741589304083833,672.8843612334801,0.3705310359215199,1.0847435424712295,49.39867841409691,119.2260665717363,508.6580396475771,4.252202643171806,1320.375,0.0777435194785576,0.0141038976992879,0.6066199947306382,367.0125016732097,0.0081717965150708,0.456636276901505,0.0029810466264896,6919.880240579371,0.7341872026076555,2.58548689719763,external
6022000,,1,0,0.8753398083254388,0.1388465728522525,3.610915376356137,26.00651425655665,30.0,26.019223662515376,30.80584360149873,30.80584360149873,1472.8333333333333,22.76453720454709,0.484863401582891,1291.1215310576713,0.8766243279785026,1498.0,-321.29999999999995,39.0,1259409323.0,4.325287146451924,167.0,4.398071544936358,229.0,116.493454557122,-95.80574098798398,-45.0,-593.0,822.0,74.00302551093627,916.9117650642388,-1.4081551994816397,1259409323.0,0.0678501464346765,23159.926882928903,647.6340166481609,25.32869455675512,55373.56391050382,-1479.0168792522293,97.7590020285947,74.15772006675279,0.1334407586280968,5.795230186438138,3.731461387297186,33.216556402879355,0.0108459029300812,7.393284805646905,-0.1920176611311828,0.8544820460589769,0.2343234542970883,0.960189243961858,0.3142265830014021,0.8854179252328971,0.2213471239340876,0.034038513113222,4.8163260855872805,42.97918052383686,87.32190240769779,0.0635370608955415,49.05837804058813,618.6394219397639,1.407237552632714,922.7848029678293,0.0088869654054523,0.0072198955067738,4.752394902771486,1192.986942079376,0.8590677080527291,0.9128068193488754,0.1635597385762364,0.9366443548087636,572.0522249943556,0.0069265520595107,22.984466019417475,0.044630031105665,52.005640493920254,493.5766990291262,123.07961165048545,104753.12038834952,0.1906657420154262,0.0111409379919387,206.1184466019417,0.4002299934018286,0.6572359485317085,304.93727115409143,0.0085789150571136,6.370030344506002,0.3437917222963952,114.61885568856631,6.628027898780254,249.2576769025368,0.1663936427920805,4.298525314571632,101.63951935914552,48.17127108507828,630.5654205607476,14.97196261682243,11526.039385847796,0.0548472019703557,0.0069421538499267,0.3013479597052445,151.6477299385508,0.0033523779375484,0.2795062511141919,0.0027927449951721,2858.176472766019,0.3071806427187981,2.165489329192159,35.54679718017578,370.0445861816406,2254416767.9238534,5.033075010081704,243.3278179168701,1.5996465720874866,439.2820739746094,114.53336003620308,220.1127074974401,259.2935028076172,4.123105525970459,435.1589684486389,96.63782049385,1226.7644897998205,-0.2753855425332297,2254416767.9238534,0.0340124170901656,16276.09443708024,316.9827370004631,18.118879694805848,154009.6387895956,-557.6281330228151,240.2115589578524,288.77403997030075,-0.0702895100663602,13.591073350142404,4.250587011510996,48.33640143313091,0.0033379342054089,8.773115514285742,-0.2314754989819278,0.9340372437621756,0.128975862144296,0.8616122280975623,0.1903281914262956,0.7705562993505116,0.1289684197374642,0.0111928108752205,5.523384640285688,132.24639973203827,48.071534710584686,0.033669895463669,123.2382200084454,515.4172213239895,1.1887930372468736,605.3920304681039,0.0366832007745686,0.0288799360049514,5.257552592964936,1318.168617117026,0.9165334075801918,0.9519872650713772,0.0679179068619306,0.9634940826290972,496.989070940021,0.027671548437703,23.033898305084747,0.0300311581552604,111.65107965642736,521.3572359843546,7.567144719687093,3271.073011734029,0.3568275052176615,0.0266483144182434,332.55410691003914,0.4335777143546794,0.6845623659962685,342.2612864027793,0.020822661587814,6.657810518909504,0.5120160213618158,3.752686179751788,6.91799339825138,391.07076101468624,0.2610619232407785,1.3989458129308143,50.95060080106809,124.3524597104105,514.0327102803739,6.453938584779706,3025.772363150868,0.2682662497934033,0.0293371997420143,0.4328266108401527,219.2925258583629,0.0126653776419721,0.7388324639888768,0.0018379697551203,6437.154944411815,1.6573016512161245,1.3238563559020284,external
6250396,,1,0,0.8241372950164563,0.2177692149942663,2.8569743683577338,13.119275690243708,13.0,14.0,14.866068747318506,14.866068747318506,287.7083333333333,10.8120843799326,0.6298796182642677,334.6017409912432,1.162989396638644,298.0,-365.6,2.300000000000012,208199977.0,4.339748937997533,269.25,1.8853404864638457,23.0,129.17688392414755,-177.14429530201343,-183.0,-527.0,550.0,106.69324200268342,835.8574285962871,-0.2347713686034377,208199977.0,0.0600873834511958,21566.13018557723,343.21888941368513,18.76332302605059,17262.5700946856,-264.9159988082687,71.50686237318433,107.24297829680776,-0.1635125172341118,8.625899774001407,3.762820435415557,17.16633642700557,0.0118939472384421,6.8935374088662735,-0.3231110534430072,0.9636452203628212,0.1355100849781453,0.8852067514387503,0.2097092284482567,0.7779778542656278,0.1295800797970389,0.0351295345255015,4.633599662583049,44.68746016749802,16.37522281259114,0.0575389900540425,43.93988336611127,339.91165397063446,1.1947377702856294,440.24941806431264,0.0122494563750701,0.0115213696925203,4.551807135210398,262.73520703034234,0.9192565381124193,0.951729478575116,0.0736644042022051,0.9649053239872044,322.866004755551,0.0113692497479716,8.017964071856287,0.048011760909319,35.9835777546703,265.49700598802394,10.838323353293411,6111.053892215569,0.0403072374818593,0.0159751481744645,87.562874251497,0.5243285883323174,0.7511362460264656,187.12914578250903,0.0138804514452168,5.466918964681686,0.5604026845637584,7.654128868012479,5.856441989292292,81.32885906040268,0.2729156344308815,2.1967028512229176,17.906040268456376,44.49425701544975,348.51677852349,7.281879194630872,3809.402684563759,0.0305760447635484,0.0111223443196516,0.4885932292380039,129.81385989742654,0.0082396160038857,0.2404476020216721,0.0083260907389176,2117.871911404381,0.8393633504349244,3.201060815393716,38.84064064025879,396.3260223388672,476446092.5923136,4.816826429797427,244.20192527771,1.7941152332570576,419.0617370605469,119.65803673280143,257.23559577033024,316.9306945800781,6.964194297790527,412.0975427627564,99.60894267662258,1264.4415333456009,-0.6005165436310259,476446092.5923136,0.0441871987748299,18171.047977397386,371.1146503733264,20.684745901913384,163174.11465537507,-1497.9045488979823,211.6408840495707,441.71710055889247,-0.2997966836324008,17.60660298646801,4.064863350911284,42.995493563272056,0.0075295487375605,7.412624097309954,-0.4269293827753405,0.9909541655893144,0.1004732552238249,0.7897171260957426,0.1536754267433734,0.7117104803153912,0.1058312741441134,0.0228384757448684,4.814562945541992,163.33949615211574,12.511368446714332,0.0433480463816482,137.05177637952698,663.5000319978808,1.1196130533384878,748.6775548187584,0.0287185809419683,0.0249792790298137,4.954623961780556,272.79374530822054,0.942237152360264,0.9672173464119772,0.042106036110564,0.9755463503689696,646.3326196929623,0.0242565158213134,6.642105263157895,0.0349584487534626,122.19725761772854,627.9736842105264,3.8210526315789473,2683.8526315789472,0.1126400302038004,0.0241491395715398,98.73684210526316,0.5196675900277008,0.7481559860298896,450.04378252923976,0.0185683737781002,5.996881332547839,0.6375838926174496,1.3611080332409973,6.071105511730982,101.56375838926176,0.3408179811720193,0.9513535426332146,13.167785234899329,138.54074140804468,665.0738255033557,4.382550335570469,3008.496644295302,0.1415571253642132,0.0251769671799582,0.5492757270693513,340.5538842281879,0.0135235207181027,0.1820881940965265,0.0054596724791139,8741.08466701526,2.664805781779064,5.197240524591246,external
5176403,,1,0,0.9376947684128858,0.1577915533656534,1.8855527652175923,11.949643215997526,13.0,13.038404810405298,13.601470508735444,13.96424004376894,181.2083333333333,11.205117928041412,0.5546177326557125,279.2174034273406,1.54086403362984,191.0,-294.0,30.0,155324363.0,4.259085777228381,159.0,2.3439429235663494,90.0,98.0843726871522,-106.08900523560207,-79.0,-376.0,466.0,72.58661198684267,901.7852073578408,-0.587065180462909,155324363.0,0.0583043227981689,14139.693648748664,223.0421897863866,14.753149132672029,11994.086181863178,-361.8585722087242,61.8144035827902,40.32319985062294,0.2195128475647485,4.901840335453574,3.505910236467427,14.58680115208908,0.011172303693689,6.700851197236758,-0.3748689176331587,0.9752442551576752,0.1969528457973848,0.9377764025157488,0.2875371870031633,0.8399138234672432,0.2082933699032916,0.0281417059159696,4.569505321674009,25.53440085835329,10.517664264450328,0.0576223073959321,30.15006582041659,212.23738311855155,1.1630593927656043,258.1642275286649,0.0256985315152949,0.0247761477852047,4.430430080160054,168.72898225760855,0.9210538649817462,0.955296012887636,0.0587915150730998,0.9671800284475772,202.62485701425084,0.0246087389989428,5.886792452830188,0.0555357778568885,31.321555713777144,167.06603773584905,5.858490566037736,1566.5471698113208,0.0623476164219419,0.0381355231684381,50.84905660377358,0.4797080811676753,0.7199593815513627,97.0192859014675,0.0359481347395663,5.148700205000929,0.5549738219895288,2.6116945532217875,5.588858216106356,52.09947643979058,0.2727721279570187,1.4343905046462542,11.13612565445026,29.844741098105857,215.717277486911,6.109947643979058,1708.1465968586388,0.0489055026487756,0.0238653511813526,0.4752254217568353,73.22295375218151,0.0205085296782177,0.1105274161030848,0.0305163176291059,664.1784444873074,0.3965291751878096,5.481915641672596,40.63557434082031,419.8794555664063,291085995.7229854,5.216904328255219,267.64210510253906,1.686674430633335,484.9201049804688,123.70483639202294,226.40404874242407,215.4280548095703,5.722761631011963,479.1973433494568,102.1822449764278,1234.50818094148,0.0969800156751438,291085995.7229854,0.0303445629231654,19943.558039631687,334.3593821195702,19.913275742644828,192173.92088512736,1358.4939955781197,228.6590740195123,479.8404080272597,-0.2808585864403048,18.02476353999964,4.300019107935649,68.89373150435064,0.0079900647504407,7.142258488522875,-0.6001794416448163,0.9986587694794956,0.0852272465877628,0.8236905774648977,0.1434572324927494,0.7360364783704194,0.0863609523906688,0.0198987700832003,4.98999328441682,177.12487051169305,5.557540175961928,0.0298766390578965,151.4988768123205,568.9938588447633,1.0984518554099287,612.8623203069803,0.0284202712217764,0.0243210861931637,5.306723636990892,177.7030391058045,0.9532749841362655,0.973016512283528,0.0363973784181962,0.9805456252387936,560.5161407415444,0.0235322396316162,3.631578947368421,0.0273051048674317,135.58799253773532,636.2706766917294,3.4962406015037595,1434.451127819549,0.1673544657663959,0.0172566540399942,82.77443609022556,0.6223641811295155,0.8162171095783536,550.6833600012427,0.0128771162184788,5.836822943408602,0.6963350785340314,1.433885465543558,6.091545485574123,74.70680628272251,0.3911351114278665,0.8795263287738821,5.795811518324608,152.72854362544888,565.3926701570681,3.774869109947644,1875.5497382198955,0.1411528931177062,0.0247973542139973,0.6280817335660267,407.56529959278646,0.0111903418394327,0.0949843589540437,0.0152522556777614,8487.594727579894,1.8332465966355849,12.85986705136907,external
6274191,,1,0,0.6841998238777336,0.1795367436749625,7.101881357877486,39.55670138885272,36.05551275463989,37.01351104664349,45.22167621838005,45.617978911828175,5317.0,27.064688123437133,0.5602877608122374,2629.364302145903,0.4945202749945275,5354.0,-256.0,40.0,5001950925.0,3.293780128847064,76.0,6.394240907062413,71.0,95.02462167170944,-42.23178931639895,17.0,-700.0,771.0,49.619283564624745,966.5638089387028,-2.0279250862713494,5001950925.0,0.1938877631769348,16925.651354026584,1004.6566999349604,31.56653481720804,36695.17362382751,-1205.7389780463748,66.6150409227127,34.14831236198089,0.2894434844411541,3.0377205613101093,2.9233405063893154,23.80210483723819,0.0763690199749186,5.433426163027817,-0.1093773669188951,0.5591301738111949,0.5114625783756191,0.9781440561327752,0.5482991184006024,0.9341895834229904,0.3598585031171376,0.1949910925407577,3.870743697346733,25.19083832117339,514.9489432760955,0.1307144270360503,43.13154223636212,911.1542579440212,2.990077763429263,3152.0141984730726,0.0037653582654899,0.00194207047672,4.683121219101539,2470.741265932179,0.627821283188069,0.7260136202982673,0.9997751614117434,0.8182581420748481,708.8914903259582,0.0017686577710775,51.59063829787234,0.0439069262109551,49.04980425531915,604.1234042553192,4458.148085106383,5059325.734468085,3.936818884066073,0.0037193414091079,621.9106382978723,0.5292856496152105,0.7558636940091669,426.1562176464031,0.0031849876058915,5.939202577938154,0.2194620844228614,4437.385520325939,6.53081419805075,373.12364587224505,0.069690632400494,35.1158286202043,1038.075084049309,35.3255789679765,970.8124766529696,101.10945087784832,114586.99364960776,0.0908375766063501,0.0016543155837458,0.2014746252728864,123.90744087767432,0.0007615609938799,0.9863652253728484,0.000627040904617,1501.2912231358644,0.183842407664011,1.105296562072212,8.864251708984376,418.0334838867187,7405930507.070959,4.663459489904828,313.28097915649414,1.7103840950232916,517.0422973632812,146.09410682667092,164.8405465049489,102.2351188659668,1.2247449159622192,515.817552447319,125.43831333697707,1176.1172854282463,0.5514409619816456,7405930507.070959,0.0761671003382624,26398.370301159925,227.63964482723983,12.11160207676238,547733.3561998189,7602.025781666713,501.7771449146038,184.24558926133915,0.4369779169885911,8.9853853730401,4.147545129134268,85.73327043241859,0.0239058935138036,7.945118096464595,-0.1870531011163962,0.8567272136010082,0.3119046417533391,0.9323358537735428,0.3596270692074776,0.8621886631707075,0.2298429280189894,0.0867319803641732,5.500268158914612,171.50568354398578,226.61896935013408,0.0501089038837383,199.6830508918882,486.5693473224879,1.863792725205386,563.1458771097549,0.6225826622306403,0.1633790656242323,5.49948742508714,3480.133509826809,0.7703802945080704,0.8386827964713658,0.4156352398857155,0.8970744930495151,473.0145926831374,0.1138274129650346,55.03153988868274,0.0255248329724873,138.1869027970439,652.4624304267162,847.4155844155844,6487.323283858998,469.0414164017187,0.0129363104072487,1174.3877551020407,0.5447067509749726,0.7665330204809555,502.14406278319234,0.0083646636596824,6.605969437680449,0.4026895778856929,841.2487935467659,7.233501774344225,782.659693686963,0.1461822364002545,25.8793393381744,407.7986552110572,201.755011980332,423.7338438550617,52.85954426596937,2393.8933507657825,30.216182030303028,0.220563843251114,0.3576895069474224,230.3528929654676,0.0075689480439184,2.9976880405566053,0.0005712044083358,6722.486364043822,1.3469728199597937,1.12397516222522,external
6353149,,1,0,0.779078848722763,0.1144879107938987,1.944287998799792,16.982474265775547,14.0356688476182,18.027756377319943,18.027756377319943,18.466185312619388,326.375,13.230686499444362,0.5163547976691834,443.9633956703589,1.3602861606138918,339.0,-444.6,25.0,251322571.0,4.620732971683922,242.0,3.106543654398461,63.0,143.67549882092916,-157.50737463126845,-108.0,-704.0,767.0,103.30005769566208,861.0252703749112,-0.9896429911043176,251322571.0,0.0497472176538665,31570.69242349092,753.9230074391136,27.31013642503025,70312.31060299494,-1679.3609665155575,134.5248488706357,102.5192927117988,0.1541910970961572,7.6119956383750225,3.971283276206704,33.30070907181106,0.0082356540929688,7.302493490859675,-0.3712738336386104,0.981445357746182,0.1661940635941609,0.93597942143436,0.2464000465982052,0.8430144152183018,0.1623349087132783,0.0243747265923697,5.020147096472438,59.26103539560862,15.490651825095355,0.0481236381272749,66.45641540318748,744.6102999521788,1.2329753181793364,974.4593070512534,0.0065364891265279,0.0062218981978987,4.843792464097393,296.1727535844785,0.915956680319884,0.9462219196732472,0.0957670668907457,0.9634447932123557,709.684849660366,0.0061666694721024,6.479768786127168,0.0374553109024691,71.50115272812322,596.5202312138729,10.676300578034684,10735.393063583815,0.0212202360726195,0.0101209333252785,88.36416184971098,0.5107755020214507,0.7394717107480263,388.95165968699627,0.0095147022558279,5.877769377921111,0.5103244837758112,6.836513080958268,6.280242764354601,81.84365781710915,0.2414267192245107,2.180645834964889,16.864306784660766,65.69093551222143,758.2035398230089,7.932153392330384,7726.480825958702,0.0147736417333031,0.0059368152087097,0.4501882918577679,259.5346914193406,0.0049944388403711,0.0756711384235283,0.0127958716993175,2719.8691502948923,0.613965621346585,8.081903295366573,75.92658996582031,433.4830383300781,569998466.7812761,5.109051099817707,239.46792602539065,1.8536091053767416,536.0641479492188,119.47737407119196,289.5145990911838,320.83447265625,14.866068840026855,521.1980791091919,97.78344927433912,1296.6924872283494,-0.4711670440593096,569998466.7812761,0.0361030621035319,18563.505165146456,542.7862587921394,24.13979537253556,179792.95949670192,-1568.7987156238876,226.6840604912112,386.7178085396367,-0.2378462138460058,16.01937643517164,4.259332060624134,53.469291825968334,0.0058475180852837,7.701297565761488,-0.45817013090602,0.9948019917037472,0.1066854037406058,0.8638390604424611,0.1656033767012237,0.7681247943949188,0.1043933330230375,0.0186579722452969,5.145904945665794,153.35046725771195,11.52960225169547,0.0352977148406252,141.98628117823836,749.8870743085398,1.156089015740201,890.8459648097719,0.0179730342364852,0.0168879446745653,5.2576544879586,307.1492102600747,0.936781757431862,0.9616519174041298,0.0627952738333652,0.9728639060218768,726.8397360685799,0.0166617942535961,5.9365853658536585,0.0289589530041641,140.1259726353361,698.4682926829269,6.385365853658537,6242.443902439024,0.0483829074932575,0.0219619371096569,109.54634146341463,0.5343723973825104,0.7588783322214526,521.6723953686424,0.0195707017098818,6.162907892968995,0.6047197640117994,3.6507792980368814,6.5628166031398605,104.08554572271386,0.3070370080316043,1.294976549107648,12.238938053097344,141.8735131090053,755.1297935103245,5.283185840707965,4666.88790560472,0.045830638430993,0.0165012553200145,0.5273119218188751,367.97722474732274,0.0124529070840818,0.1153995683249119,0.0074505161447086,8275.455868959829,1.6275656776088356,7.560828838173409,external
6316584,,1,0,0.7840042130049775,0.1440902010774016,4.73501752935748,32.86148186311397,31.016124838541646,34.0147027033899,37.16180835212409,37.17526059088221,2796.0,25.763540226268013,0.5081965682971294,1888.616767612217,0.6754709469285468,2821.0,-249.0,41.0,2596536888.0,3.759130613345041,110.0,7.143065643033883,758.0,97.13321130162562,-50.07940446650124,9.0,-711.0,1469.0,55.73580207788417,959.3911442160291,-1.5094798813250248,2596536888.0,0.1349265478778006,18082.22978142486,1060.5048087445218,32.42031778637907,46668.54288606722,-870.3144277490738,72.73089950805303,35.543609266842104,0.3238670742343634,3.512427749742644,3.2791338359107387,21.98496550945401,0.0443203486228039,6.238035782651385,-0.1427937418368649,0.7070989033857737,0.4113205943477755,0.992722675287171,0.4666147860331363,0.9546949837755896,0.3202676246065217,0.1423300596782698,4.32212030945591,27.06862719372379,228.20505188618893,0.0986836067998074,43.37550170891133,970.3196700286134,2.1505889789389574,2330.5276813931664,0.0035045897831959,0.002513289195115,4.730019017994673,1670.877715466194,0.7215973040312158,0.8080058898917459,0.5379199737009916,0.8704290403253012,818.4675494712804,0.002399155633614,31.563157894736843,0.0415304709141274,64.01364958448754,697.8605263157895,1210.3013157894736,1454497.6815789477,1.0130216584049057,0.0055091950979483,424.6578947368421,0.5587603878116344,0.7747089702731981,499.839694569848,0.0051768169648086,6.028912419576895,0.2694080113434952,1196.523543975069,6.579585200800262,262.8468628146048,0.0931750665773147,23.33740250898431,380.6277915632754,37.77914288202336,1012.7415809996456,59.23963133640553,70874.44310528181,0.0511082816909003,0.0021761016884657,0.2543627652435425,179.75757638565742,0.0014501630549872,0.2624353008692289,0.0015242742407,3465.1780070099408,0.091439806150985,3.976734227034959,15.819292068481444,392.4031677246094,4006062086.88114,5.121125126850232,274.1890869140625,1.6812670197697843,509.8384399414063,130.9499509941266,182.7758271666082,155.5417938232422,0.7071067690849304,509.1313331723213,110.96528525402192,1191.6735358228582,0.3411499401856111,4006062086.88114,0.0370798542002987,21127.15865089876,250.7879259678816,13.94604458756409,344791.3209791816,3669.674857535643,403.5274124630757,183.45432746403625,0.3655657452265379,9.463681113464254,4.3701837804317245,75.93611699874013,0.0052589266701008,9.021220210192116,-0.1684049588163468,0.8518309807456923,0.2005861465962584,0.929521634743008,0.2695262021401785,0.8497074087257297,0.1864236448246573,0.0368781294221499,5.910326612762511,146.745434981778,85.74996737414017,0.032818385652025,158.90692226086233,456.76217737375697,1.3403965414667454,506.7898011160245,0.1557411349442589,0.0822898418694034,5.514927013309339,2286.0127790841148,0.8731857188288227,0.9217953262618276,0.1444197975303686,0.9459927151865316,446.8828851052404,0.0711013597263571,34.245053272450534,0.0260616843778162,123.65988106076928,627.6179604261796,95.72983257229832,2509.84398782344,25.368456569078795,0.0173109304136926,659.1613394216134,0.5016448549631761,0.7362285850829239,489.1411665918277,0.0094375335568177,6.705712440083252,0.4657922722438851,91.1207398835628,7.234308302832719,572.5625664657923,0.2029643978964169,6.503675213535592,104.6022686990429,161.12769562257847,432.4952144629564,15.704714640198512,1711.4530308401277,3.8090091928745338,0.0930792036212325,0.4091320281417563,256.2016931757112,0.0092994280435109,1.3105899349998131,0.0014750594762674,6116.354616634442,1.1790245953165757,1.6400348409058774,external
6012407,,1,0,0.909499562667664,0.1919592884905468,2.3058177090176786,12.012014251299073,13.038404810405298,13.038404810405298,13.341664064126334,13.379088160259652,209.41666666666663,10.924921708314251,0.6107663528146698,279.22213863093896,1.3333329341708189,219.0,-590.2,-75.59999999999988,111355289.0,4.9260080012307705,327.5,1.932768287998536,5.0,170.94464252204918,-314.6986301369863,-282.0,-745.0,750.0,135.16218775510205,713.07197341461,-0.3215296238375746,111355289.0,0.0365088300911157,38833.6717332833,501.6125025590853,21.967680747394446,91204.68597122157,-1522.5967618491447,185.12626847651256,109.19348824519624,0.2723924519202043,7.89008312973046,4.153505409372184,40.65105657483645,0.0062690539878704,7.472341693223128,-0.4566704722211246,0.9935862139423624,0.1467476265084884,0.9297455469607652,0.2294842708314681,0.8346951647666443,0.154099184263669,0.0170193164347772,5.236763020570407,73.57993918042722,7.603301838935459,0.0359767331993498,80.7481228990971,478.4951022361046,1.1229818230666933,563.1802076920764,0.0162026620766276,0.0158085269376085,5.06306375791044,198.5214869447108,0.9381253926537526,0.9648753073410608,0.0457196493995559,0.9750403556576064,461.78986163009927,0.0157242200318697,5.0137931034482754,0.034577883472057,79.49659928656362,406.4827586206897,3.937931034482759,2427.572413793104,0.0296822861104326,0.0211953723168395,85.41379310344827,0.5890606420927468,0.7952452146860455,282.9624554360217,0.0200947419912545,5.642330018029449,0.6621004566210046,1.6567895362663496,6.075210135381633,76.70776255707763,0.350263755968391,1.7504639186005295,7.995433789954338,80.61379037134338,485.74429223744295,5.410958904109589,3643.972602739726,0.0269229640540157,0.0153568937870685,0.5881143804553784,224.78542810807733,0.0135971689184811,0.060867710585322,0.0258467197001971,2443.6460514577248,0.7396955345558539,10.956290333713458,189.626220703125,458.6247985839844,392292897.1010854,4.8793056620735085,136.80918884277344,2.27913412380028,490.6689453125,80.35613706657186,334.8684010266169,344.078857421875,105.3351821899414,385.3337631225586,59.89269847138074,1338.391485173477,-0.4248121455030374,392292897.1010854,0.0372177394132732,9418.119525508286,404.5382172128411,20.626010677349843,51327.77469659745,-419.55102772801297,112.5905942330396,196.4357477745087,-0.2384689101772762,10.55641990961172,4.292877433341254,64.40282695411308,0.0069663396605969,7.3492826968467,-0.4895552824934447,0.9954315413464764,0.1323550069544416,0.8821770416664655,0.2069184482213206,0.7932938395151242,0.1435135644481281,0.0185953046351773,4.812142182508377,77.25658550188707,7.833915926243356,0.0370229313907905,71.87854517982367,498.18314094335386,1.1236944360095893,577.3152299323567,0.018325488360936,0.0166123816348807,5.00633818180176,199.37852044207628,0.9392486312193552,0.9659290481208288,0.0447714210485243,0.9748577359995478,483.0270842457591,0.0162041376290678,5.0144927536231885,0.0363369040117622,66.23062381852552,433.8695652173913,3.77536231884058,2218.717391304348,0.049113682517296,0.016154040540166,71.26086956521739,0.5163831127914303,0.7462640901771337,284.2646437198068,0.0091614253895477,5.651511758366279,0.6301369863013698,1.2569313169502203,5.987173393821471,72.03196347031964,0.3289130752069389,0.941306478180188,8.150684931506849,71.96659786076188,502.67123287671234,4.497716894977169,2673.392694063927,0.057850367569071,0.0165503233460199,0.5408587011669203,222.1157242516489,0.007325288943707,0.0846298840337044,0.0185823320147511,3384.366766152509,0.935298423722727,7.614713157935649,external
501021,,5,1,0.6004012839594132,0.2925194180748058,4.624985118279716,15.810865305006764,16.492422502470642,12.041594578792296,16.55294535724685,17.916472867168917,392.1666666666667,9.4928638296354,0.6404141927812008,404.5792710268656,1.0316513498347613,406.0,-503.5,20.5,261729974.0,5.126232204214189,305.5,2.6144799128974263,201.0,166.8155257346696,-223.0344827586207,-198.5,-827.0,1028.0,121.60604328608444,802.9041713519641,-0.4129211407132399,261729974.0,0.0326506345701181,40979.69339222014,930.8739286501594,29.94052956630604,138142.22678953322,-1765.2742421736907,221.615848757141,84.6728480938619,0.4466788675692721,7.269125127688014,4.191989407264973,30.959428808145336,0.0032640094216934,8.459317311280918,-0.3215425228372196,0.9797082504209254,0.1286597647873212,0.9669033170949096,0.218104730868428,0.8768217122605579,0.1285904104458141,0.0109344474323283,5.667297024852766,76.57217421275071,12.725266611551024,0.0323783570804054,85.97726600018737,882.911785373313,1.1020213671213095,989.4915367004406,0.0056111873230198,0.0054607359166109,5.2794314585225575,368.7990408723702,0.9381718523085574,0.9679802955665024,0.0343307851571985,0.9758069777827224,857.6117055127781,0.0054245740119564,8.23134328358209,0.0307139674760525,91.87596068166629,830.3768656716418,4.388059701492537,4690.261194029851,0.0114386821271972,0.0072571280720644,155.2910447761194,0.5794441969258187,0.7896117939609457,638.882877466583,0.0068526010059895,6.054328068631905,0.6600985221674877,2.093060815326353,6.4866035538010856,143.04926108374383,0.3523380814870538,1.1295833434443934,13.25615763546798,85.53638768230242,888.128078817734,4.487684729064039,4712.522167487685,0.0100517564715204,0.0053328596559551,0.5846377048356288,480.92397573807847,0.0046369028565202,0.04558416398256,0.017491500063399,4082.8168251836014,0.4196251037003158,12.287250234938728,105.1041259765625,379.2410125732422,623164585.568697,5.121941780548496,154.95751953125,2.5598602997858886,541.9317016601562,85.3401281324227,234.49252537788428,226.4329605102539,28.539445877075195,513.392255783081,61.82413692733097,1238.9060262162018,0.3374013730980174,623164585.568697,0.0324201024048144,10916.346580953812,334.97832593353536,17.77063500645452,116341.96619256424,1135.9893056036997,197.60996047055565,121.04635951150443,0.2422202306568546,8.644922084595533,4.434770605414489,45.36392764240763,0.0030038452386678,8.54924611596963,-0.3152573344059146,0.9784675146308623,0.1105812275766334,0.9508843344822698,0.1957128796855924,0.8537556662452803,0.1195923632562831,0.0086969321898379,5.620704031752415,79.66407999551507,12.765860505259685,0.0322237916170782,84.23640913317766,448.1066572172485,1.076323252308868,473.1841289594283,0.0183088889952751,0.0172530086588711,5.241666354946195,377.578658959329,0.9529830284234896,0.9757483895414928,0.0257863524535617,0.9817830978355944,442.0839503332392,0.0169936422085677,8.597222222222221,0.0298514660493827,92.77039930555556,491.9375,2.8819444444444446,1050.236111111111,0.0447416153121833,0.0190273238543697,175.875,0.6106770833333334,0.8088153157675106,419.8369636410698,0.0170568434222482,6.01743274354771,0.7093596059113301,0.8946277006172838,6.279194959959439,164.44334975369458,0.4050328811667354,0.5974908393797471,13.16256157635468,83.65988012327405,445.2216748768473,3.2561576354679804,1166.615763546798,0.0519990675178496,0.0171741790339372,0.6346298576902025,318.6707888615216,0.0127725617772131,0.1142801176767628,0.0151686249022723,3857.6596725961376,0.5960816718541441,8.145171239353818,external
6412936,,5,1,0.5140257791608673,0.4492831302522984,21.314035175886573,47.44009676908527,31.240998703626616,57.87054518492115,50.635955604688654,58.90670590009256,16737.25,24.385432705196,0.6071768065311035,5211.447330470623,0.3113681955202093,16800.0,0.0,88.0,18417690554.0,2.759394664946295,35.0,15.328460265294046,430.0,34.62381791383219,45.39809523809524,58.0,-366.0,796.0,15.63178164401536,1047.0392086281977,-2.910130323377553,18417690554.0,0.2151316751700681,3433.926877324263,398.532362699161,19.897592929440595,3790.864410062879,-163.52357847975549,15.07211345702652,4.617299631443465,0.5224685604837549,1.275893382614393,2.0912270950899634,2.9738004708934125,0.0660277034043973,4.893649109610018,-0.0955376518025207,0.6047195991384928,0.5636200666358786,0.9967795325797092,0.5977196779492671,0.9683860116822208,0.4736984419502831,0.1310217863260299,3.376947358945785,4.922353272117494,2190.519684688644,0.1813328400258715,9.325001679449455,381.7732124056839,2.622290649557381,1053.96737715213,0.0088505351546734,0.0048231707171102,4.10797008426558,7084.758276390267,0.584846416812375,0.7187637362637365,0.6729179014534894,0.7925453327389321,296.43666019481657,0.004293944415949,106.09157959434542,0.0652068712933899,27.493489739260912,261.31837738168406,34764.20159803319,14416593.344191764,84.20896169480136,0.0171901936549054,704.2919483712354,0.4328776572656641,0.6838098465626746,166.5229041304271,0.0144756138936781,5.935192729985603,0.0968452380952381,34657.58042467896,6.288378639202836,1045.212380952381,0.0622150226757369,20.24840017006803,3614.212142857143,7.252080920493196,390.6214880952381,89.34011904761904,37158.90494047619,0.219311197907787,0.0041688922663455,0.0979018393072291,27.59610994544657,0.0015486621294154,1.8379367239419664,0.000442838298026,606.6446181339287,0.0110842817728935,0.5362286647703336,11.224971771240234,133.74162902832032,18514986974.491947,3.100698314738849,23.103816032409668,10.382039575671753,442.0333557128906,41.19439176627634,47.861238656668434,24.238399505615234,0.5,441.5333557128906,15.474210251629913,1049.8011992779743,2.711394569862008,18514986974.491947,0.2050862315759637,4069.3825263855706,29.336860221611097,4.032488264317706,61529.04068995769,1722.836447577254,69.66467024902985,17.44837990693303,0.5887492883595256,2.1291820620523545,2.6034251835124445,12.853236128751709,0.067951519495377,5.422491219373232,-0.1052076480374054,0.659040198394664,0.5157896788941355,0.990011631400943,0.5547018484780566,0.9539818388994884,0.4297973962568031,0.1711924249895435,3.672345202833664,21.778262538990703,1939.3705835994133,0.1555550828667858,38.6411220928371,68.10323218129061,2.469773542814587,80.63602182698752,0.5827141664289264,0.2233111587539892,4.419486095007296,7851.786624299529,0.6294348007060907,0.741959706959707,0.6505252342225909,0.8211325930753597,66.03539143559694,0.1783821307807194,111.25332826169648,0.042317736120843,63.230091956454345,228.45378470901483,20618.235070368963,113206.40623811336,4910.139478700256,0.0585718546440282,1341.0053252187142,0.5100819038488833,0.7422912448638964,186.4743188777004,0.0426221266576796,6.231070142989383,0.1564880952380952,20577.39961609696,6.324459181658066,1065.682380952381,0.0634334750566893,24.822251473922904,3445.4486904761907,31.14240633503401,53.02809523809524,84.25166666666667,596.0470238095238,20.28492877746563,0.229502252034713,0.1527633959184981,31.995814487447387,0.0150415365243235,16.305979787326354,0.000354069482731,1425.2631626208656,0.0676311548635446,1.1326229828987158,external
914185,,1,0,0.857513713024697,0.5626873487297732,8.62755524782102,15.3327691964234,16.1245154965971,16.278820596099706,17.4928556845359,17.60681686165901,1235.0833333333333,13.148059844575732,0.8528120677839907,652.7721661522872,0.5285247954812393,1249.0,-502.0,52.0,950261414.0,4.864183691393372,285.0,2.5893453817649834,269.0,168.5270035083311,-152.09127301841474,-81.0,-631.0,900.0,120.90888084111218,872.2486947128913,-0.8295684516380971,950261414.0,0.0439544590035519,41868.57613681017,619.2959083468421,24.414213119959417,118983.46014691128,-2589.3696639306795,180.44567759313395,87.8174020015798,0.3398141875756926,6.595117571820016,4.16179584039812,43.42091700288646,0.0041373491314582,8.687635964142798,-0.1395967431193563,0.8502451273647402,0.1903582652341274,0.9584909531571076,0.2746851601373335,0.8783070918927394,0.1903085863281599,0.0168804781140204,5.45483193795795,67.06576989867845,48.71228500636559,0.0416113672860492,89.61432557343716,586.3990426638898,1.2185448709545768,749.8020563545207,0.029312808366672,0.0268031867617641,5.212005728329308,1037.9644145868467,0.8862670522058399,0.9371189259099588,0.0786960610945128,0.9537952820919724,552.071611568957,0.0263763340148827,17.242016806722688,0.0289781795070969,106.43495233387472,462.7243697478992,33.0,25559.41344537815,0.1448657170634446,0.0373061761479465,304.5764705882353,0.5118932278793871,0.7429573681424196,310.8569045184173,0.029073551758083,6.398351340771956,0.4763811048839071,28.593528705599887,6.838989530129205,275.871096877502,0.220873576363092,3.2326004919227613,54.89911929543635,87.16615950887211,596.4651721377102,10.175340272217774,7637.848678943154,0.086537306829774,0.0257601850280565,0.4237065148465458,193.96594815371068,0.0156017884576993,0.1903507631583093,0.00497834691011,3224.1658687938857,0.5774544808629212,2.808003353278508,49.44117126464844,529.2966552734376,2015659613.7250144,5.6122850400406215,321.96053314208984,2.0566065251322745,785.2938842773438,165.82049656092389,256.3388804160088,225.3935394287109,7.905694007873535,777.3881902694702,135.2189561101878,1270.361659519364,0.4909326145448376,2015659613.7250144,0.0255878041103819,35431.363531842406,511.7777271901504,19.56251872770128,1374282.235377845,13814.163083387712,730.9386332114395,215.9255450740953,0.5432965085370021,10.126904897209142,4.736687538999812,110.95699478589314,0.0022595560887112,9.542638561612618,-0.2429384680764051,0.962699346935847,0.1513474640248403,0.962045059355808,0.2282948922289303,0.8855889909705399,0.1543177218833244,0.0110808447451462,6.286960231917054,236.7160445713837,28.841296434571657,0.0242603885644695,270.330646578367,820.3320226231458,1.1624433204560207,863.9129633870668,0.0239491663301579,0.0188080855899343,5.876918115200978,1084.0599730698586,0.9117509287280098,0.9517768060602328,0.0582092009432377,0.9647781253415384,810.0713418000471,0.0177395343605853,13.284908321579689,0.0187375293675312,236.8822652934963,1123.1410437235545,13.0,2475.370944992948,0.4661817186903095,0.0124940569807462,427.8067700987306,0.6033945981646412,0.8040716500445583,971.5110146970228,0.0095021729804144,6.752527579392176,0.567654123298639,9.896638225833083,7.227251123983145,351.2097678142514,0.2811927684661741,2.581700909166084,31.959167333867093,270.259031885236,794.1521216973579,7.661329063250601,2082.62449959968,0.2440991435786738,0.0193991624768695,0.5199730113701225,585.7931345748199,0.0068391391471141,0.1908530741663937,0.0053118637972209,12465.712828805816,0.8784355604349029,11.404951302442475,external
286010,,1,0,0.830234701092429,0.5149702579316818,10.680882842131153,20.740776147014152,22.20360331117452,22.36067977499789,23.40939982143925,24.12467616362964,2743.0416666666665,17.219712084841277,0.8473178203842932,1118.3885714918622,0.4077184043838909,2762.0,-420.9,-29.0,1969946364.0,4.124177785397015,236.75,2.418184525826544,2.0,130.00445059436512,-169.16871832005793,-101.0,-528.0,530.0,100.62018991964938,844.5305488472742,-0.8674377105717199,1969946364.0,0.0845552630323292,22951.22931834282,389.4182515267076,19.146049232276404,42412.68962037488,-1329.669421946518,119.61458672269752,28.434151708519074,0.6132612255973173,3.4507620869601685,3.318049921688854,16.12594978471789,0.0282553187628993,7.072381858685447,-0.1796235264720945,0.8488343047107509,0.3970739568592352,0.9645700486777162,0.4561259573554324,0.8973340837447938,0.2893801660083669,0.1193543156903951,4.847495158653191,37.012184607804144,127.83760809532302,0.0582168711102855,49.096585922524135,319.3466528513253,2.216466352620815,977.7028911430534,0.0229958803756182,0.0197188724394588,5.044134117549273,1594.7409893852002,0.7272336497580538,0.7927087394864368,0.6120459645827561,0.8749009294511064,254.97561489389787,0.0192717469444606,40.93208430913349,0.0479298411113975,34.805072149795144,165.95316159250586,595.3302107728338,329637.9039812646,1.1510805862655544,0.0380747324790566,399.44028103044496,0.4677286663119964,0.7107815093123235,102.60331540717358,0.0321490852097132,5.88455279990109,0.3091962346125995,584.8702126375947,6.924569473224052,300.4547429398986,0.1087815868717953,37.17553211291548,233.5416364952933,47.70433959167579,363.519188993483,78.00217233888486,43161.0716871832,0.1763655226167931,0.0162298921356452,0.273852352689044,47.30469146171327,0.0107825217089739,0.5456363304206375,0.0031017336250655,618.8901868092768,0.3555931285518008,0.94964769883513,10.735455513000488,311.21619567871096,3656829552.794356,4.701312325357598,236.8574886322021,1.5922517826599714,398.0119323730469,106.19432378444608,144.60252789135518,127.58306884765624,1.5,396.5119323730469,91.35112295247828,1150.642793750698,0.2877475170003141,3656829552.794356,0.0538342069704655,13863.891955131076,193.9483668586589,11.286339112001436,184868.46868982943,2432.3280071750955,319.48914478350395,54.06964690242482,0.7058443737712862,5.088085805639806,3.76406485292945,26.17273496712361,0.0151231638749224,8.227171419775305,-0.1999073239864916,0.9003122017390085,0.2967490509896166,0.9620433887374874,0.3645970313587743,0.8867463167757236,0.2423887728278974,0.0686308368648516,5.494724591536554,93.38969792148224,95.53508538731528,0.0401747494043522,100.6171591349948,309.38548147047135,1.6809589572146924,362.1191970120778,0.4336682931414138,0.1133675696609748,5.355428593087039,1904.834278271383,0.8007565557527544,0.8596056369409013,0.3196935799843404,0.912696626550454,299.454579044222,0.0780120214019065,37.14365671641791,0.0346489335041211,65.7360901300401,380.1035447761194,256.80970149253733,3457.651119402985,128.14529277321594,0.0109102101227594,479.7518656716418,0.4475297254399643,0.6951160701728228,263.9541631096925,0.0059067928694384,6.448445454111532,0.388124547429399,250.1713876977056,7.144569665503755,431.76538740043446,0.1563234566982022,22.808886612089907,148.69007965242577,106.10988427301103,278.572773352643,44.43374366401159,1769.3649529326574,23.61292504435614,0.1601305832918665,0.3343216413505751,125.29977800487302,0.0052282588515768,0.9122563040068492,0.0031943384754545,1438.60038403442,0.5336314391637385,1.9633132861803464,external
5173195,,1,0,0.8832552565239556,0.1169481535553677,1.9388335532329168,16.578573447207088,17.029386365926403,15.033296378372908,17.804493814764857,18.62793601019716,346.0,14.643112142914136,0.5003306062920032,476.3700546626046,1.3767920654988572,362.0,-471.9,-5.0,237807161.0,4.675593296704682,266.5,2.268509985551797,28.0,143.77279387076095,-207.68232044198896,-173.0,-593.0,621.0,108.91411740759808,810.5096292555827,-0.5558458314035951,237807161.0,0.0436189371508806,29158.553775831017,424.5839657947977,20.24058323015204,49461.63316797781,-1000.4708285468272,134.76458654920427,75.22229442722137,0.2946623041564974,6.864289718369755,3.901675358263284,22.51047756704273,0.0068814220647547,7.556487453578663,-0.3423884121672801,0.9770585867106564,0.1475294380433483,0.9314422445770772,0.2344786292284297,0.8294178047426383,0.1460779330801941,0.0268240298675298,5.160233580305722,52.4967202441064,14.819821130376727,0.0427845430445079,60.37015748166069,411.9772834840969,1.184227649120586,532.8130008904611,0.0172145251436702,0.0166162154111001,4.8480252667271095,322.5443548090139,0.927785653799832,0.9551636209094774,0.0751406602772884,0.9693583491241616,393.4304810560049,0.0164878754562107,8.516279069767442,0.0396106003244997,55.54795024337479,309.1720930232558,6.344186046511628,3992.079069767442,0.0380154827985734,0.0236962566643926,120.76744186046513,0.5617090319091401,0.7768096195386499,207.66357476015943,0.0217467612521813,5.596817441806351,0.5939226519337016,3.509269875608437,6.079070498981702,104.77348066298345,0.2894295045938768,1.9835780348585208,15.790055248618785,60.60957388358109,422.7651933701657,6.674033149171271,4238.124309392265,0.0323204347218273,0.0159865399609934,0.5233599279951391,155.07444042372933,0.0133325984584681,0.1224296625734198,0.0143870599422267,1661.7139782764443,0.6551768103761395,5.216366871102274,220.1965408325196,444.0253570556641,655668205.6921145,4.743949653017412,136.64228057861328,2.416109260844111,516.873779296875,71.29042465467526,343.1180501063226,351.7178497314453,118.2962417602539,398.5775375366211,53.624815417660606,1345.8224761353313,-0.431317183727902,655668205.6921145,0.0422911388541253,7272.040749624419,459.4001756428272,21.55129215596386,32914.93198450084,-419.2702737760928,86.22229547109299,110.06459645398527,-0.1885296185388519,8.270473153863797,4.02197156394828,28.881217809109103,0.0063401168915386,7.575583722332338,-0.3652274114537984,0.9823409157154416,0.1332371803413728,0.930692928264406,0.214193617437165,0.8292023328816948,0.1338815474155885,0.0180924075381208,4.713150807636523,49.0717229812696,14.622768496644747,0.0420658135907533,55.85571120540463,470.9797233844197,1.151360713898636,558.8166291395512,0.0138810457865803,0.0129018168555597,4.909727647357316,324.6782668527941,0.9297498646326872,0.960050998725032,0.0564482050908163,0.9704893623010716,455.00982873885874,0.0126720944644837,8.16256157635468,0.0402096629377077,56.412240044650446,426.83251231527095,5.605911330049261,3161.6108374384235,0.0467265772226788,0.0163266069764924,89.82758620689656,0.442500424664515,0.6830821548652302,278.165858836556,0.0138852726326096,5.921077821876483,0.5607734806629834,2.425926375306365,6.152355015154722,111.61325966850828,0.3083239217362107,1.048228076066054,15.30939226519337,55.76857391410518,474.8867403314917,5.204419889502763,2971.477900552486,0.0391704371857839,0.0126523001022886,0.4653824964608312,196.85648845541905,0.0085500820516027,0.1151117412058604,0.0127080942971267,2534.316825663976,0.5600640348507515,5.327729584676925,external
1343479,,1,0,0.8788121252381567,0.8687446149873241,25.821692463101865,29.72299570855887,34.0147027033899,34.40930106817051,35.4682957019364,36.069377593742864,14354.125,26.120929027083232,0.7761949315381707,3679.8586578333206,0.2563624503641511,14401.0,-161.0,124.0,14256499424.0,4.419715328601809,140.0,6.963493820738935,316.0,99.58463166002872,-15.287966113464345,8.0,-631.0,947.0,58.92903259703582,994.9703184456688,-1.726333929899922,14256499424.0,0.0595074321298573,20308.144906918096,876.9426432278013,29.466848719628864,57407.38857562358,-1368.3792990706186,80.00547533673492,45.43775929023396,0.2737099799743368,4.996218350951998,3.796994235829189,20.35031857037953,0.004501694830299,8.42796812786605,-0.0295369558546826,0.4639041637690541,0.1912383616983031,0.978904797079488,0.2842289050030882,0.9046962537264662,0.1986038875941322,0.0085152518059597,4.902560502491125,31.3608086567422,784.387055896556,0.0581986827303952,44.06298112077562,868.3650328397453,1.217169098064601,1069.680899431453,0.0060407302431183,0.0056729243763682,4.803782716212132,11875.389013142178,0.8809707794291952,0.9358858626270612,0.0751538353982607,0.9518224214232144,823.7729937134892,0.0055941423489523,221.13509120462345,0.0399377083627638,74.90791346402021,788.4451869243272,70.4715549936789,66904.90283547046,0.0894352912793743,0.0111103595176794,2470.254469929565,0.4461358984882725,0.6946391874974982,518.9720982992623,0.0100057228659137,6.700783251976732,0.3844871883896951,63.70704638593137,6.6291206698390726,3045.9271578362614,0.21150803123646,2.09782490617707,856.9665301020763,42.35603483719451,872.0928407749462,9.210540934657317,8504.809179918062,0.0175325826188378,0.0054159441841096,0.3524216175879524,277.4909681933157,0.0040556861006885,1.4617603862345645,0.0004094149820651,3201.0884743405145,0.180527169872773,0.377590829530303,48.28561019897461,353.7803039550781,19205422300.50061,4.760648994290126,85.2040023803711,6.373345040584427,957.3301391601562,89.77452172351282,147.80680236828988,103.62432098388672,4.123105525970459,953.2070336341858,46.76944450262758,1154.8234798742255,1.942331654834976,19205422300.50061,0.0540315819657012,16156.814105897594,198.0567133984688,12.082194087507853,662909.8845873356,10780.907750248278,289.61048511583124,81.42461041257879,0.5586508990795785,5.785822969849489,3.995831655037527,47.85290748567514,0.0045393278066666,8.82702320816166,-0.0697787892107942,0.6834476268997499,0.2020001716965244,0.9894703817163086,0.2909154545522591,0.94024843600514,0.2082422813394092,0.0111242356553933,5.349079245029163,92.75877388210256,692.8795911376417,0.0517028359057011,128.73795250471474,316.92103983686206,1.238443085828599,345.23651867575705,0.0266945871705031,0.0218178207869465,5.183348261603149,11689.562515419151,0.8722449129159643,0.9305710607703525,0.0835807226203056,0.9480324576090812,310.4040068048259,0.0207523078645968,148.13257926942333,0.0274675652270393,198.1031121476635,575.3471166326719,406.4448358983868,25163.532727609865,7.499869294457141,0.0240262670341535,2721.528091971073,0.5046408477602584,0.7382188205380353,486.5111571681581,0.0187218168859809,7.013951976551141,0.3744878827859176,399.3142624087532,6.959968482082944,2816.564891326991,0.1955812020920068,2.673373910869951,778.1088118880633,123.4755499165068,303.36434969793766,10.542254010138183,1275.0284008054996,0.2183932117481411,0.0217241767481935,0.3556358087454099,197.7987612096116,0.0086219578360613,2.474892250108372,0.0004448139621438,11669.94041720617,0.2177886717096707,2.4227026414837773,external
5177578,,1,0,0.771855608836676,0.1263741579070267,3.883699333811346,30.7317524257497,34.0,28.0,34.52535300326414,34.52535300326414,2004.2083333333333,23.72047547919503,0.4968128679827235,1547.3427730203118,0.7720468712186334,2028.0,-299.0,23.0,1687224901.0,4.142304753856431,168.0,4.197336134800376,56.0,104.40982020937642,-97.4551282051282,-51.0,-636.0,692.0,72.66546811435626,912.1211220674036,-1.2966854582963054,1687224901.0,0.0788361363008609,17377.695718277453,756.1459876329137,27.342905370949527,31634.11732196436,-964.4811356483232,72.46126950243236,39.16519337778005,0.2844590186165054,4.363880324901492,3.5418121427577463,17.609396923785138,0.0153239302703265,7.093459800451066,-0.1381850155713022,0.743769339469639,0.2902009560334951,0.9686286245292486,0.3644060259346676,0.8944410074219207,0.2611341350711717,0.0646172457417707,4.6594684540585085,27.906615720053097,124.03873532861692,0.0686372382378716,37.88935269922874,691.0643227737042,1.5255945985079342,1157.5528709855018,0.0037418563147581,0.0031070965108082,4.7046895126597885,1475.333233701581,0.8123457502846348,0.8863222576240328,0.2180066166343701,0.91762392561098,618.7995058734998,0.0030046038458387,30.96788321167883,0.045208588630188,43.3418210879642,500.9270072992701,220.09051094890512,209433.5211678832,0.2376114433469997,0.0057995891466101,319.6043795620438,0.4665757365869252,0.7098597209911864,315.72018162077165,0.0052087370132633,6.136169345566612,0.3377712031558185,211.32545367361075,6.583265902053845,278.6587771203156,0.1374057086392088,8.985210018323354,159.87968441814596,36.26296834455688,714.1617357001973,24.63214990138067,22464.93688362919,0.0296031094403856,0.0028790617631864,0.3032273341402239,151.27960480394756,0.0018710511279074,0.3834446887882043,0.0023386228158014,1743.6130673143994,0.249835602272414,1.848337935071616,48.85613479614259,378.4451080322265,3029632075.445157,5.152738156275991,237.70990562438965,1.6031791503491617,460.0494689941406,111.73898863077112,215.83984033689933,216.99333953857425,11.379806518554688,448.66966247558594,93.60012640090022,1222.2525998632057,-0.0193881661633129,3029632075.445157,0.0296144898443487,15634.900521908714,294.95278368354815,16.987496298602625,150944.0797138246,-90.3850085210519,250.6821343537046,231.1068323746876,0.048625024798027,11.579639276068145,4.221901952647039,60.24265240422948,0.0026175679518257,9.085806949213191,-0.2046087339979709,0.9101678401789708,0.157358433176976,0.8951110984015027,0.2232590205469339,0.8067375687466518,0.1554473803638072,0.0095335274595854,5.709051198118297,120.44724168209798,56.213732844680926,0.0293912883865338,117.78701926142656,500.6804148601594,1.2342939416427794,593.0639757612053,0.0240406983064677,0.0169755505653885,5.422562480746698,1738.3189270682387,0.9022450556544256,0.9425732058868151,0.0907190258316423,0.9579346632888116,484.0868026871883,0.0158281912009723,28.516028955532576,0.0294891716189581,98.72118268956218,567.8221302998966,13.025853154084798,3711.41778697001,0.6057117421551655,0.0103536796622805,403.4508790072389,0.4172191096248592,0.6704694044700205,395.7959667242041,0.0055912933770167,6.75355006758669,0.4768244575936883,8.627572348728304,7.243042038703,472.72189349112426,0.2330975806169251,2.2124769985489148,60.05818540433925,119.36831766511445,494.1572978303748,8.42800788954635,3077.9245562130177,0.2681716298567478,0.0177034941858852,0.3994536837170765,227.0432581233604,0.0041492335036312,0.851809772782613,0.0017937752079518,5967.039322872739,1.3007477643784398,1.1858457879063506,external
4506748,,5,1,0.5372067259165195,0.1310933554193923,3.68128484184698,28.0813991683244,22.09072203437452,23.021728866442675,29.68164415931166,31.20897306865447,978.4583333333334,15.085516506370425,0.4949609617363473,962.959603161218,0.9841600509248916,999.0,-507.0,73.20000000000005,752103687.0,5.047200521736246,323.5,2.592773083709341,190.0,182.30417604791973,-160.0830830830831,-92.0,-798.0,988.0,136.21745625,867.6730625895583,-0.7712196513707101,752103687.0,0.0361833304776247,47396.11622032442,1026.6363547484978,31.482438884687983,196579.6140465248,-3721.637183617665,252.4880607048088,111.09415803549156,0.3841500977609961,7.918330330782431,4.322744205324768,43.110265552443735,0.002963963089718,8.854246612107685,-0.2084356987807829,0.932307083795902,0.1451430911981025,0.9552699045706492,0.2291726101645161,0.8658808547186114,0.1449833312568335,0.012272115137404,5.639783129021978,90.89555468507515,33.86259050441127,0.0353348543707677,99.42000402815675,1000.5344964013166,1.138092672052316,1169.9620278890734,0.0038265490013913,0.0036291161878581,5.271069455111034,886.4023104366823,0.9238460500751652,0.9591129591129592,0.048381537752086,0.9694875361793563,963.1632148893276,0.003583959595846,17.965058236272878,0.0298919438207535,105.49142444234651,905.505823627288,5.3826955074875205,6572.123128119801,0.0102325174268627,0.0047749492235964,311.49584026622296,0.51829590726493,0.748155041456344,644.4325011090424,0.0042134520038585,6.40846850543028,0.6016016016016016,2.619688206843281,6.754418980396091,303.00200200200203,0.3033053073093113,1.6847117387657928,36.147147147147145,98.58320382444506,1009.90990990991,5.940940940940941,7385.187187187187,0.0096108147222912,0.0035384833349825,0.5199891432122472,463.2948562848563,0.0026752434915187,0.1040951587925559,0.006288208332185,4353.22429868051,0.5270634040348195,5.222320715502683,77.67542724609376,435.878369140625,1600899756.0598936,5.44819014069785,225.95931243896484,1.990497218909833,642.4385375976562,116.74083956254164,258.6520069769553,256.6972961425781,13.73863124847412,628.6999063491821,92.09015943623572,1265.8997820989669,0.120580640465438,1600899756.0598936,0.02443584725867,18297.38365109449,456.11399040655147,21.04557594704551,243720.47649207787,610.5244909611193,305.98074977879185,253.78103382436169,0.0986261204823998,12.43671228721781,4.820020944096617,80.90844116599072,0.001540267247323,9.543498806560198,-0.2399143462212236,0.962073887204528,0.0921963885202998,0.9332738671544374,0.1665084433269497,0.8344062197576494,0.0916681538052308,0.0043883730618991,5.943590745863162,139.94044590078838,23.727233114468373,0.0243862763953462,140.0087352980261,630.6415406026075,1.0865054243777137,675.8749672779454,0.0173641821799966,0.0164556092712674,5.5821661914401295,926.4930400237664,0.9513713209853804,0.973896973896974,0.0304526861667292,0.9807470433750968,620.386376863114,0.0162675887065341,16.64,0.0237714285714285,142.987706122449,667.5285714285715,2.941428571428572,1639.7928571428572,0.041218276034802,0.0188010518306993,412.6485714285714,0.5894979591836734,0.7963077016520893,551.9322815921606,0.0169817366440662,6.482235660180223,0.7007007007007007,0.904691836734694,6.867348242768579,390.0830830830831,0.3904735566397228,0.7225784342901459,24.41141141141141,139.70967564160756,627.902902902903,3.5405405405405403,1930.2672672672672,0.0425303442460789,0.0162888705972565,0.619718885552219,420.5920767990213,0.0125436356467428,0.2196224452998969,0.0050930960706034,9060.984920927642,0.9100637052954128,4.691712736393558,external
176989,,5,1,0.7955931011538013,0.5100328276252858,8.27628193769887,16.226959304233926,17.26267650163207,20.024984394500787,19.6468827043885,20.63976744055029,948.4583333333334,12.910056875152002,0.654936679741197,712.7933650857941,0.7515283909001036,968.0,-957.3,187.30000000000007,607950200.0,5.840865533082116,630.75,2.044119283673287,492.0,336.56156512533295,-314.0599173553719,-272.0,-1024.0,1516.0,258.1404963644012,792.4946228667594,-0.2473802334664788,607950200.0,0.0215021173417116,157533.93029420805,1276.5922600566976,33.81847378976451,2333558.5431604288,-12588.38681980311,979.8939328884446,448.7677989071792,0.3738680868353478,16.30464756977563,5.373014577010614,178.80708279292236,0.0026673851772211,9.780879190732566,-0.3027763025792003,0.9845862110853176,0.1010978109370311,0.9268790066744862,0.163914907577964,0.8294029197576592,0.0659630791441398,0.0392981044974561,6.633293398347795,357.16543294890573,17.42994946616125,0.0188586540882223,304.1224580125533,1468.0137852355033,1.1669686340561034,1556.5769745327614,0.1750409474215375,0.0563585816530346,6.048223618622841,855.2353842334849,0.925442219677761,0.9546249205340114,0.0693946238553478,0.970042132247534,1446.9373495598747,0.0380084975017172,12.680111265646731,0.0176357597575058,260.92372538740835,1480.1863699582757,9.343532684283728,3238.290681502086,7.427669469500187,0.0116152293283554,492.7830319888735,0.6853727844073344,0.8543985260920408,1229.4805025175265,0.0092808945453092,6.65130154678443,0.7427685950413223,7.530970421366409,7.066187447398928,420.904958677686,0.4348191721876921,8.130912335223003,20.81404958677686,327.0773502066115,1428.8646694214876,12.882231404958675,3928.936983471074,10.6178594029678,0.0841467048642624,0.6764123163441295,985.930328466482,0.0078894644288197,0.1278986591387914,0.0040855470045306,22066.428183064658,1.603783959858985,9.035623208455494,190.16565704345703,728.7038696289063,2105298310.6336737,6.118810665023546,296.7238464355469,2.577744322558742,1091.5469970703125,166.97495269800632,460.3852073298998,458.6581878662109,0.0,1091.5469970703125,121.01889984224796,1474.7525043212263,0.1564609340861499,2105298310.6336737,0.0162621234888327,42169.99521373471,1685.623917055817,40.47851033731126,1825593.462080027,4868.88499257789,777.8419308310177,589.6614397185048,0.1384162974206913,19.191979230989823,5.578258603235611,219.42310228520503,0.0009234008801093,10.195797360846525,-0.3411345967237427,0.992306866780533,0.0525631237253912,0.9455988100742952,0.1142901785484897,0.846206913898208,0.0553340404920885,0.0027753686693853,6.660977242200081,341.8758426373806,15.517367797840148,0.0162419852427095,322.24195129428165,1981.269219863384,1.0398375321769793,2054.7356846866405,0.005112569042426,0.0049458000789156,6.186228715774997,930.6750519641464,0.9740960046546984,0.986967577876669,0.0131905978578511,0.9901302082403152,1962.9040371181216,0.0049097072933229,12.955719557195572,0.0159356944122946,333.48081074906696,1996.7761377613776,1.6801968019680196,3246.068880688807,0.0081417598666744,0.0052390376224066,600.6260762607626,0.7387774615753537,0.8835205685390187,1771.3782458657922,0.0049395468785544,6.733803524671955,0.8398760330578512,0.2625448394705349,6.97098651715333,551.8099173553719,0.57005156751588,0.3521275869134622,15.741735537190085,321.5388122396012,1979.576446280992,2.144628099173554,4036.7479338842977,0.0104575597387603,0.0049327918039367,0.7794960973370064,1559.7929651629936,0.0042499120017869,0.0552472034567309,0.0057996332620418,40387.78982318164,1.0992265241711126,14.141237429073184,external
231753,,5,1,0.899749066126866,0.114480327849192,1.9016950619013933,16.611544512752847,20.0,16.0312195418814,20.024984394500787,20.024984394500787,332.25,14.94622166227424,0.4803539381160817,482.94695111485794,1.453564939397616,345.0,-222.0,99.0,317236791.0,4.4893512120857615,151.0,3.0531900425170515,243.0,100.20849401386263,-49.55652173913043,-34.0,-396.0,639.0,67.64540012602394,958.9196683950032,-0.4431864715009063,317236791.0,0.0531064902331443,16184.12506616257,344.8813203353899,18.431277400047613,14505.884377500017,-312.8572601572434,62.36602643849327,42.18311931289952,0.1866551112979484,5.123786372296006,3.700503283991722,15.801498241367376,0.0071645196297412,7.42603448843739,-0.2730845248842489,0.9447877335109068,0.1689650180028855,0.9612018854403946,0.2645445408356585,0.8677486311776049,0.1862537482988312,0.0201090671588521,4.754574630859915,26.1372864378482,17.491790093363306,0.0523675204025562,34.31702729430722,330.1247676069482,1.1074460788717182,368.1582124964682,0.0124840979088166,0.012035140203566,4.654700751894167,314.3611367095689,0.9402818445913874,0.9678929765886288,0.0377485649358939,0.9762161902113224,321.7189906934698,0.0119317342193419,9.807339449541283,0.0449877956400976,42.58757680329938,319.55045871559633,4.729357798165138,1644.8577981651376,0.0296029857073921,0.0160807795458789,112.23853211009174,0.5148556518811548,0.7453873245402254,231.65303261977573,0.0147441150666068,5.661908369916809,0.6318840579710145,2.22483376820133,5.84169161457726,119.94492753623187,0.3476664566267591,0.8683553875236296,18.321739130434786,33.75800042007982,330.89565217391305,4.234782608695652,1483.8695652173913,0.0245708413770836,0.0117800475918453,0.5459806763285024,172.2675193236715,0.0096697764489083,0.0898897091528929,0.0203406505457322,1288.674560710987,0.2650587584262269,5.674731133995809,144.78035888671874,455.3326293945312,598016016.4027712,5.267409952421364,164.20071411132812,2.5385764062866003,581.9127807617188,94.84113562337342,311.34452536762626,322.41705322265625,15.0,566.9127807617188,67.06772922585228,1316.578808005503,-0.1795192896796436,598016016.4027712,0.0296324301617307,13755.29347754738,796.4972189041538,28.071778699808856,112952.43372237416,-764.3854573455951,185.43634640426927,158.88901452999264,0.0367179950411305,9.671256210019305,4.472243658160488,62.0095421448436,0.0043966305308828,8.004623816657842,-0.4292213976897677,0.9927818465790768,0.1021110342274612,0.9473550730918864,0.185187013763011,0.8515313871019217,0.1070271168368841,0.0112619002137859,5.370986844937206,86.08134023356553,9.991283171711752,0.0295383349021053,105.66766836981245,820.363273069506,1.0611492087176055,865.7874430612039,0.0066960448288434,0.0065317091046244,5.357141296387184,325.2434155032957,0.9612075553180812,0.9803790412486064,0.0200656686548472,0.9849724853144288,809.0823091572983,0.0064915240922334,7.48689138576779,0.0280407917069954,116.445061650465,833.9625468164794,2.0861423220973783,1651.1498127340824,0.010341940832886,0.0075607766852271,172.11610486891385,0.6446296062506137,0.8308499791926759,699.4977944236371,0.0070887535916639,6.005217935559765,0.7739130434782608,0.4165298994234735,6.211256537414526,158.8608695652174,0.460466288594833,0.5107666456626758,10.2231884057971,104.8443100189036,818.895652173913,2.791304347826087,2128.0202898550724,0.0111721093954547,0.0064553742019815,0.6908768115942029,579.3663615136876,0.0056150210708232,0.0472803475242285,0.0178565502153391,5845.400835140091,0.590560411605515,13.138972663884877,external
642477,,5,1,0.6978840645330132,0.4575955222428886,7.319931084356383,15.996509424913064,14.317821063276352,17.26267650163207,17.88854381999832,18.894443627691185,745.25,11.163709015798982,0.6648173410284902,597.9292171702696,0.8023203182425623,761.0,-476.0,25.0,536240687.0,4.9674324260841125,319.0,2.5982150808738886,178.0,166.41820966602836,-184.1957950065703,-134.0,-801.0,979.0,126.34478192148318,839.435927716422,-0.6921116044894551,536240687.0,0.0383667661853049,39116.17585616823,983.2532287305106,30.96623612029511,104091.88369126843,-1973.7925304506537,184.6702659181243,88.60616486712101,0.3419539107695096,6.985393996027402,4.209072493795056,38.28667130875192,0.0040420959950414,8.57770980449405,-0.2002348274727803,0.9203696169244164,0.1740796520995041,0.9633178613656228,0.2562393735539107,0.8792996154937656,0.1793750115281321,0.0226041169915432,5.509887632887604,68.31910769631133,26.45319706547032,0.0366129277014759,82.13174294848788,909.665983450024,1.178225114766923,1134.4686077663528,0.0057237210812602,0.0052149179842385,5.227746452029505,657.958499719099,0.9099779455713513,0.9491559688668756,0.0660692605690818,0.9635940319940408,864.3943880505716,0.0050943730895133,13.787185354691076,0.0315496232372793,82.8505045321492,743.9405034324943,14.070938215102975,18590.814645308925,0.0229510964913697,0.0057896015478791,246.1395881006865,0.563248485356262,0.7787008875953937,525.2971715263158,0.0037515664079048,6.112756048390865,0.5742444152431012,11.038398902439663,6.581110124596885,213.3521681997372,0.2803576454661461,3.6059441809224655,29.197109067017085,81.54768001851082,927.3561103810777,8.997371879106439,11569.57161629435,0.0198085160851212,0.0051035070010232,0.5120925992419165,370.884550828532,0.0025650555268853,0.081253545750014,0.0086160774576037,3808.621709814163,0.4405698516618839,6.29757902532752,63.30481719970703,432.1232604980469,1223625051.50932,5.422243018896098,205.94744873046875,2.1778279155767217,625.4466552734375,114.2627887502595,260.68811839012216,276.4457397460937,7.449832439422607,617.9968228340149,86.86021664189272,1268.036782541505,-0.0609704354274641,1223625051.50932,0.0261033531852583,18582.750028186387,483.5196216016168,20.67304578039109,355075.7789954075,372.8213890564385,390.3436849242762,167.12734496126697,0.4018037193353874,10.002720901604295,4.6677363082492125,64.42242265841452,0.0018108566249712,9.345997740134816,-0.2623412170068588,0.969736751841438,0.1158070606367602,0.9525917486486468,0.193765899709102,0.8583931889936104,0.1143165885898776,0.006394647211357,6.1280038142917,139.36775747138583,19.10428221387057,0.0259995367256614,141.06043942973727,692.0805209190784,1.1127818574841737,744.3310691951028,0.0194686499570844,0.0158864970811901,5.592666745698533,687.5985012233286,0.9352470269459296,0.965531183665218,0.0390595255464651,0.9744028796848204,680.2521409084497,0.0151088863289729,12.237322515212982,0.0248221552032717,134.9945401955984,770.2799188640973,3.9290060851926976,2043.0101419878297,0.1112211126383224,0.0134869906315448,273.47870182555783,0.5547235331147217,0.7730709072681949,631.2680792636282,0.0106954574131348,6.49259518048092,0.6478318002628121,1.546272562322824,6.90106606910921,256.2982917214192,0.3367914477285403,1.3177384346276513,19.864651773981603,142.1516194370434,684.1051248357425,4.913272010512483,2213.103810775296,0.1822979380624729,0.016418163908887,0.5661553064916043,447.6647701157775,0.0078309202116081,0.1126422848780458,0.0085575781667683,6709.38156127236,0.7119569867204334,7.845520464953281,external
266989,,5,1,0.80347280073201,0.5679848082491927,10.402911770469917,18.315475377830587,18.24828759089466,21.2602916254693,19.72308292331602,23.0651251893416,1674.875,14.715986298563712,0.6598406480937801,1033.6336961246268,0.6171407992385264,1697.0,-688.0,45.0,945087026.0,5.6305113490080405,434.0,2.2510305151532704,396.0,234.8051290901584,-307.6782557454331,-291.0,-1024.0,1420.0,178.6432206514659,746.2682749815644,-0.1979321178804439,945087026.0,0.0220545876480002,77606.94067627403,1346.156398073194,35.71124326801549,418784.6433318856,-2333.316481847223,428.35043305469,146.41141014735965,0.4895675839620982,9.37941286344805,4.628583104643448,57.100248744113046,0.0010828875651823,10.134068366252947,-0.1712809619914802,0.9210094745493324,0.1095623736335724,0.9696492793135189,0.1916113206885722,0.8838217017228142,0.1159089627607764,0.0039915338007296,6.288368834560753,143.6904608005124,36.08563888964616,0.02192230318538,162.54589962550014,1273.7049260206247,1.0953219733763957,1421.64774886255,0.0061590262592136,0.0058931266392157,5.803959553638555,1551.0817520730366,0.9421808509940448,0.9699922940936496,0.032310709791192,0.97746813916107,1238.9916194726777,0.0058275470471624,23.89044697633655,0.0209381656234325,171.91778664870293,1171.8851884312007,3.9027169149868537,6011.964066608239,0.0127260695810368,0.0070664444325437,669.1437335670464,0.586453754221776,0.7941977730209046,890.644759890999,0.0060239674332721,6.753488414258057,0.6723629935179729,1.6906798701263788,7.128188196632008,618.8031820860342,0.364645363633491,0.9870446269179656,37.42663523865645,161.74462334133966,1281.9228049499116,4.156157925751326,6331.0565704183855,0.0130635667260034,0.0058014090766393,0.5967394207732198,688.6727196686963,0.0042968495624359,0.113714425677801,0.0047740507516138,9218.0073784188,0.5539988260667229,5.493760351660006,108.32035522460936,425.4883728027344,2729805192.620448,5.3895344605122615,173.58963012695312,3.061905770664801,734.9738159179688,99.82987130577918,262.2643999606634,254.49951171875,13.124404907226562,721.8494110107422,71.62238491557385,1268.308510449457,0.5084464847372275,2729805192.620448,0.0269938041029804,15295.062270466353,499.9114084867046,21.50224407803569,289498.7638397059,2443.841060923964,299.5373934214245,149.44055800539448,0.3337905143154351,9.453164794968073,4.6500148456498485,59.54539362655757,0.001212320767563,9.963193603783337,-0.1383116875199456,0.8784004147187349,0.105280306528303,0.9674695221804334,0.1880446804276414,0.8800885003946597,0.1113724577278967,0.0039172202660227,6.055830133718978,112.24448785670486,44.31666054267922,0.026872252302265,117.56386742763593,622.0969414048063,1.0888374146517306,666.2588249659104,0.0087754900052322,0.0081684833718554,5.557987506658741,1558.945233032585,0.945283776099488,0.9718054485290786,0.0299430827921826,0.9787756740993524,611.5951883664709,0.0080261225563837,29.46712802768166,0.0254905951796554,128.4556660899654,673.128892733564,3.2742214532871974,1749.5363321799307,0.0260941159477402,0.0089449703381826,664.2525951557093,0.5746129715879839,0.7866041174094911,556.5033003976372,0.0078137087876676,6.594075810969938,0.6812021213906895,1.1192177715784053,6.891281530077565,636.7383618149676,0.375214120103104,0.835636668959643,45.80848556275781,116.80443112720322,618.5433117265763,3.83912787271656,1991.908073070124,0.0285763585590347,0.0081292614170605,0.6011940138459626,412.86923949760615,0.0056918128870562,0.2178034299962437,0.0039613783983848,9798.567546634731,0.4533351064679408,5.182058804336157,external
6028377,,5,1,0.911628885666393,0.2305821412405822,1.8951822171894628,8.21911968981192,9.0,9.055385138137416,9.486832980505138,9.486832980505138,73.20833333333333,7.492786923981949,0.6278961849051493,134.78346802158472,1.8410946115640487,80.0,-569.0,-223.8,27320268.0,4.071849959630443,215.5,2.122062818420644,-143.0,117.233125,-431.525,-477.5,-635.0,492.0,91.6455078125,584.3828796260206,0.5635313119129225,27320268.0,0.073125,18339.524375000005,103.3054475439091,10.538481729696304,11302.533392763688,108.6827461289644,64.91201312067759,97.61430746940869,-0.167284332686545,8.231035550144862,3.3658717098032307,19.69309981734523,0.0225400137008949,5.635246022024505,-0.5749128503664911,0.9937945069570424,0.1179055887100907,0.863921441586506,0.1998090035180509,0.7593155696310446,0.1221400680471081,0.0408592172559783,4.103226492527494,40.631580147521575,5.64184394757282,0.0724714770693226,36.73768123892412,133.71874509411865,1.0941942322780474,145.74265063892437,0.0821852567339042,0.0735858317085688,4.168922668367139,74.13311817364465,0.9498093189137996,0.9730769230769232,0.0331828689638958,0.9794985708578988,130.78894693110246,0.0715578606093314,3.7857142857142856,0.0676020408163265,33.874681122448976,134.23214285714286,2.7857142857142856,346.55357142857144,0.2130472316066765,0.0607773977309232,31.035714285714285,0.5542091836734694,0.7718253968253969,102.85813492063492,0.0295600258109984,4.637998788926094,0.7,0.7448979591836734,4.784506614141215,30.875,0.3859375,0.7350000000000001,5.85,36.98609375,133.7625,3.625,474.0375,0.2875527132106738,0.074196769965403,0.6020625,79.94322916666667,0.0282762969319444,0.1702146983624691,0.0371772396936567,1072.2105754696834,0.7786695110576606,9.622292802497295,116.61337814331054,311.4101043701172,117171138.75022896,4.50474985904617,132.1978645324707,2.0515060902955176,379.1437683105469,69.03876222610475,207.622228050232,190.6392364501953,59.167137145996094,319.9766311645508,53.94934423267841,1210.2228036100882,0.2759137813041326,117171138.75022896,0.0496874999999999,6287.788696855855,220.49699022075544,15.093922620339622,21810.08594798406,376.9720744791165,80.0373118541867,116.19295651716703,-0.1751147630609869,8.890853824538034,3.4670037492281898,23.38071527828193,0.0210564987409748,5.740692880018527,-0.6554557465151271,0.9975169488340055,0.1210402379885012,0.8917538894678252,0.1996898811572287,0.7852866128552992,0.1193153657693442,0.0431291695259306,4.057597210942919,49.05756709283843,3.832310752804541,0.049399519353636,48.02000199852462,236.90331312291315,1.105642653260596,254.75246744880616,0.0287987268067469,0.0270217403605809,4.58668304019337,73.29913580120073,0.9420202989253016,0.9692307692307692,0.034757936845011,0.975996944726262,232.56140494351035,0.0266297421874381,2.6296296296296298,0.0486968449931412,49.50377229080932,257.6111111111111,2.925925925925926,594.7037037037037,0.0635669935644276,0.0313022503426194,27.925925925925927,0.5171467764060357,0.7462397119341563,207.8118106995885,0.0267120287772965,5.069340279780978,0.675,0.7311385459533607,5.290311532225088,28.525,0.3565625,0.885,3.975,47.844375,234.85,4.125,740.5,0.0770531006725477,0.0266816887444781,0.5678402777777778,153.33483333333334,0.0191665136326892,0.0824521769292037,0.0502725079504736,1494.6011260383189,0.7157517335980251,15.050345622965144,external
1018465,,5,1,0.8745527673314776,0.7934116751132384,12.498890333257073,15.753348136039452,18.35755975068582,17.08800749063506,17.46424919657298,18.466185312619388,1910.2916666666667,13.777134207109476,0.8509538225977037,874.9392879898835,0.4580134558805855,1929.0,-224.4,130.0,1897829942.0,4.521010197391463,153.0,3.686145890108998,308.0,104.5793475535475,-17.543805080352513,7.0,-503.0,811.0,67.41676286611721,991.8877650809928,-0.910563238379967,1897829942.0,0.0535326001514092,18621.16358137413,562.6993978609163,23.610767626709585,24681.77356446884,-622.5164404398649,70.99813690938522,50.0954726723394,0.1713188090014696,5.325265578488071,3.894062012314345,21.64457016274873,0.0042225983564224,8.455083338534923,-0.0649137113094328,0.6564212120641937,0.1870271226866169,0.9692322341166864,0.2780557430654371,0.886154026270013,0.1928513456951945,0.0120772313830508,4.964725062308959,30.273402395431148,94.39077439450344,0.0520037151380253,39.99224136299988,550.2912497564809,1.1992517165249712,673.2807489786961,0.005649051338749,0.0052461780133049,4.863931437647808,1616.924018169606,0.8907836634528319,0.9409418989512304,0.0696808253768173,0.9560447818955624,523.2339618214829,0.0051563749195185,31.983451536643027,0.0378054982702636,58.30225536385941,486.5378250591016,34.25413711583924,21261.78723404256,0.0650710933478902,0.0087538599409776,408.1158392434989,0.4824064293658378,0.7221035702067012,326.7967124639215,0.007892596532032,6.299954513179121,0.4385692068429238,29.05509028720889,6.57522724312514,434.4608605495075,0.2252259515549546,2.295395293951344,103.26438569206844,38.73197473502711,554.2032141005702,8.724209434940384,5382.123379989632,0.019620582650871,0.0050562391406761,0.3991740381424155,192.11306397316045,0.0036661844685242,0.2846003220142752,0.0033501483182866,2415.72320103952,0.2300432919362478,1.5970130482563871,51.81215896606445,485.4775939941407,2875808428.6142616,5.361755276410413,245.37042999267567,2.9890640525330965,782.6270141601562,142.44813215139922,208.9717979785876,134.82952880859375,2.549509763717652,780.0775043964386,103.22674541405846,1220.9949347547963,1.055723621280696,2875808428.6142616,0.0331624940440054,29215.82238929097,333.18106396557283,15.83777759165985,1020944.1479629064,14562.561110275808,509.6363806835795,180.5557690561952,0.4753310992573388,8.877120570443388,4.563843174435917,101.2468735199168,0.0027005208309127,9.350136716569256,-0.1698514247806002,0.9067236743904216,0.1635807685150724,0.9681603602502928,0.245421458724435,0.8984949842005024,0.1697007256980169,0.0099377211996902,5.980008602652119,172.54803743494372,57.94301485362147,0.0316611767805785,227.2818566816968,596.721084337223,1.1719183281378769,625.5857274528972,0.0227279135454213,0.0184612419756725,5.665016987842607,1656.4903737795564,0.90509078887259,0.9487179487179488,0.0607929133222896,0.9621027023435436,589.9767014988254,0.0175519828155748,20.44672531769306,0.0199870237709609,249.82199442155928,892.9872922776149,25.37927663734116,2542.97165200391,0.693516299979602,0.0145712667971272,610.0224828934506,0.5963074124080652,0.7992230288832435,796.3877228977778,0.010826416964154,6.824973861617965,0.5303265940902022,21.82367426034061,7.165185245585848,500.9253499222395,0.2596813633604145,2.481423881112839,63.97045101088647,223.07617518860985,574.9351995852774,7.925868325557284,1469.533437013997,0.193321240059414,0.018768652000936,0.4906312477950879,443.8111003565117,0.0071550491952303,0.4437777452103993,0.0031621523225463,12111.18084219667,0.7312435170522384,7.7758202746808465,external
56761,,5,1,0.5894787090959013,0.4523825190611141,22.203728818348697,49.0817568822749,52.81098370604357,55.54277630799526,37.12142238654117,57.92236183029832,18716.95833333333,28.93265068712228,0.574549745372337,5933.53265734354,0.3170137236869527,18771.0,-156.0,120.0,18568614202.0,4.38050102823328,132.0,5.4753918726931845,431.0,88.36484809167588,-12.570560971711682,1.0,-920.0,1351.0,56.1048645982415,994.5944733543088,-1.0088022640471477,18568614202.0,0.0601900225803889,14201.269367215007,1797.2979424894015,42.351391842391,20920.37109048283,-455.7958764923387,56.1951790663588,41.57118745543765,0.1486048210043304,4.876512762220407,3.7446947863361126,17.125368272788368,0.0046359486895728,8.404511982198681,-0.032421313131379,0.4451097935330784,0.1973312386498505,0.989646048116228,0.2892581539563547,0.9304852839963462,0.2038938478677676,0.0109254529807454,4.820559813198461,24.4415916304491,1025.941703923279,0.0585141813886586,30.883210174147223,1783.770989900038,1.227163169930271,2202.875133275644,0.0008148445747218,0.0006880609409027,4.769968082678586,15414.122089833205,0.8784874959543468,0.934055396417551,0.0794152102722708,0.9505113890853376,1692.489309764407,0.0006603849806273,314.22341982701266,0.0418128303163024,50.67873326755228,1711.1626081170991,130.46054557551562,244623.2888888889,0.0701195361621456,0.0008527339493412,3333.430605455755,0.4435702735137399,0.692597108045383,1157.228640528848,0.0006684561082082,6.5645423801806215,0.4003516062010548,124.22151879872987,6.632197596065659,3874.6621384049854,0.2064174598265934,2.4748074602239534,1129.8269138564808,29.68474229893188,1787.818443343455,9.84364178786426,18139.64093548559,0.0055760516554356,0.000679470902526,0.3586986052423944,611.7064846212253,0.0003146642129225,0.8390846462418656,0.0003367439361374,6118.970654095442,0.0701994719190355,0.6320806633600737,44.16446685791016,334.7756652832031,24713212253.066963,4.720704918975804,84.3460693359375,7.191477300746916,933.3719482421876,88.4620965409229,140.29911406447528,95.9439926147461,3.0,930.3719482421876,44.57108522006094,1147.41598201444,2.0985541721679573,24713212253.066963,0.0564280122470458,16281.366245934902,171.329792869104,11.307999996534404,636327.6528667238,10058.231167239042,265.55525163971834,91.92314793728733,0.4780909932162669,5.917757769809388,4.004838113692467,56.43918536461072,0.0049991414649033,8.73689252570292,-0.059715057864131,0.6292742660880047,0.2112425786432319,0.9877933104441068,0.2982250430045537,0.9383576628568924,0.2184258799287051,0.013005938276,5.297577337599042,89.36959989425145,936.870417547564,0.0537595522236353,130.29585950842386,301.782035941714,1.24757884949636,324.9599152982263,0.0321100065201946,0.0258409702978346,5.1572854433735,15146.605456161098,0.8690517447528003,0.9283878978620866,0.0871106313855384,0.946560170577543,296.5491406574091,0.0244902356012053,198.27973199329983,0.0276772378550111,205.51530379345704,572.1330262423227,509.1101340033501,26021.65954773869,11.240947182785522,0.0266387950595557,3825.2573981016194,0.5339555273732021,0.7581902841662226,507.9302840924803,0.0202051104878953,6.963365122090785,0.3816525491449576,502.244768475263,6.95754133045064,3578.718075755154,0.1906514344337091,3.035005209486881,1059.2102178892974,124.29410276231216,286.99893452666345,11.225560705343348,1108.5128655905387,0.2848568517730849,0.0258019339639242,0.3644475624790712,205.57814686926483,0.0096406978427563,3.602140923782864,0.0003253329665252,12434.18346470085,0.2268976036123581,1.8525702786012173,external
472225,,5,1,0.7029031941087829,0.3048573880971614,4.295672451765435,14.090760530941626,14.0356688476182,14.0356688476182,17.029386365926403,17.029386365926403,336.0,9.904440584620836,0.5824279435340625,401.2990264818513,1.1943423407197955,348.0,-363.2,151.0,307759232.0,5.144625224721452,270.25,4.289086788574881,357.0,170.8513674197384,-86.62068965517241,-56.5,-1006.0,1363.0,112.04496345113758,940.4071507572676,-1.0255372974930208,307759232.0,0.0341854934601664,50103.84462940943,1883.0227022870165,43.10724073862172,263198.8843587046,-3908.299741145584,269.41501014438853,170.6528796458854,0.2285307588433076,9.630572278633602,4.565108131500782,76.56142296239294,0.0036851931982486,8.258304801093422,-0.3812798701673972,0.988976435335314,0.116208895468943,0.9631571330674192,0.197909216399914,0.8785917174413225,0.1272163089027825,0.0110058734314352,5.651723343452385,110.0169724475685,11.52076730365339,0.0339226022620542,105.44831278745627,1907.9520595781223,1.0752376602194893,2067.862077771147,0.0037863710850224,0.0037473949715201,5.264118464388838,323.5988081636281,0.9526842422129256,0.9759062776304156,0.0249866625524687,0.9816985806311648,1868.8712308208296,0.0037379393923829,7.556451612903226,0.0304695629552549,124.34727822580648,1836.2379032258063,2.5725806451612905,5156.274193548387,0.0057489487297248,0.0049367206919026,139.6290322580645,0.5630202913631633,0.7782258064516129,1374.5240815412187,0.0048160146352573,6.139390543181033,0.7126436781609196,0.603537981269511,6.25835345937988,143.33908045977012,0.4118939093671555,0.5730942000264236,11.89655172413793,104.13386841062228,1913.316091954023,3.218390804597701,6683.701149425287,0.0047954451926005,0.0036693089295156,0.6188138569604087,1112.947337962963,0.0034665554634187,0.0239650198637481,0.0172604703694776,7241.902253409411,0.5193847908629988,18.03070490891772,132.8144287109375,542.6571044921875,635140184.5220859,5.610293355825955,203.01789093017567,2.9104538792251984,771.7365112304688,124.33085193525676,341.7962883477924,337.5675354003906,25.975950241088867,745.7605609893799,85.54213050537047,1350.9683463222275,0.416680642473075,635140184.5220859,0.0236325802615933,24698.19334070316,743.8012924937854,26.99092595823975,541520.1239021504,3716.1388373288905,411.452426479683,350.6515697192165,0.0818689665646403,14.677693794918534,5.064489409169361,132.73969876262203,0.0029397439398603,8.51184586068308,-0.4722939544450977,0.997167245853713,0.0676986565256058,0.9347132915001064,0.1377034292194546,0.833390947263089,0.0743834004680386,0.0081984181644454,5.9866521037437,190.5259990497248,8.116864565457535,0.0236273146536003,188.6857144759696,993.8829747727102,1.0395961732922354,1031.6704332871625,0.0133816429240694,0.0131746280162974,5.658722781141027,334.92135493884143,0.9747986643274734,0.9871794871794872,0.013265566700608,0.9903508692075552,984.4850930000975,0.0131241493532861,6.938566552901024,0.0236811145150205,186.88802432177428,991.6655290102389,1.6655290102389078,1698.296928327645,0.0176794815796191,0.0146632044307834,216.160409556314,0.737748838076157,0.8831712172923778,878.2504740235116,0.0141424337869321,6.088068179704667,0.8419540229885057,0.2548661021095179,6.276882844396906,198.316091954023,0.5698738274540891,0.3199233716475096,8.224137931034482,188.91566752543267,993.485632183908,2.0977011494252875,2036.2097701149423,0.0192088452172916,0.0130722905441513,0.7798531289910601,776.7988505747127,0.0120486501407507,0.0438927868215705,0.0155357271375062,15206.994740240709,1.026789237427389,19.52761558220057,external
228642,,5,1,0.9122312096311228,0.0,0.0,15.907709904433672,15.0,16.0,17.4928556845359,17.4928556845359,154.16666666666666,14.51150944858252,0.3862574554684702,359.9710467053935,2.334947329980931,167.0,-533.0,82.4,125420165.0,4.921402712767254,303.0,3.2837230166201907,167.0,189.6075155079064,-164.78443113772454,-82.0,-940.0,1107.0,134.9540392334219,866.6134963729842,-0.9774824306130424,125420165.0,0.0414141776327584,53433.90562587399,1470.2139864864864,37.713883073214056,268382.0961979096,-5015.898366774824,276.0460583427325,84.71166730110392,0.5298426679135783,6.778632787717296,4.088202237993652,38.5184326247182,0.0065320781892675,7.538429442134819,-0.4193203826984575,0.9907522076518523,0.1662332883027667,0.97117138561643,0.2519297139390537,0.8917491401204973,0.1717140278160331,0.0222976145159243,5.349902610295603,90.18943141095907,6.268691760795944,0.0396605869729358,112.3601725776392,1388.7617978992569,1.180910762740131,1697.9213306859942,0.0079726780576804,0.007831182696755,5.150787262635146,142.3799246965777,0.9007629838206948,0.946107784431138,0.0631410450377372,0.9600252939567951,1321.8372134271822,0.0077985272491596,4.865671641791045,0.0363109824014257,114.83877255513475,1335.141791044776,2.0970149253731343,3239.701492537313,0.0098852300861934,0.0090845927232906,97.07462686567165,0.7244375139229227,0.8748413544522285,1134.6869817578772,0.008965780604389,5.512089773176444,0.8023952095808383,0.5438293606593896,5.713100643265298,86.79640718562874,0.5197389651834057,0.5207070888163792,6.916167664670659,111.00541432105848,1405.2814371257484,2.568862275449102,4097.377245508982,0.0086342601261781,0.0074508852989346,0.7448336660013307,982.4754091816368,0.007230737739672,0.0186251972583575,0.0360256339797642,3446.727951887184,0.7140688487861295,30.461930797002868,60.44283752441406,350.4209777832032,237177374.09488708,4.99585769947214,171.30863189697266,2.333766754132346,452.8451843261719,91.41920875189034,186.79176673203887,167.6096649169922,14.543039321899414,438.30214500427246,69.11840195822684,1191.7314282066122,0.5502817379567506,237177374.09488708,0.0361791387285309,11749.099392417616,255.29545869813472,14.631598306052537,162588.68418547843,2512.7888311030624,249.03666913828283,84.4543392335998,0.4909746228709621,7.024458507803578,4.122489914314639,35.076402065634234,0.0054283042492032,7.712561597213055,-0.4247637722582357,0.9921277714480136,0.1429907787233372,0.9529226646599078,0.2319160126694501,0.859950955982083,0.1503051697490926,0.0162427039715772,5.461015453119246,83.37275209297064,5.69081712293753,0.0356228452641442,90.37410227984792,345.5552477581705,1.136605008400701,375.4478997354087,0.0306058279186996,0.0278098100615446,5.163366213187065,145.958690935278,0.9133949639696668,0.9565868263473054,0.0433025180151666,0.9658487478998248,338.0820847638609,0.0271108055972559,4.843971631205674,0.0343544087319551,92.79352145264323,358.645390070922,1.624113475177305,493.12056737588654,0.0421502912638731,0.0291687131253737,103.02836879432624,0.7306976510235904,0.8796788810086683,326.1556836091411,0.027336833169157,5.530331165855334,0.844311377245509,0.221316835169257,5.688107233736815,94.2934131736527,0.5646312166086987,0.3584208827853276,6.041916167664671,89.75216034995879,340.03592814371257,2.1736526946107784,571.5449101796407,0.0541116432629381,0.0274900562266696,0.7766550232867598,284.50918995342647,0.0235999621954801,0.0811312295679578,0.036308360162989,2749.74456577739,0.6413981172212853,20.461162165444183,external
6031297,,1,0,0.7714787256489123,0.1422216949868965,2.7129871242730346,19.07576143374605,17.0,20.024984394500787,22.36067977499789,22.36067977499789,525.2083333333334,14.716544121689068,0.5134602666014695,613.100525053985,1.1673472908604237,543.0,-510.0,-1.0,303995005.0,4.570022495634747,360.5,1.6402355044245018,21.0,163.71807942370498,-275.353591160221,-297.0,-557.0,578.0,137.49465533204278,748.22688501208,0.1979300043812552,303995005.0,0.0475938531248198,34731.05361049215,225.4290147276488,15.67350641689182,43555.65151870727,7.049104857249272,120.51635948608453,202.75383205092487,-0.1926944215687719,11.756916710415394,3.778768314498357,22.80185194378802,0.0108393484722089,7.264731924938224,-0.3360275225084184,0.9709648516801348,0.1447610545385786,0.8141288554071756,0.2043094557037933,0.7292329872878809,0.1193443759734431,0.0450540171970196,4.890966187957167,80.81754788425233,23.392940164520944,0.0459639499932793,69.31302545406602,255.30332408688008,1.4027438184433632,437.5431776538818,0.0518155771307002,0.0445936863926509,4.802942158467212,468.211468608261,0.9106893970187008,0.9318600368324126,0.2015517222286643,0.9587496596867994,241.6003152240173,0.0434418744242417,10.201612903225806,0.041135535900104,53.18338644640999,206.9233870967742,21.536290322580644,10931.112903225809,0.3259453686914857,0.0604336959481551,118.78225806451611,0.4789607180020812,0.7192105349717691,147.05423461279312,0.0479227204621408,5.857038043244619,0.4567219152854512,16.742309443288242,6.465965363416637,114.292817679558,0.2104840104595911,3.741589762895584,25.843462246777165,72.5158640524472,266.8692449355433,11.423572744014733,5165.141804788213,0.2225539659748384,0.042780196960611,0.4018072590198346,84.4799130166015,0.0245433729243142,0.7546596650678298,0.0041207342210424,2735.568739078029,1.74781148112505,1.5656109131263238,96.0219207763672,346.8153076171875,823469048.6308594,4.6941825464737175,193.0267105102539,1.5816894859746664,388.83447265625,90.42483771180268,227.4128463070696,229.0027313232422,29.04307174682617,359.7914009094238,76.51857560051073,1231.469684951904,-0.1445705614144671,823469048.6308594,0.0463389735084738,9975.28967592036,284.56177046303594,17.742018035372848,45773.8790622427,-161.71806639598324,109.53683011345748,230.88621971332907,-0.3209991299551558,12.39310097771815,3.841299282435626,27.41384049297395,0.0078779314461207,7.50607185595707,-0.3923022019707217,0.9865450085404732,0.1548669055333858,0.8395244789950307,0.2117230529363074,0.7515594991561841,0.1325151935193028,0.0268566659263883,4.544418534581184,85.10576245669664,22.875871006731533,0.0450807557883552,74.95562755813025,404.250514818879,1.367262693685596,605.6924302728073,0.0172231322934865,0.0134650419122145,4.949299057459552,460.9797110884948,0.8963465741723897,0.9298767530811728,0.1593661537076301,0.9515592049253982,380.098342697504,0.0128235053816887,8.342723004694836,0.0391677136370649,61.7092287685424,321.4788732394366,18.014084507042252,10632.81690140845,0.1377829118080554,0.0174036616391027,72.82159624413146,0.341885428376204,0.6050586542980864,172.1185953372541,0.0130247259835045,6.258817280858889,0.3922651933701657,11.515175560404682,6.67120404882237,111.47882136279928,0.2053016968007353,2.642776472024664,25.162062615101288,76.20770631747098,414.2799263351749,10.613259668508288,5863.992633517495,0.1221107778390737,0.0133042013508123,0.3242991221793949,102.84335281442227,0.0059200594626564,0.4092323862151603,0.0042617633755548,3803.06879521154,1.3262720221640134,2.25317405309685,external
6138104,,1,0,0.8703043445622702,0.5630840845489308,9.970401024152869,17.706771151487697,20.615528128088304,18.43908891458577,20.591260281974,22.13594362117865,1892.2083333333333,15.410279861309617,0.7753627600369806,954.1686718056244,0.5042619541394531,1911.0,-336.0,27.0,1597666690.0,4.160198560991663,183.5,4.486224521842756,165.0,120.60020082581195,-98.26792255363684,-28.0,-741.0,906.0,82.4046690617565,914.3505843516118,-1.4235858903297491,1597666690.0,0.0866790382376836,22916.25160840008,1001.0600120754184,31.32350362316368,65655.20119071813,-1813.204729906265,108.56174634551697,29.18173049053085,0.5695334474063323,3.413930343610702,3.311342041735448,17.145522537190324,0.023159529683881,7.012906186836913,-0.1718620510696669,0.8370968947713178,0.3891354812659622,0.9849015005827264,0.4489382602600308,0.9316860830289806,0.3130684122451911,0.0765671407531933,4.792958321580956,34.435869209011926,105.60270610008746,0.0674285942094211,51.54540924740718,894.9466804915621,1.927547006466832,2008.4764557246576,0.0037779723666465,0.0029614206018999,5.034835131479205,1148.1238392160956,0.7330584546589536,0.8170913335748499,0.4160270139388686,0.8788628597652833,752.9557151203319,0.0028480133834537,24.17089678510998,0.0408983025128764,53.02274100223028,619.4788494077834,427.663282571912,519801.9221658207,0.3588600425052603,0.0058984449943407,310.58714043993234,0.5255281564127451,0.7529861041084096,436.1852196909408,0.0053821256297078,6.027119279533972,0.3092621664050236,417.2077439081999,6.942966700725028,201.5494505494505,0.1054680536627161,25.41856464036325,165.6436420722135,47.83401064809452,949.3417059131344,58.54578754578755,71423.27263212978,0.0506735565354929,0.0025799392218184,0.2816423716892498,177.24979529189935,0.0017450094774477,0.1489983279586451,0.0039702133814556,1703.1817322962795,0.1631310185237273,4.220638132439854,14.309087753295898,324.08526611328125,2528122678.9580693,4.909576570719214,206.5185194015503,2.403837242692069,493.2491760253906,105.8385651847125,143.57644906685277,112.27198791503906,1.5811388492584229,491.6680371761322,83.60089591988847,1150.1877258918614,0.6906086278055377,2528122678.9580693,0.0471009641227178,15164.709931939626,181.92673387048737,11.021976015798703,287104.82114159776,4701.389361234274,319.665407744366,78.99242931348516,0.5953412021695993,5.90183737140616,4.0109550426647615,42.14688464053575,0.0103445297677479,8.51903510477609,-0.1823165751670626,0.8953857276581207,0.272021784518694,0.9658817404919277,0.3418315928591111,0.8950182308564311,0.22960956343974,0.0682677506825955,5.626952837147262,99.66445926446283,62.27553562572746,0.0369679628444907,114.90789128853504,316.08502923211665,1.5265178730681666,344.9276559799128,0.262064370514721,0.0915642603863764,5.489050126723362,1383.7894103812175,0.8215026689454761,0.8808114961961118,0.2348662507187069,0.923326929922504,309.71428582829753,0.0697032944123625,24.501187648456057,0.0290987976822518,94.7065196540304,450.80403800475057,119.80878859857482,1914.0938242280288,37.6053898551351,0.0159111595118753,444.1282660332541,0.5274682494456701,0.7545629156698237,358.59224507999187,0.010299948652542,6.445556812409862,0.4406070120355834,114.6577216896768,7.263474268814853,340.4379905808477,0.1781465152176073,18.89288733244777,90.00994243851386,116.0062520520022,286.20565149136576,35.69387755102041,1165.901098901099,12.862397491534525,0.1174065974684843,0.3915099273146086,176.0978399149676,0.0082180166680162,0.8208842308759581,0.0039400481952149,3190.6582724885748,0.4893096546445744,4.2311705456939785,external
512959,,5,1,0.8178708637115892,0.16947336820719,3.3872449466059065,19.986886331690904,21.02379604162864,19.0,22.47220505424423,22.825424421026653,750.7083333333334,16.3466919870054,0.5315341254150256,751.5083265316596,1.0010656511494604,767.0,-575.1999999999999,64.0,547097027.0,5.105467076209728,389.5,2.2124272301599643,174.0,212.52408595095267,-191.7640156453716,-99.0,-769.0,943.0,166.14187322361028,844.567753173261,-0.665451581180758,547097027.0,0.0355590534584192,60049.28329443522,867.2588708390863,29.549821934167696,159624.69498573503,-2442.082218851964,220.54196630706585,244.83947330723765,-0.0377104311054682,11.911714914763412,4.675270038187643,79.87082571213922,0.0031838803298626,8.686904952968952,-0.235942562200725,0.9476453535294888,0.1161795790226236,0.9047471686201672,0.1900565992706017,0.8111229676799088,0.114213970722991,0.0112037280795889,5.528512396254113,116.34535990357598,25.69420899805618,0.0346534323625781,126.04847622363914,888.2523349691099,1.112499397226476,1013.9765724771144,0.0095577220943019,0.0088563931285001,5.292652019954554,695.4997122708963,0.9370636399606542,0.9665028582890384,0.0396860770169031,0.9749664711249746,860.4743416206137,0.0087142454648781,13.99410609037328,0.0274933322011262,128.68347736808178,799.483300589391,4.288801571709234,4702.925343811395,0.0248109942933398,0.0099554619433796,307.4950884086444,0.6041160872468456,0.8047646543511292,609.280611747581,0.0085153968397326,6.2217629120214735,0.6636245110821382,2.0181256055056136,6.550886905105753,267.3598435462842,0.3485786747669938,1.314500186133006,27.273794002607563,125.38250077767898,895.9335071707953,4.814863102998697,5299.06518904824,0.02891898559479,0.0087600412776774,0.5920818846878169,463.87469143850507,0.0060684941128726,0.1639229464854283,0.004727589454521,6601.448645498954,1.2722825971288256,3.725193011933868,131.06360473632813,524.7157836914063,1437824518.230484,5.444310141161836,239.4183807373047,2.172994028589749,721.4282836914062,125.73829913582104,361.1332299644042,401.8317565917969,12.389512062072754,709.0387716293335,96.3957187039252,1369.163334883255,-0.4902924560438278,1437824518.230484,0.0271142244713057,21924.56787530457,805.2929026750072,28.94556251977055,254176.59407890344,-1422.428269324651,276.7145464173415,408.7232494938036,-0.1803057043339406,16.69792171112719,4.843856399093867,78.5361231771087,0.0020389859763906,9.16813531494794,-0.3184827152402972,0.984240792840729,0.0662735708444988,0.914746738885756,0.1292668928048887,0.8066495367085319,0.0710161166444659,0.0060199843028168,5.644123834530081,171.3594489777863,20.31016570157008,0.0269597162554154,168.17632609261878,1131.8622782586465,1.0567578582896522,1197.5902205095042,0.0069157807119303,0.0067149889445259,5.537546543618827,727.2141384066038,0.9645353738706586,0.982047939023167,0.0183336965107475,0.9860466406360678,1115.7556456732184,0.0066649669071824,15.219269102990031,0.0252811779119435,179.16547554662753,1126.516611295681,2.0548172757475083,2381.151162790697,0.010812460428522,0.0074541757311125,403.4285714285714,0.6701471286188894,0.8456621447028424,955.3145828719086,0.0067533270811118,6.268212643607692,0.7848761408083442,0.4315211752629662,6.505324278157727,371.2894393741851,0.4840801034865516,0.4705374399317342,20.79661016949153,167.26824060963233,1132.3142112125165,2.621903520208605,3034.825293350717,0.0118726017946105,0.0066568148318527,0.7114638562943648,804.4448297841517,0.005496090755835,0.1277376131952622,0.0040132338204042,17372.31939558765,1.271712384852598,5.584494182696807,external
6002440,,1,0,0.8392925450203202,0.2042044612037505,3.463030242169641,16.958641460405257,19.026297590440446,16.0312195418814,19.6468827043885,19.672315572906,565.5416666666666,14.233261351390649,0.5764552952465173,573.7132716586468,1.0144491652403689,583.0,-539.0,-1.3999999999998636,358661415.0,4.907444140108018,384.5,1.7344594188801126,69.0,185.82769080493927,-243.88164665523155,-196.0,-688.0,757.0,154.35516402954556,784.3466597594553,-0.3580765473707301,358661415.0,0.0378211710293654,43484.71841101066,554.3337186531437,23.420071046728115,87178.93010045878,-990.778456345916,187.05478460633373,165.2124886966556,0.0715435685106952,9.245130729005968,4.132868926513797,63.0204130870732,0.0046714385470635,8.179699014660672,-0.2678580807948265,0.9552325252856384,0.1765087402030356,0.9059267867257672,0.2503914236392679,0.8241232635997375,0.185029346659605,0.0175615564756923,5.3530381585046936,88.06681832574733,20.35998234050121,0.0367273021103258,90.35203724428726,538.6225732345788,1.1794727543394274,669.9957821307734,0.0128444542852728,0.0121481634517583,5.148849547775156,505.6847603144581,0.9104257145426788,0.9501253463517614,0.0656426239658403,0.9633730500258288,512.1453868665288,0.0120022412251017,9.693069306930694,0.0319903277456458,79.12675227918831,407.0594059405941,10.617161716171616,8681.488448844884,0.0422851128320998,0.0185899207828516,144.84818481848183,0.4780468145824483,0.7186533210970438,252.1066345851504,0.0168104262860473,6.186105778190656,0.5197255574614065,6.915030116873075,6.544689318417305,149.442538593482,0.25633368540906,1.872493667050125,22.049742710120068,90.58878633906951,548.3138936535163,7.147512864493996,5278.385934819897,0.0325691193689524,0.0117251424401823,0.4496480447524922,179.52929387735657,0.0091352070124629,0.188419588144358,0.0069149070251848,3502.710754856841,0.981476038091172,3.7432109055898697,208.37961120605468,413.8000732421875,1004181669.5914252,4.705711042848328,122.357666015625,2.2674461351636435,473.7615356445313,65.21128181801919,310.1110640668133,311.2804260253906,101.14346313476562,372.6180725097656,49.34931099035903,1312.4170607406777,-0.1605084244230085,1004181669.5914252,0.041710676132502,6047.54113292186,352.21418956199363,18.883445597181648,23811.151636469043,-110.78993898977382,87.15153880794212,104.93411401447612,-0.0850713362803182,8.133160736733874,4.071780537361958,27.34453624815797,0.0038473689330668,8.298670641968874,-0.2394573960196268,0.9423062171552854,0.1337396981910326,0.9257986546481448,0.2154996802812745,0.8236535750371303,0.1377120006066637,0.0109147324979108,5.005774675668845,48.02141320560458,23.2029898074362,0.0414508551959025,46.83923842496583,430.5609523936486,1.1426334202036517,492.1461466160223,0.0077333157461004,0.0070962183785387,4.894929617992668,520.8515245739218,0.9262341179851472,0.9600211109645072,0.047915831002511,0.969092242720336,417.3835568113452,0.0069522806954371,13.448377581120944,0.0396707303277903,50.58626360717362,431.0088495575221,5.289085545722714,2258.6725663716816,0.0253174109282773,0.0085866839061212,154.9646017699115,0.4571227190852847,0.7016215516936448,305.5947766467286,0.0068199565747928,6.097745054620577,0.58147512864494,2.331497289442313,6.398721461250792,173.93310463121784,0.2983415173777321,1.1288038153632511,24.317324185248715,46.52224108458938,430.49399656946827,5.288164665523156,2247.293310463122,0.0248443495921819,0.0069873810352742,0.4847636744806555,210.2906394129979,0.0043764974367169,0.2286497523241189,0.0085830560203725,2236.5555361284505,0.5248565405909709,2.7262556131403275,external
286233,,5,1,0.8035884896415888,0.3732151767091137,12.387153586914684,33.19038013443197,36.6742416417845,41.19465984809196,39.319206502675,41.352146256270665,6660.208333333333,26.67140744285837,0.5301901957391157,3228.8235200183067,0.4847931713875277,6704.0,-379.0,18.0,5356305119.0,4.389780012520346,188.25,5.642377859224864,127.0,133.2688669287313,-122.98672434367542,-47.0,-1020.0,1147.0,85.64199125980987,893.8520723795051,-1.65626230017392,5356305119.0,0.0736978528830435,29819.241619699667,1870.618954481831,42.96325200690943,157637.99560465396,-3419.505431575218,153.5777248816077,54.86044192012697,0.4687226953328219,4.686637057631239,3.728003903082573,32.75123161566039,0.0121951823133778,7.957126356222175,-0.0863177789052613,0.7091170321516895,0.2898588033452496,0.9826577421380738,0.3631757761075293,0.9264427600207982,0.286405967464605,0.0450850156559039,4.976037483612351,52.10954170043365,385.4749753147384,0.064321517051015,65.86045174984754,1779.407317410138,1.4168791443862054,2672.589576752566,0.0012160716038215,0.001013453523417,4.98682902528321,4933.066330607457,0.8229762129816833,0.8937718009913713,0.1641089472152044,0.9249823751279352,1620.4577782404108,0.0009761050884537,85.0,0.034412955465587,83.50217574456228,1404.8688259109313,851.085020242915,1876112.556275304,0.3878689642658591,0.0016895581507566,1390.1732793522267,0.5628231900211444,0.7784497731508194,1043.4441679023205,0.0015142459287713,6.330275064328453,0.368436754176611,843.7183012342441,6.838322681119838,1017.583830548926,0.1517875642226918,8.825782420355317,494.0704057279236,62.15388374624774,1816.968973747017,22.97792362768497,49611.42661097852,0.011277238338881,0.00095785444954,0.3461163613511149,495.2929489290497,0.0005958786102269,0.3332529535317367,0.0009191034471897,4823.027500281475,0.1676890652771974,2.17020508718867,22.45885047912597,389.423828125,9273577231.095213,5.156714239785065,225.8541984558105,2.9180812832864538,681.7171630859375,122.68131628588964,167.00843012167545,123.77347946166992,1.4142135381698608,680.3029495477676,93.65948340551309,1176.1335637458749,0.9022075404504042,9273577231.095213,0.0404867734718986,21381.483794514585,247.9332723204748,13.135930973672272,589412.5723082328,8190.217148107987,436.6970302506806,136.15047636671457,0.522849044125766,7.711531300471889,4.396853187273318,75.90908942061516,0.0059629901563991,9.3282561839309,-0.1141522414421592,0.8167970426317773,0.2235992178340413,0.9679962640282088,0.2945767358628295,0.8987600988102418,0.21914436093217,0.0278267797218837,5.861065588961799,143.2118766543487,216.6695706094875,0.0352100927524801,165.03104064728117,417.9786590963562,1.307033475871985,443.12922948176646,0.0982099913320909,0.0594209494385584,5.624294730645319,5297.891374751977,0.8608837510041945,0.9178561593537728,0.1197802262392906,0.9424292253577904,412.054349267933,0.0525332468990643,76.71851851851852,0.0236785550983081,149.51842554488644,635.7481481481482,327.3469135802469,4592.324074074074,43.91103484760728,0.0240565856053259,1933.219135802469,0.5966725727785399,0.8006451601142384,543.2542501955618,0.0166289471530628,6.6697086283064575,0.4832935560859188,323.0655906111873,7.265506959512329,1397.822195704057,0.2085056974498892,7.283185669795683,271.4233293556086,163.34334211114657,391.0993436754177,17.116050119331742,1163.1625894988067,2.310254516442987,0.0646871495532133,0.4427608748791499,280.4720795601136,0.0118150602346396,1.9077385787198768,0.0009540361799822,9158.413343790637,0.5251066255678489,2.2041804016604045,external
5053045,,1,0,0.8730159611106636,0.2359431816944223,1.9857135564227533,8.416066707935283,8.06225774829855,8.06225774829855,9.433981132056603,9.433981132056603,89.625,7.347360565799579,0.7166600346554042,135.14201312325952,1.507860676410148,96.0,-547.0,-227.5,39879283.0,4.215815300479873,246.25,1.728293223493899,-152.0,111.29817708333331,-367.96875,-347.0,-598.0,446.0,90.15650969529084,644.5224572632568,-0.2078428724889097,39879283.0,0.0618489583333333,15945.696940104164,183.4481655686935,13.075976988704022,13773.125730034282,-270.97299668154494,81.35415159514615,31.928757005243856,0.4346029812015743,4.451607405909303,3.3261753352315955,11.137045751083154,0.016185711895391,6.129287258984269,-0.5024925024152165,0.9904302634092016,0.2120986238697077,0.9438849292070932,0.3043746882136008,0.8451460565850736,0.1994715263499037,0.0420726580837647,4.403472025665489,28.320727150097504,5.483818396846187,0.0600358015843996,33.429587931334126,167.83363798373955,1.1632095513813347,202.8010524743501,0.0419578744694629,0.0394119710017964,4.400590466510027,82.97039521575276,0.9067613896864746,0.9511217948717948,0.053833518235829,0.9621578659866752,159.83205715385878,0.0387880977323346,2.8076923076923075,0.0539940828402366,35.9005177514793,147.3653846153846,6.538461538461538,1468.75,0.1174544198944853,0.054432719028475,20.73076923076923,0.3986686390532544,0.6403381505082688,88.761651778941,0.0445059704221934,5.070538035407168,0.5416666666666666,3.1301775147929,5.358145443316794,25.916666666666668,0.2699652777777778,1.5516493055555556,5.9375,33.252495659722214,170.09375,6.708333333333333,1477.71875,0.1111564843553204,0.0382405569381896,0.4216608796296296,60.938046875,0.0259394593629559,0.0744137527166093,0.0584859964972738,575.9863065294581,0.4354727176873578,11.142078792882364,208.43338775634768,294.01634216308594,151418565.15306547,3.4219368962830234,51.50569152832031,2.273306897036264,328.8149108886719,27.952938338120777,255.4523978233337,259.67945861816406,181.8192749023437,146.99563598632812,21.01549351974868,1255.8967793351617,-0.2090459986454345,151418565.15306547,0.1052517361111111,1115.9971440739455,64.5449131083233,8.003358474090552,693.468613777814,-3.646342237233472,16.607544963201455,14.710556407202375,0.0537191186759378,3.0965936482516367,2.899719973438517,4.728185602433186,0.023026064624836,5.675342787884857,-0.3084162463778825,0.931626836088396,0.2697416474864105,0.936064945166155,0.3632693142410984,0.8327447491335096,0.2401417879736516,0.0550681075697169,3.678325631100622,7.829525342600959,9.27476415033538,0.1039503856580993,8.513399574154976,69.14239367309796,1.260126672440535,90.41129601542433,0.046162082630879,0.0406266082788095,3.718699997310703,78.06669601045449,0.8702519172632216,0.9294871794871794,0.0903552807321937,0.9452879245794232,64.86759657003542,0.0393734548632128,3.0,0.09375,10.1943359375,61.40625,17.625,1486.21875,0.390757335529601,0.0662945492409387,7.875,0.24609375,0.4867119410360024,27.94878954521897,0.0496451573517991,4.562499999999991,0.3333333333333333,8.625,4.972794209361682,22.5,0.234375,1.868055555555556,10.104166666666666,8.402669270833332,69.92708333333333,9.895833333333334,818.34375,0.2086002663827378,0.0392619160989961,0.2625287580309902,15.83638564106198,0.019780214276739,0.1854512435996406,0.0516519931388702,164.02356563415702,0.206578545226888,3.22937202325624,external
5022486,,1,0,0.6719019876667126,0.2238629927872381,2.7619449194192547,12.337657444096788,10.04987562112089,13.038404810405298,14.317821063276352,14.89966442575134,190.16666666666663,8.289696559839644,0.6367780157424423,251.1417941578813,1.3206404600765012,200.0,-403.1,-8.900000000000006,128785571.0,4.417454788046369,243.5,1.751921968131989,58.0,123.79365,-210.305,-226.0,-451.0,509.0,100.611953125,802.4511542766949,0.0963230815075534,128785571.0,0.0506,20309.661975000003,173.48940526221116,13.460448942204016,14930.58024310282,-77.91208919805504,74.92145404217545,106.15865663818286,-0.1265817198418618,8.654379387771012,3.840024116298377,19.31912736849161,0.0089120029907493,7.052239838176525,-0.3800955495772548,0.980438675457267,0.1103262869222477,0.863020108440957,0.1907854989051368,0.7570390700698307,0.1148339506887121,0.0249436877632317,4.686049015544306,45.27002767008957,9.76621122280412,0.0503694781353898,41.89006081516511,181.71625845042928,1.1090837916209106,211.0524016960176,0.0465434785909771,0.0446473390523268,4.535693290174064,183.72540470727697,0.9448836356383926,0.9692307692307692,0.0389087219901754,0.97718727973618,175.93618158221392,0.0442393764492685,6.4375,0.05029296875,36.404052734375,147.640625,4.734375,1354.65625,0.0987662282282459,0.0576660762994355,69.65625,0.544189453125,0.7656846123866212,102.78113967722506,0.0511048808573604,5.2459627974034,0.64,2.29296875,5.590078225325255,70.93,0.35465,0.8200000000000002,10.12,42.2336,184.32,4.06,1038.01,0.0901260569840358,0.043770690515313,0.5622833333333334,81.8089638888889,0.0343486862476047,0.2793162525623574,0.0161720624665522,1394.630136046732,0.9495524480950124,3.499660326705964,76.58279495239258,393.9236419677735,322584746.72328126,4.850012876948012,218.1614761352539,1.769171917456848,438.1084289550781,111.44046392354966,263.81872742652894,310.7211456298828,18.728321075439453,419.3801078796387,92.72861035764215,1270.0093439090936,-0.4896493856944055,322584746.72328126,0.043,15685.957822395496,392.1207964410863,21.08054406616963,123544.72612017934,-709.603581785608,187.7852003041428,397.52071988720286,-0.305156496728548,16.683900495769624,4.104978982910172,43.88892621012075,0.0088714502027442,7.079033072123817,-0.4864547683225788,0.9946260595257416,0.0930850473841455,0.8121639268913523,0.1506379198827015,0.7257543172822015,0.0977369305141822,0.0254770013617679,4.736828410639939,146.32648004783644,8.218641519507614,0.0422513057353208,120.0110685824034,624.5406272668054,1.1052527564362042,701.192760798837,0.023794004249078,0.0228383087335871,4.963410920129575,185.4485394825198,0.951250739660476,0.9715384615384616,0.0392731146741807,0.97964103210733,609.3646614831877,0.022654075266885,4.837037037037037,0.0358299039780521,113.37689986282578,587.325925925926,3.6,2598.711111111111,0.0492993622569355,0.0285546117436364,78.06666666666666,0.5782716049382716,0.788758749107234,440.7598683127572,0.0263291840123233,5.734973401657387,0.675,1.405212620027435,5.953014957840871,74.03,0.37015,0.8024,8.6,120.3891,627.99,3.83,2783.76,0.0460309060149327,0.0224169393860076,0.5968930555555556,341.3872666666667,0.0184620330046781,0.112755384980342,0.0095129746706202,7319.440410466874,2.083931225354556,8.112331031555897,external
551518,,1,0,0.8979165923959029,0.6631156666506606,13.451024910148766,20.284583198114923,22.56102834535696,23.53720459187964,24.08318915758459,24.228082879171435,3513.833333333333,18.21386382342254,0.81112061138504,1378.0113437061786,0.3921675312923716,3538.0,-236.29999999999995,160.0,3547119175.0,4.710469490121475,182.0,3.66091792286844,357.0,119.76592777247495,-10.941492368569811,12.0,-480.0,837.0,78.3496473161614,1001.287917807405,-0.9101446039755918,3547119175.0,0.0458957915050388,24340.76282897691,533.3058652678973,22.956469668749563,40213.86019917926,-898.3576668904609,92.05835276420764,66.85789622980528,0.1581296058921081,6.280992017983983,4.103449620337854,27.325970715728943,0.0029164204972289,8.931901528436713,-0.0449238981298363,0.5793607937226293,0.1528355503163361,0.9618183945509908,0.2441419592219207,0.8715560080271347,0.1585027026626738,0.0069345231068481,5.172622685058882,39.729062248503205,151.88427904421326,0.0450714554610966,51.8977299221626,531.6065476786218,1.156669347790956,625.5573028341221,0.0145398805657784,0.0139483074572141,4.999325356024063,3068.4818621229524,0.9104818242774312,0.9524720615732488,0.0541854375882225,0.9644471698096304,510.424747385369,0.0138066325145983,64.30477759472817,0.0353128926934256,69.14650512463507,480.5612300933553,13.377265238879737,8174.570565623284,0.0521536084059491,0.022040037775329,910.5288303130149,0.500015832132353,0.7349764263943853,331.8397324805113,0.0202414963301049,6.450705494648842,0.5146975692481628,9.602449426891887,6.64178535445585,924.9101187111362,0.2614217407323732,1.575297960190595,162.3793103448276,50.69332756751298,534.755511588468,6.573770491803279,3896.3914641040137,0.0320993626672198,0.0134687226788936,0.4567182082226145,216.1178890927013,0.0108639091977003,0.5984129963879872,0.0017035514416967,2874.5260886002875,0.3345685518457469,0.8175969901177514,64.04877967834473,501.25237426757815,5365079679.626561,5.393513869166905,215.9877223968506,3.19913585059562,780.9946899414062,137.71827171325953,219.82891714572904,150.3786849975586,3.082206964492798,777.9124829769135,96.29358677747128,1231.4284241139706,1.1273903102383014,5365079679.626561,0.0319761766060227,28433.376610895404,374.43306193784696,17.087835887430742,1060543.5068137946,15361.717593884125,500.3952396212269,170.9287194371862,0.4897920689785209,8.89135471289083,4.601505736308299,91.54411292877022,0.0021641635311972,9.706428769869095,-0.1203575455236905,0.8420536067163541,0.1458486244765544,0.9695714701530502,0.2297259984689577,0.897142529963827,0.1490608111615579,0.0073494485528888,5.975550043114934,167.8309897646032,103.8689781978172,0.0308068131347926,221.5391779700589,624.037341408723,1.1563110476942116,659.7747201478089,0.0142104499691196,0.0121148787933305,5.683257914872346,3076.8628860038434,0.9125236856778955,0.9529503848328044,0.05497557532369,0.965224909351737,615.7783781889198,0.0116499844328617,37.968186638388126,0.0201315941879046,259.8136868863502,907.4703075291624,15.911983032873808,2836.6654294803816,0.2093600848383422,0.0110938187414464,1058.83032873807,0.5614158688961135,0.7769008326763466,799.0531927284275,0.0083955385488983,7.01313685112367,0.5330695308083663,12.392877585468188,7.20440938216283,945.8100621820238,0.2673290170101819,1.8433015558128325,113.13171283210852,217.15368097512555,605.604578858112,6.78631995477671,1733.8425664217073,0.0900077735305194,0.0121750170248161,0.4860436544522337,450.2457087912082,0.0054176058577463,0.6430866578275158,0.0018490543845617,13199.593466059789,0.6279466311125831,4.808460582443683,external
609499,,5,1,0.7403313738535741,0.6499835128229197,12.773215335362728,19.6515989765461,23.323807579381203,22.47220505424423,20.615528128088304,23.53720459187964,2388.1666666666665,14.548695268725863,0.7087910378973764,1219.014846820592,0.5104396036655421,2415.0,-139.6,154.5999999999999,2522989593.0,4.4202386690218525,147.0,3.1765607019567588,441.0,91.21954451345756,15.464596273291926,24.0,-314.0,755.0,61.81438499276301,1022.113588393012,-0.3363052629319084,2522989593.0,0.0553186819781472,13547.841293159983,277.9140593477645,16.6366476950858,9603.459901060382,-136.2455451708496,51.54383558380251,47.02040045184389,0.0462263981908972,5.348982268047341,3.8505120555944408,17.948471080445866,0.0039042308162744,8.462094188286525,-0.0474666729377167,0.5697861030314264,0.173667494919823,0.9674274260018182,0.2668376159019435,0.8792268044412849,0.1794630650231741,0.0093684104592808,4.836836587000197,24.6410590089116,123.8718932547302,0.0541417822592465,29.099012075776425,290.2164800657622,1.1742994761494194,342.7606633728197,0.012836658604909,0.0120519157683524,4.731038890974992,2061.4423192190347,0.9007790068166508,0.9473801560758084,0.0596608766510553,0.9603188738932088,278.2134508521624,0.011871200925861,48.1719298245614,0.0422560787934749,43.31448445675592,281.2315789473684,18.857017543859648,5719.833333333333,0.0857898079423657,0.0193336798454657,568.6526315789474,0.4988180978762696,0.7338463790010713,204.96466020358275,0.0174654589952295,6.161939525471509,0.4720496894409938,14.36930978762696,6.383145648582523,584.4211180124223,0.2419963221583529,1.7539316470129325,133.59461697722568,28.24966869419476,290.83726708074533,7.3619047619047615,2229.802070393375,0.0382797879507005,0.0116547484411401,0.4264391875414378,120.42385292701928,0.0086837344039964,0.6940178349119617,0.0025679128854977,1623.3009354626429,0.2332498658167876,0.7638128000850686,54.75901641845703,388.89302368164056,3374995763.813422,5.051204635574278,133.95405960083008,4.684010163834571,725.1989135742188,103.64554208256985,174.30994257324724,126.3249740600586,13.5,711.6989135742188,64.37830206218234,1182.164867451146,1.5075162807874356,3374995763.813422,0.0411662787358169,18509.9326094024,199.27809491501608,12.672279386842254,489552.5274414544,8265.937648317251,284.446421421433,129.79529928749926,0.3713723733545994,7.613851671584119,4.381719207902628,71.5151903618403,0.0031421572290069,9.056044956109302,-0.1127401636443086,0.8112172161673888,0.1667503781835948,0.9724131675077388,0.2521513330894539,0.9028120677410982,0.1726511945441423,0.0099034588766726,5.577169936826689,103.560430177233,90.62555110430816,0.0395637607991042,145.39649704501338,371.4936741030961,1.170997794292234,391.22250091377066,0.0323142672083837,0.0277660965931734,5.366248791334595,2069.33912957502,0.9033555870449876,0.948494983277592,0.0593533145446918,0.961465577242716,366.9223494118983,0.0267645275014946,31.235673930589183,0.0252103905815893,186.817004001639,573.3091202582729,21.81194511702986,1993.4406779661017,0.5074431124583426,0.0278941748328217,704.0072639225182,0.5682060241505392,0.7804652271973188,523.0028210540863,0.020744016406399,6.711517989581457,0.5130434782608696,18.012749483591193,6.908409420284728,607.9846790890269,0.2517534903060153,2.1810568007921507,99.41656314699792,141.3296887551492,358.376397515528,7.652587991718426,1024.9942028985506,0.1955339791004958,0.0276927926019155,0.4717355559546109,280.4281352387056,0.0127685018192375,0.6328630737453428,0.0024422532051871,10377.83745905784,0.4632581718816436,6.10463557629679,external
5047832,,5,1,0.885833110182974,0.429416869561591,17.702914729501195,41.22547571914168,52.630789467763066,51.26402247190519,53.85164807134504,58.2494635168428,16916.375,36.51889137505994,0.6741110220463369,4727.420480363954,0.2794582456562918,16971.0,-266.0,47.0,15969732533.0,3.395969665238619,59.0,9.160883235090532,187.0,107.41438935085988,-43.36320782511343,21.0,-975.0,1162.0,43.22986472740444,970.0521990137964,-2.535965076582493,15969732533.0,0.1854926392491003,25847.31666884485,2014.766446309726,44.682215578175565,134054.26722011567,-3077.671405215785,104.45141436912114,31.537353326616223,0.5247401483960926,2.689899473915081,2.7745838515208274,24.10562419982544,0.0702981271591245,5.661535923589008,-0.1350478232400604,0.7201368853293422,0.529658767854014,0.9903811183219292,0.5639210875360875,0.9583861145055416,0.3972801429346634,0.1913735865445588,3.9593807145340807,33.997191923934345,1505.8450779482073,0.124919885845259,69.22204206310427,1849.7414774993028,2.967779281920383,6161.2851886067065,0.0021049100406359,0.0011202424129432,4.905065799470525,7291.708004151684,0.6043568543686078,0.7075871509316799,0.9408737462593268,0.8047076709578957,1424.4302988411666,0.0010201059920308,115.82418224299066,0.0338271560289108,94.39240864035617,1210.9944509345794,14761.507885514018,32438657.151577104,6.725541983586959,0.0019703743483977,2108.7318925233644,0.6158679592650013,0.8118780819437811,918.051590008456,0.0014705899700018,6.188540005392751,0.2017559365977255,14736.941155392256,6.645220407949839,1098.8499793765836,0.0647486877247412,35.05247970884945,3147.995580696482,53.97210727762464,1949.0657592363443,109.05951328737258,239481.65417476872,0.0513053772141445,0.0009398413732289,0.193226304942459,239.4304589298636,0.0003540952893774,0.7116280690816765,0.0003620026551131,2964.329190437052,0.0915999682188102,1.5523111395504616,9.708244323730469,431.5141906738281,21910398543.21477,4.087008578832748,189.900625705719,3.194652925019965,641.512451171875,138.3271160279878,123.91528414909016,24.41823005676269,0.8660253882408142,640.6464257836342,97.62148254313088,1136.243526465903,1.3043659707477768,21910398543.21477,0.144459691228203,27863.78549174108,190.45475292839456,9.0397478673346,1257578.3674585514,19808.773839813584,544.2064107343496,110.46849940937416,0.6525951829375184,5.581981574423385,3.5665205031475224,77.69018051434281,0.0578970353963677,6.950975092534455,-0.1586769028082524,0.8209736989354821,0.441476014656909,0.9722454843341144,0.479787457764217,0.9256435860892048,0.3315691541382192,0.1830909740424764,4.735890875812867,163.66872753593108,1077.6962355286616,0.0837713598969541,241.2598439638439,440.17439176510806,2.490647184554487,475.5614470530933,0.7315041725352575,0.2101349438118112,5.429724488577676,8773.008215559415,0.6820142371461231,0.7573099812802835,0.742780964793459,0.8505589712950322,433.1089505542689,0.1530693977694585,114.09270142180095,0.0216289481368343,197.4125908762157,827.1704265402843,7549.211563981043,31331.621232227488,2721.9180354637474,0.0115553255824826,3383.5057819905214,0.6414228970598145,0.8283802445327236,688.1465407481066,0.0088648738226925,6.597949626125409,0.3108243474161805,7538.860858794727,6.868130614302528,1682.6417417948264,0.0991480609153748,37.21358276117445,2451.6254198338343,212.8124038233155,341.0539155029168,90.6488126804549,1336.0227446821048,31.47646718268623,0.2479058928816506,0.2908600795717191,231.61547764979403,0.0078569205423182,7.525405314266599,0.0002887472316474,6014.7963902040765,0.5773135313288644,1.2174410609192932,external
4517681,,5,1,0.7863381417081581,0.4851222559571606,7.66956226981955,15.809545275731114,17.11724276862369,15.132745950421556,19.72308292331602,19.72308292331602,850.0,12.431648453369396,0.6188860770424904,701.1636003649664,0.8248983533705487,865.0,-824.0,33.60000000000002,465536872.0,5.6753728322756265,422.0,2.5710323456755697,371.0,257.1290721373918,-338.6173410404624,-294.0,-1024.0,1395.0,181.4697032978048,733.6163272494257,-0.4381527108412811,465536872.0,0.0223555748605031,100765.89403454844,1113.9298549603366,31.28225474713183,1371363.8219192969,-9278.213297224203,739.8322690195766,198.9116699551488,0.5784067994753829,10.583224873178295,4.79297405313273,84.23469867163341,0.0015219770920206,9.624047691252384,-0.3074970126494856,0.9845892029957624,0.1143830061414776,0.9583987561909052,0.1926376766584458,0.8700582513449948,0.1088909105046239,0.0094937392832744,6.523881996854302,234.68598474368147,18.53632131892976,0.0221863246390598,203.9474289018601,1244.818410286673,1.1092035497015411,1353.039836976676,0.0576314091844448,0.0327646468937628,5.842362637628873,780.5719651331698,0.9341017728728426,0.9658514895509116,0.036879189529203,0.9741980634229054,1218.209347980774,0.0275621527712354,12.310104529616725,0.021446175138705,181.75558766040623,1261.1184668989547,4.04006968641115,3942.512195121951,0.9500751735775796,0.0081833532045513,321.86062717770034,0.5607327999611504,0.7774169309813175,960.4164810803054,0.0034975433228642,6.695606434567229,0.6635838150289017,1.7691152011072124,7.053735844607045,306.4797687861272,0.3543118714290487,1.644072304453874,19.33757225433526,209.34746099101207,1236.7537572254334,5.208092485549133,4586.124855491329,1.570367546348417,0.0390311339113295,0.5799645994981024,722.7359058326388,0.0036814401847985,0.0577078594983595,0.0091061200084418,9571.927351342643,0.6903916362697746,12.235842891417173,126.8682342529297,519.8230224609375,1509772575.0382738,5.634535594223261,194.9515380859375,2.931160835131405,800.7529296875,119.27350983850866,312.6150491196296,294.8130798339844,15.337862014770508,785.4150676727295,83.06605079129648,1321.1365640438144,0.5620081803449115,1509772575.0382738,0.0232430084533395,22443.55367816832,762.2945832595657,26.87150151780058,641062.2126895091,5456.242927793875,444.9977385200168,284.8336634449373,0.2228859728397424,13.182353036077696,5.062877295797628,109.47056555157718,0.0013270246588068,9.738180847559644,-0.2812879881095347,0.9785073053425516,0.0781558396829553,0.9492581138919616,0.1511474672462038,0.8521137334459372,0.0812635652451167,0.0044737764373296,6.243251855469357,182.4578504912388,19.61986639671231,0.0231321687422038,171.45412676776238,890.8879782531671,1.0605918089248394,937.9313033271176,0.0073469164135161,0.0067786384476804,5.739005955369403,815.9082706381007,0.9619210399750244,0.9805246776345042,0.0203743499253347,0.98535684468443,879.7574493380903,0.0066373587155769,14.489425981873111,0.0218873504257901,180.11325426018382,917.5392749244712,2.219033232628399,1826.2371601208456,0.0160380890540086,0.0060722328473044,427.0060422960725,0.6450242330756383,0.8309308783936535,773.0241699207378,0.0042478579765863,6.49456130529548,0.7653179190751445,0.5117080895574155,6.755085506706142,399.84393063583815,0.4622473186541481,0.5042948311002706,20.10520231213873,170.83203047211737,888.514450867052,2.7734104046242773,2196.9884393063585,0.0230950824781865,0.0068316784941671,0.6881624919717405,634.954771997431,0.0037356231699038,0.1085902697520713,0.0069773407348501,14708.347658498378,0.7444106608184731,9.46782458664131,external
186200,,5,1,0.8385995422064452,0.5591764770426279,14.8914885708455,26.63110696215905,27.784887978899608,31.400636936215164,29.154759474226505,32.7566787083184,5291.75,22.33283410691746,0.6336291176098683,2317.653693298012,0.4379749030657178,5350.0,-268.0,123.10000000000036,4965652255.0,4.7319931226349725,181.0,3.322952003171188,376.0,117.53907653070138,-48.63158878504673,-26.0,-474.0,850.0,77.40232938783467,963.4102449112736,-0.667713849507356,4965652255.0,0.0452321774827495,23057.44614233558,449.6178916654699,21.0257004373421,37263.25599624533,-776.5302042362357,94.76150017002874,64.6170385563336,0.1890300085340126,6.237872707387586,4.076297978202666,25.18233209478666,0.0027478512020164,9.06288552855486,-0.0400785855467173,0.5379620738113313,0.1534013996041033,0.9642569565577276,0.2444356646372577,0.8745376311398096,0.1600714592117043,0.0075321785336127,5.2194184008778,39.84463468159059,225.7464350518813,0.0442626746053141,49.3582215661092,457.8042293313136,1.154302620041633,534.0623335682286,0.0163704431934856,0.0155025420887092,5.02021163016823,4653.42801622543,0.9122449998597356,0.9532854061826026,0.0535087826608328,0.9651292314374776,440.6595399981164,0.0152931746374812,97.04568165596002,0.034634433139172,67.4744710492811,434.3979300499643,12.316202712348325,6113.075660242684,0.0593250860171276,0.0227190365728473,1389.0278372591006,0.4957272795357247,0.7319878834906739,311.8941136197995,0.0193406784590694,6.478679531018919,0.5237383177570093,8.670583518145751,6.633724396363204,1426.3783177570094,0.2666127696742073,1.5947033278015548,241.99214953271027,48.14772280548519,459.45644859813086,6.499065420560748,3208.3327102803737,0.0411059083322409,0.0150478770520429,0.46169533293068,200.4651919109077,0.0108048229083053,0.897730123488161,0.0012025883650194,2925.692116793833,0.2904622866497287,0.5765998277007425,60.68030014038086,404.52140197753937,7636365533.501733,5.164294415367096,151.06708526611328,4.175705998261331,722.3975830078125,107.02438928090844,186.76362938292672,138.1747055053711,6.103277683258057,716.2943053245544,68.70891651322074,1194.7209061723092,1.3589224488796954,7636365533.501733,0.037606149008647,18950.13161904708,279.2271159113023,15.006546610667831,569717.6601581821,9381.200427310498,332.899012854893,117.00772778599266,0.4756154238466569,7.453710397342935,4.364339285430112,60.99918101057506,0.0025324172767406,9.49251388240476,-0.0881324917462066,0.7590952563702392,0.1565340006080952,0.9752858064140792,0.2437303913437995,0.904754252360912,0.1637045733495638,0.0078490415409264,5.746468060864593,112.4766851602214,185.22828229583504,0.0363677557660855,148.15166298494088,439.78704206394616,1.1581220419876794,468.60200609362505,0.0170172168848438,0.0147790401447683,5.465122169076451,4632.880030947815,0.9095822734317284,0.9519913731128684,0.0546268901574721,0.9640815778093648,433.065155588122,0.0142697528776649,68.79580220562077,0.0244737823570333,185.3674805779652,628.3119886161509,20.439701173959445,2693.2166488794023,0.2749926556799418,0.0153281105603515,1532.5972963358236,0.5452142640824701,0.7659451755225309,546.8499916765469,0.0121361266889085,6.9142808993599,0.5254205607476635,16.817389021961166,7.054831489334711,1402.0317757009343,0.2620620141497074,1.8318426412787143,201.19289719626167,144.7548189012141,427.5226168224299,6.886355140186916,1363.2553271028037,0.0985516537160762,0.0147495724925918,0.4760712858473261,306.25631848334524,0.0074088743636393,1.0457933390139462,0.0012598355238781,9953.609448102225,0.4052585960370131,3.047341829087509,external
225678,,5,1,0.9240699937731724,0.7121429435526105,24.521829271598733,34.433858389817985,40.049968789001575,45.0,42.05948168962618,45.76024475459021,15416.833333333334,31.819295307865403,0.5274166765611287,5679.72163932371,0.3684103937897132,15510.0,-181.0,159.0,15702214800.0,4.72268562003284,156.0,8.913407558102577,491.0,116.82781859502056,-8.643068987749839,18.0,-1024.0,1515.0,66.77853859092625,1006.1773995578734,-1.894448442324092,15702214800.0,0.0503578939317035,29604.39471501717,2290.414282911144,47.74469088993151,142801.80317089226,-2478.054440848392,116.1653130977952,72.83333199793464,0.2285983855508876,6.094249124177323,4.081400053659741,35.282587536169366,0.003263584404739,8.997255434866997,-0.0342558240691011,0.5058366681020832,0.1693748042957715,0.9863789932722588,0.2602082497029221,0.9248157553802492,0.1752249701093576,0.0080893610489943,5.190592127930225,47.24966127393253,718.7636700563853,0.048998241745136,64.18881310188269,2274.632497880507,1.1810083413284895,2706.426921221568,0.0011122243497856,0.0010329815443294,5.061626475417336,13185.801989014231,0.8987560256228899,0.9457818776967712,0.0628055170638973,0.9594578338430826,2177.9249350182067,0.0010151745654532,251.75464532754648,0.0341454828872299,104.01087368880803,2169.172792621728,24.10741896107419,57758.17672589177,0.0113497537808832,0.0016157748434561,3714.368777973688,0.5037798423943697,0.7374413124667953,1551.398515100543,0.0014887134602149,6.741840615953221,0.4753707285622179,19.682196298756047,6.763234022217931,3684.8268214055447,0.2375774868733426,1.9952900917483825,781.0509348807221,61.7218712537948,2280.6542230818827,7.80180528691167,18527.987814313343,0.0039445013765628,0.0010007004560036,0.4285458877428032,922.3556621574417,0.0007433219432739,0.4709318773982208,0.0004301221257889,10623.424300475908,0.1181232722093264,1.180903328425748,58.27949905395508,405.7382263183594,21916380659.123104,5.111637779449423,122.22835159301758,5.848272128714956,921.734375,105.51265777783432,179.8846319975813,130.49903869628906,2.915475845336914,918.8188991546632,60.591837800607415,1188.7171229506514,1.7667602922826884,21916380659.123104,0.0405983369644425,20920.653572005987,272.44583406594944,14.577291121204878,945800.1514357144,13576.61610637281,365.085115168934,125.7698905457036,0.48527228781874,7.471461808390024,4.371015169549983,69.75584666780954,0.0026597688543169,9.535112974468742,-0.0596996938155978,0.6625804258249339,0.1618275302325878,0.9829836012870252,0.2489265032923556,0.9224213731464044,0.1679645789291788,0.0073611122470628,5.715831081881832,122.71375142865944,577.6040613078028,0.0392681800885551,164.35998631623266,436.9470772956808,1.1718824376999593,464.3296446526252,0.0179854355689348,0.0152390820588722,5.440494792493348,13293.457463485694,0.9037263779396548,0.9483658185785846,0.0599746492227785,0.9615810846520416,430.5484419601598,0.014626493421431,191.67774869109948,0.0250887105616622,221.28335051122505,670.7455497382199,29.66335078534032,3321.114921465969,0.4657389767770089,0.0149615883204807,4089.656020942408,0.5352952906992681,0.7595199638552607,589.634065330825,0.0114903959420537,7.033697724543611,0.4925854287556415,25.54202564348565,7.077183829759729,3837.6840747904575,0.2474328868336852,1.9661315238894563,629.6802063185042,159.68455215973057,422.7725338491296,7.453384912959381,1318.7043197936814,0.120729763150151,0.0152766275721941,0.4503892269476742,308.2879301176234,0.0068036916962645,2.187640060298097,0.0004109886342785,17116.42656303332,0.3027860209019265,2.1268825849016024,external
