patient_id,annotation_id,malignancy_score,malignancy_label,original_shape_Elongation,original_shape_Flatness,original_shape_LeastAxisLength,original_shape_MajorAxisLength,original_shape_Maximum2DDiameterColumn,original_shape_Maximum2DDiameterRow,original_shape_Maximum2DDiameterSlice,original_shape_Maximum3DDiameter,original_shape_MeshVolume,original_shape_MinorAxisLength,original_shape_Sphericity,original_shape_SurfaceArea,original_shape_SurfaceVolumeRatio,original_shape_VoxelVolume,original_firstorder_10Percentile,original_firstorder_90Percentile,original_firstorder_Energy,original_firstorder_Entropy,original_firstorder_InterquartileRange,original_firstorder_Kurtosis,original_firstorder_Maximum,original_firstorder_MeanAbsoluteDeviation,original_firstorder_Mean,original_firstorder_Median,original_firstorder_Minimum,original_firstorder_Range,original_firstorder_RobustMeanAbsoluteDeviation,original_firstorder_RootMeanSquared,original_firstorder_Skewness,original_firstorder_TotalEnergy,original_firstorder_Uniformity,original_firstorder_Variance,original_glcm_Autocorrelation,original_glcm_JointAverage,original_glcm_ClusterProminence,original_glcm_ClusterShade,original_glcm_ClusterTendency,original_glcm_Contrast,original_glcm_Correlation,original_glcm_DifferenceAverage,original_glcm_DifferenceEntropy,original_glcm_DifferenceVariance,original_glcm_JointEnergy,original_glcm_JointEntropy,original_glcm_Imc1,original_glcm_Imc2,original_glcm_Idm,original_glcm_Idmn,original_glcm_Id,original_glcm_Idn,original_glcm_InverseVariance,original_glcm_MaximumProbability,original_glcm_SumEntropy,original_glcm_SumSquares,original_glrlm_GrayLevelNonUniformity,original_glrlm_GrayLevelNonUniformityNormalized,original_glrlm_GrayLevelVariance,original_glrlm_HighGrayLevelRunEmphasis,original_glrlm_LongRunEmphasis,original_glrlm_LongRunHighGrayLevelEmphasis,original_glrlm_LongRunLowGrayLevelEmphasis,original_glrlm_LowGrayLevelRunEmphasis,original_glrlm_RunEntropy,original_glrlm_RunLengthNonUniformity,original_glrlm_RunLengthNonUniformityNormalized,original_glrlm_RunPercentage,original_glrlm_RunVariance,original_glrlm_ShortRunEmphasis,original_glrlm_ShortRunHighGrayLevelEmphasis,original_glrlm_ShortRunLowGrayLevelEmphasis,original_glszm_GrayLevelNonUniformity,original_glszm_GrayLevelNonUniformityNormalized,original_glszm_GrayLevelVariance,original_glszm_HighGrayLevelZoneEmphasis,original_glszm_LargeAreaEmphasis,original_glszm_LargeAreaHighGrayLevelEmphasis,original_glszm_LargeAreaLowGrayLevelEmphasis,original_glszm_LowGrayLevelZoneEmphasis,original_glszm_SizeZoneNonUniformity,original_glszm_SizeZoneNonUniformityNormalized,original_glszm_SmallAreaEmphasis,original_glszm_SmallAreaHighGrayLevelEmphasis,original_glszm_SmallAreaLowGrayLevelEmphasis,original_glszm_ZoneEntropy,original_glszm_ZonePercentage,original_glszm_ZoneVariance,original_gldm_DependenceEntropy,original_gldm_DependenceNonUniformity,original_gldm_DependenceNonUniformityNormalized,original_gldm_DependenceVariance,original_gldm_GrayLevelNonUniformity,original_gldm_GrayLevelVariance,original_gldm_HighGrayLevelEmphasis,original_gldm_LargeDependenceEmphasis,original_gldm_LargeDependenceHighGrayLevelEmphasis,original_gldm_LargeDependenceLowGrayLevelEmphasis,original_gldm_LowGrayLevelEmphasis,original_gldm_SmallDependenceEmphasis,original_gldm_SmallDependenceHighGrayLevelEmphasis,original_gldm_SmallDependenceLowGrayLevelEmphasis,original_ngtdm_Busyness,original_ngtdm_Coarseness,original_ngtdm_Complexity,original_ngtdm_Contrast,original_ngtdm_Strength,gradient_firstorder_10Percentile,gradient_firstorder_90Percentile,gradient_firstorder_Energy,gradient_firstorder_Entropy,gradient_firstorder_InterquartileRange,gradient_firstorder_Kurtosis,gradient_firstorder_Maximum,gradient_firstorder_MeanAbsoluteDeviation,gradient_firstorder_Mean,gradient_firstorder_Median,gradient_firstorder_Minimum,gradient_firstorder_Range,gradient_firstorder_RobustMeanAbsoluteDeviation,gradient_firstorder_RootMeanSquared,gradient_firstorder_Skewness,gradient_firstorder_TotalEnergy,gradient_firstorder_Uniformity,gradient_firstorder_Variance,gradient_glcm_Autocorrelation,gradient_glcm_JointAverage,gradient_glcm_ClusterProminence,gradient_glcm_ClusterShade,gradient_glcm_ClusterTendency,gradient_glcm_Contrast,gradient_glcm_Correlation,gradient_glcm_DifferenceAverage,gradient_glcm_DifferenceEntropy,gradient_glcm_DifferenceVariance,gradient_glcm_JointEnergy,gradient_glcm_JointEntropy,gradient_glcm_Imc1,gradient_glcm_Imc2,gradient_glcm_Idm,gradient_glcm_Idmn,gradient_glcm_Id,gradient_glcm_Idn,gradient_glcm_InverseVariance,gradient_glcm_MaximumProbability,gradient_glcm_SumEntropy,gradient_glcm_SumSquares,gradient_glrlm_GrayLevelNonUniformity,gradient_glrlm_GrayLevelNonUniformityNormalized,gradient_glrlm_GrayLevelVariance,gradient_glrlm_HighGrayLevelRunEmphasis,gradient_glrlm_LongRunEmphasis,gradient_glrlm_LongRunHighGrayLevelEmphasis,gradient_glrlm_LongRunLowGrayLevelEmphasis,gradient_glrlm_LowGrayLevelRunEmphasis,gradient_glrlm_RunEntropy,gradient_glrlm_RunLengthNonUniformity,gradient_glrlm_RunLengthNonUniformityNormalized,gradient_glrlm_RunPercentage,gradient_glrlm_RunVariance,gradient_glrlm_ShortRunEmphasis,gradient_glrlm_ShortRunHighGrayLevelEmphasis,gradient_glrlm_ShortRunLowGrayLevelEmphasis,gradient_glszm_GrayLevelNonUniformity,gradient_glszm_GrayLevelNonUniformityNormalized,gradient_glszm_GrayLevelVariance,gradient_glszm_HighGrayLevelZoneEmphasis,gradient_glszm_LargeAreaEmphasis,gradient_glszm_LargeAreaHighGrayLevelEmphasis,gradient_glszm_LargeAreaLowGrayLevelEmphasis,gradient_glszm_LowGrayLevelZoneEmphasis,gradient_glszm_SizeZoneNonUniformity,gradient_glszm_SizeZoneNonUniformityNormalized,gradient_glszm_SmallAreaEmphasis,gradient_glszm_SmallAreaHighGrayLevelEmphasis,gradient_glszm_SmallAreaLowGrayLevelEmphasis,gradient_glszm_ZoneEntropy,gradient_glszm_ZonePercentage,gradient_glszm_ZoneVariance,gradient_gldm_DependenceEntropy,gradient_gldm_DependenceNonUniformity,gradient_gldm_DependenceNonUniformityNormalized,gradient_gldm_DependenceVariance,gradient_gldm_GrayLevelNonUniformity,gradient_gldm_GrayLevelVariance,gradient_gldm_HighGrayLevelEmphasis,gradient_gldm_LargeDependenceEmphasis,gradient_gldm_LargeDependenceHighGrayLevelEmphasis,gradient_gldm_LargeDependenceLowGrayLevelEmphasis,gradient_gldm_LowGrayLevelEmphasis,gradient_gldm_SmallDependenceEmphasis,gradient_gldm_SmallDependenceHighGrayLevelEmphasis,gradient_gldm_SmallDependenceLowGrayLevelEmphasis,gradient_ngtdm_Busyness,gradient_ngtdm_Coarseness,gradient_ngtdm_Complexity,gradient_ngtdm_Contrast,gradient_ngtdm_Strength,split
6557601,,1,0,0.8439349418052904,0.7027149655663057,8.687385725489536,12.362602408059606,14.722138591592302,14.074628752237375,13.385274247211555,15.39509541217562,816.2775110585688,10.433232143807729,0.8378533676445844,504.1285879457554,0.6175946061431841,855.2926372854457,-547.0,-100.0,103605873.0,4.662626454815218,207.0,2.31832148708162,-24.0,126.0631162822039,-316.92417061611377,-312.0,-649.0,625.0,91.7884429065744,700.7304009294372,-0.1579206117187789,419968437.7082036,0.044720468992161,24430.50609824577,321.80425199796383,17.408272523153485,39488.64281488005,-546.607895545114,123.55493351676796,48.94487184842436,0.4237714483396163,5.672752526965701,3.660348353109772,14.531902939699751,0.0080169430546274,7.157248852462815,-0.4204861900387713,0.98773846032892,0.1567726437872977,0.9489159351698256,0.2500251318123324,0.8475326480694465,0.1622495081017365,0.0207439063886703,4.992980689231358,43.124951341298114,9.053929794648909,0.0445369996218667,50.878198245864944,303.97816380791375,1.1299427767397632,358.09144371521467,0.034143700875869,0.0332564590600108,4.79992987391493,190.5872496472969,0.9356630134755162,0.9635435654393,0.0489981070625985,0.9739847734442296,294.0240625661788,0.0330511537089479,6.021897810218978,0.0439554584687516,49.196973733283606,267.45985401459853,3.715328467153285,1426.3211678832115,0.0625257794007991,0.0449237123890172,76.51824817518248,0.5585273589429378,0.7754850973236009,193.9136050283861,0.041915011182672,5.456562813552019,0.6492890995260664,1.3432788108050508,5.879053028276908,68.14691943127963,0.3229711821387659,1.2911210440017071,9.436018957345972,51.01385862851239,307.62085308056874,5.085308056872038,2032.3127962085307,0.0573358367058916,0.0322806868352394,0.561949710373881,146.71581226961558,0.0278955996988266,0.0779111248752294,0.0337884770311621,1078.9751806821491,0.4496208489260949,9.375762773825723,72.88732147216797,249.56690979003903,280348968.90514326,4.010714697508456,106.1020965576172,2.3246755244906403,336.5731201171875,57.68818099899157,150.67822258393346,140.15528869628906,44.20560073852539,292.3675193786621,44.45270114320486,1152.6786625406528,0.5077202859214421,1136400042.5361867,0.071224815255722,4607.727147588034,54.48927945344816,6.903172985979743,7505.631615945386,247.1094822554806,49.93503012338733,22.79075486041725,0.3612988145119384,3.7673985723290295,3.2241479397623367,7.825753583008606,0.0133727748470747,6.57812454867025,-0.2916588172133564,0.9434736562115794,0.2271238685526068,0.9510733282989284,0.3233789179124829,0.8532242446400162,0.219412161845033,0.0392695394897472,4.432353734534567,18.181446245951147,13.7815494556486,0.069398796713874,21.67689738131249,85.42313867885906,1.2303663854793323,95.0989858847878,0.1325147129452928,0.0837538734132903,4.2575491635445335,178.39145981858536,0.8946637006512591,0.9398468829748452,0.0857128539826013,0.9556840760994144,83.22546192293856,0.0767107848437546,6.901960784313726,0.0676662821991541,18.60255670895809,108.48039215686276,12.715686274509803,466.4411764705882,1.7385778556523508,0.0373434462193673,43.66666666666666,0.4281045751633986,0.6785925606525189,77.92217391706339,0.015120466726504,5.18168894541941,0.4834123222748815,8.436466743560167,5.775370341340484,47.92890995260664,0.227151232002875,2.5113092697827994,15.028436018957343,21.80943824262708,82.88625592417061,9.085308056872035,372.8483412322275,1.801230382819518,0.0901949649147848,0.4039664001461563,43.7733570300158,0.0134799656151527,0.4469263449569817,0.0290424204818246,351.2239301224734,0.3229186781329978,4.112266543179299,external
422865,,5,1,0.8553664241340776,0.5057571676050675,15.991202139426631,31.61834011201546,32.06781449619696,31.875,33.166339917386495,35.86856499886948,9704.58984375,27.04526651866973,0.8022592360549332,2742.5476940031467,0.2826031535757708,9846.49658203125,-268.0,29.0,1168934744.0,4.324972407350586,165.0,2.744517482528126,137.0,95.2880337840335,-104.51324965132495,-84.0,-496.0,633.0,70.68632798435387,902.8603021752992,-0.586398089642399,8026437908.935547,0.0567537916586427,13260.205194042275,386.5769926143009,19.50804703488858,13043.484014760614,-311.57894878909536,63.78224955712278,40.042555539150825,0.2314968715386832,4.749720763911255,3.555119493006442,14.332086764033612,0.0055747478073923,7.981173431798691,-0.1240247634098848,0.750311363392889,0.2276674352442924,0.9609866170453396,0.3124950507423095,0.8747407668487401,0.2275976404281339,0.0169368374045032,4.904186812535491,25.956201274068388,74.12411618105801,0.0558885557509171,27.95800888226244,371.8117541751319,1.3133011930090688,516.4919291814724,0.0065027654617775,0.0056019511025179,4.695672698291328,1165.3969576242473,0.8718774717207686,0.924257053964167,0.1216711521072305,0.9447658832564694,347.23767575505855,0.005430113411014,27.52747252747253,0.0504166163506822,30.783456775215026,304.2435897435897,22.168498168498168,10652.615384615385,0.0613994904210808,0.0087241090388817,190.3846153846154,0.3486897717666948,0.6101329626768353,163.54731854778802,0.0069777357874967,6.300241106514986,0.3807531380753138,15.270659743187212,6.624915472125825,275.721059972106,0.1922741003989581,3.2779985566701484,81.38493723849372,27.697303385211512,378.4365411436541,12.09483960948396,5718.490934449093,0.0348515210731487,0.0053897636246946,0.3149735036769759,93.8642851526818,0.0029864972498007,0.371068632136508,0.0043472698247055,1247.9529178139535,0.2145020879732515,1.403875375779336,27.589815139770508,122.5276107788086,1635299618.3026335,3.1701667388759653,39.86755657196045,3.816367258008962,200.55133056640625,27.41090452427132,67.28817659874176,59.85807800292969,6.389546871185303,194.1617836952209,17.81096262653691,1067.884030623631,1.0285343483865288,11228711368.349993,0.1348472735265683,1272.25095350494,24.52839526202316,4.768234421880255,929.4855114850094,62.95359239901357,14.29604888964055,7.155929853762722,0.3339820639468015,2.024235488747608,2.5488820484488253,2.8442762907417265,0.0255926295292017,5.924539621113551,-0.0861873600142719,0.6127700343690269,0.3877348517567059,0.9675496992124794,0.4596878535359052,0.8831408744095945,0.373512560897461,0.0546852247234727,3.7350774634360464,5.362994685850818,158.62613418613168,0.127851948627634,6.368044921703301,33.86202173612331,1.7539777747021623,48.92971702596927,0.1553244371557968,0.0823145541651427,3.822982173981107,987.2463911406896,0.7838092753909096,0.8613882630619033,0.3344025057038355,0.901112364420645,31.41572237783665,0.0744508324562309,23.107438016528924,0.0954852810600368,9.922904856225667,56.80578512396694,708.3305785123966,13384.797520661155,47.71613790950034,0.090427712103169,65.94214876033058,0.2724882180178949,0.521262472245972,31.792911172953428,0.0549125525075333,5.648712239606749,0.1687587168758716,673.2176080868794,6.025971087324876,170.72803347280336,0.11905720604798,6.389831332706983,193.37099023709905,6.02726619320779,32.091352859135284,27.585774058577407,554.9379358437936,2.4023217888272663,0.0831134534095598,0.1536601667215506,7.86097796308684,0.0142690974363394,3.405489975166262,0.0048107480964847,117.8246697330692,0.0917175049058346,0.3949821753627341,external
5060090,,1,0,0.8907556609925242,0.7670219991944297,18.4134342362495,24.00639649917257,28.95572202330008,27.62942289961238,27.40584467345652,29.760703333265244,6336.70171101888,21.38383358166908,0.7438209136192772,2226.3387673901607,0.3513403137658798,6421.478271484375,-268.0,49.0,1540789141.0,4.154985904648186,151.0,4.07532073968741,125.0,101.59482507479032,-67.52098907418056,-20.0,-565.0,690.0,67.65890163957913,941.2864641492351,-1.297547340517854,5689559511.138916,0.076968811763815,16503.10177337481,608.7076782708816,24.50919908386681,21778.34708189051,-732.0837597231067,68.79712599875853,37.35828414538432,0.2751156168699869,4.137353779652748,3.4358631224220653,18.077040903877016,0.0114573506517036,7.2944707107920514,-0.1211348512565015,0.711850577303631,0.289206416921211,0.9686717603129928,0.3657738454878726,0.8973279992037922,0.2877429063910862,0.0347473222543616,4.678266125363685,26.53885253603572,112.62109052810196,0.0715109669817856,36.09650041361141,571.2147294248698,1.373402128176745,827.5663467298102,0.0054118067537183,0.0047803854710451,4.661127712634825,1321.8493032166082,0.835009185164075,0.9045870747998408,0.1359708711721301,0.9288425953992367,522.3011685157936,0.00465809275285,24.979310344827585,0.0430677764565992,47.21178359096314,421.8344827586207,196.9155172413793,146623.99310344827,0.2763730842532784,0.0096422500786437,270.89310344827584,0.4670570749108204,0.7104173383326498,271.220074829148,0.008679810280607,6.129135825430283,0.3335250143760782,187.9258590963139,6.589648256804923,264.18343875790686,0.1519168710511252,5.1800486819145135,133.8487636572743,34.387813847395655,582.6854514088557,17.295572167912592,12107.956296722254,0.0296682521460951,0.0044753284084175,0.3045825468743686,130.8215777586992,0.0030621200015929,0.3054231599195072,0.0032815960531264,1416.1818465005344,0.2197837806663505,1.9441644008245715,24.419039916992187,163.25968017578126,2028687546.919004,3.654167878834092,61.11700248718262,6.658846322354406,403.4651794433594,44.43733051716134,78.413502299011,59.9046745300293,2.107287645339966,401.3578917980194,27.766633505979392,1080.0846416790291,1.7361072009446374,7491186315.222151,0.1047673026310786,3607.1512500974777,30.68221269951903,5.087413627457519,10307.093670151562,413.21100096349375,34.90740812063779,15.97285345331998,0.356533026187771,2.77699158833932,2.983184013782818,7.683800720168216,0.0201826538007692,6.4277247186392925,-0.1097870306136169,0.6795753488357836,0.3425485861718539,0.9817646824730067,0.4183463793670243,0.9165956280486426,0.328918316301069,0.0511824137913088,4.115866422392136,12.720065393489447,148.45614973867657,0.0968876902867928,18.008094380382737,55.27508127933361,1.550895579250942,68.44692233440774,0.1591166892841125,0.1011396670964599,4.260759068971505,1240.2628386735869,0.8014475522766742,0.8783562613349847,0.2161273888844624,0.9109764502092316,52.97058710718529,0.0914703556987269,29.0633484162896,0.0657541819373067,24.486578898875944,104.02714932126698,425.02941176470586,5116.171945701358,49.74888389989927,0.097973771082116,190.80090497737555,0.4316762556049221,0.6829689582433999,74.84215791419304,0.0641778630698738,5.737732746107016,0.2541690626797009,409.5499938576197,6.345253821466129,214.1293847038528,0.1231336312270573,6.857357890110879,182.19033927544567,16.929253822846373,51.319148936170215,24.18573893041978,486.1966647498562,2.6684016094775647,0.1018769417756892,0.2361330038173666,22.678666355188,0.0226491561571334,1.805587386759368,0.00360201613448,832.4821594108188,0.0996435306497342,2.2082466305033552,external
5149510,,1,0,0.7970825124403444,0.7222476936521057,13.469224982081636,18.649038412256296,22.17184781908932,22.17184781908932,17.646779916565787,22.90335208150728,2618.9254586644843,14.86482239223774,0.7935264491873187,1157.901125067467,0.4421283245144123,2683.611486386674,-661.5,17.0,365096548.0,4.92247638977633,407.5,2.102322032914151,37.0,216.26062039161783,-251.53242320819112,-181.5,-846.0,883.0,173.7162652530416,789.3235406834975,-0.6233847046225761,1671974897.359938,0.0439609081060932,62827.938368530784,930.7817034482088,30.30592857425838,224650.9163670728,-3421.7815337599054,272.95806662932165,225.5940189098909,0.0925358954264775,11.0362163508125,4.316390342117238,74.51307161954242,0.0093468952053281,7.658080218824424,-0.3464099199830472,0.9770809656145908,0.1598630955374477,0.9012859593250956,0.2300840044501521,0.8159751590120591,0.145938194212892,0.0434597196134684,5.404905321324734,124.63802138480308,22.622313902545777,0.0407257167195583,128.67215843025153,888.3398539651122,1.3310864724699774,1326.889189486126,0.0083864742484898,0.0074611803047079,5.163720464399295,507.9194925233194,0.9137291533457332,0.937253872407456,0.1575203337755965,0.9611924440640868,841.8749863472865,0.0073110172945038,9.0625,0.0314670138888888,98.56065538194446,694.2256944444445,28.854166666666668,42473.57291666666,0.0446698550599964,0.0099202742113087,150.29861111111111,0.5218701774691358,0.7504747967343648,507.872763103412,0.007716033284664,6.065792841945688,0.4914675767918088,24.71407214506172,6.545125769288495,132.77133105802048,0.2265722373003762,3.3760789292828104,25.761092150170647,130.6496785052825,915.8924914675767,10.300341296928329,13733.643344709895,0.0275013527904936,0.0071570809716824,0.4375847416453625,310.79931973380303,0.0042711632369065,0.1437638625049431,0.0051176272064478,6188.218613373584,1.344508856822584,5.305713183856015,35.562286376953125,266.1752471923828,751305470.6237996,4.223218957448327,93.512939453125,3.5303611812004103,388.99658203125,67.54398394604384,129.0159998615447,100.77544784545898,7.92200231552124,381.0745797157288,44.21807754277504,1132.2946819614992,1.1000541608363683,3440634796.5037107,0.0690689466388659,7414.118854929254,73.58486335646138,7.838711539387908,28387.18496081672,952.3352656796204,74.09524382811107,26.678065323049925,0.445616737069083,3.892608996176016,3.3074518116934253,10.327062745337278,0.0155492430807474,6.8593045077315065,-0.2726313109423673,0.934140895523777,0.2680639803731171,0.9673015220912784,0.353178811526328,0.8836874617033186,0.2265333870795783,0.0483879960133385,4.51523660482269,25.19332728779025,34.00761484606102,0.0646149975769427,35.76845434074594,131.38263162195545,1.6591578034564036,160.2875660347648,0.0909879126923886,0.0396667635067495,4.642108788905305,453.1903662932048,0.8492014281773652,0.8917038592806511,0.3210338208683395,0.9310266136517308,126.80360981103225,0.0359890864733941,9.696969696969695,0.0489745944291398,38.35009182736456,212.510101010101,62.63636363636363,2682.176767676768,3.6582237241520046,0.0184469373444901,83.08080808080808,0.419600040812162,0.6722492843421803,157.52401770922754,0.0080972555334222,5.81641604479556,0.3378839590443686,53.87715539230692,6.422331322645391,80.04095563139931,0.1365886614870295,6.160572633344592,40.474402730375424,34.734804715255855,121.5170648464164,20.72013651877133,965.8617747440272,1.399992878682602,0.0430585069487313,0.2872902096446598,61.1644481148376,0.0049102827506694,0.5918943275241644,0.0110772644567233,900.6257706025257,0.2847387330747813,3.758103623842585,external
6267433,,1,0,0.9647877951833568,0.739959619063227,9.59230950186772,12.96328779942259,16.876627525682522,16.566184731630273,14.237196139206976,17.495116506113927,1067.87109375,12.506821854332228,0.7790127564425219,648.5629104800096,0.607341948176982,1102.47802734375,-562.5,8.0,257287710.0,4.875090440475397,373.75,1.9342796255741144,30.0,177.3338695730861,-269.69058295964123,-266.5,-739.0,769.0,141.32683688928165,759.5250315444521,-0.1657985698119328,635995621.0327148,0.04025819944097,43526.42892477226,545.6389892851818,23.902793240123472,75033.91355090169,-653.4410587575632,143.88367169921415,247.3055845150164,-0.2018066610158436,12.590159641037172,4.225409813531613,46.039634149796,0.0073758134883095,7.62204967679505,-0.3764176079724641,0.9848819753054364,0.1259226949142023,0.8644764738993753,0.1890001180757316,0.7685109191324351,0.1129498062659255,0.0294798656752877,5.038976264888088,97.7973140535576,16.460608647419175,0.0387654758822714,89.22357229911174,569.1122456982438,1.2385615672225243,774.4407097507307,0.0205773702373132,0.0161680647735184,5.073757117704968,392.4922540997449,0.919107367661485,0.9475681269403242,0.0999993016399219,0.963895596324872,541.7810649130432,0.0156969026110374,7.968888888888888,0.0354172839506172,67.4819950617284,433.9066666666667,15.77777777777778,16009.16,0.1410783153006995,0.0110791553864288,110.12,0.4894222222222222,0.726874401213291,293.3685438067097,0.0054369927181111,5.982121954391259,0.5044843049327354,11.848572839506174,6.410184954114151,110.65022421524664,0.2480946731283556,2.033984194333286,17.955156950672645,90.83237648052445,583.652466367713,7.618834080717488,6451.854260089686,0.0986692921160876,0.0161723051124218,0.4440395350965498,194.5456390134529,0.0048432845350774,0.2211292751976339,0.0060614759061732,4612.613192401984,1.3553358682792944,3.61082963036896,40.71150970458984,321.4647827148437,600202768.6662173,4.463127084361148,115.50130653381348,4.000086242779665,495.6099853515625,81.63540055301179,155.20425073341403,122.04217147827148,19.362943649291992,476.2470417022705,52.19713425801839,1160.0629802237847,1.2111486368809277,1483655525.5726197,0.0580144382553439,11249.25717314076,75.3143471979208,7.851003331604064,44612.46276422459,1214.8026880788216,86.79027221180961,35.77922856856695,0.3249806141552182,4.791031857198608,3.3809469225463777,11.189923953088616,0.0140691700298609,6.907285433112592,-0.2988134366178027,0.9518432561396974,0.1913627060428249,0.9700172568011796,0.2861027046370278,0.8805359513083599,0.1645917372108913,0.0454012850048345,4.522875435201294,30.642375195094136,23.23947511767892,0.0558381451509947,53.27889123972131,162.03670654693406,1.328835177158878,182.4491540312077,0.1097731366484181,0.0666468493065403,4.760735303897726,372.5632288321844,0.8871298433905785,0.9287685408761642,0.1343037144118494,0.949333673940906,158.13985629016818,0.0608021262383885,8.1875,0.0426432291666666,61.31597222222222,239.09375,19.875,1039.078125,2.4459187149564694,0.0326739411069228,81.97916666666667,0.4269748263888889,0.6763895724135827,188.5640637966613,0.0098868793299837,5.993798931779708,0.4304932735426009,14.47905815972222,6.41684212418189,86.46188340807174,0.1938607251302057,3.1619578113374485,25.87443946188341,52.29409901667035,154.59417040358744,11.295964125560538,711.0246636771301,1.408400058466123,0.0711758303265898,0.3642454979002064,90.9723093534873,0.008877485629947,0.3404284176956297,0.0132780019275705,1746.3060593111973,0.3373978026268569,8.26972022302212,external
290858,,5,1,0.5788036725736103,0.5681866411552635,10.193787954264234,17.94091450924955,20.20162944645229,21.5031958390344,12.980721483394898,21.829412826844614,1128.3928750475975,10.384267207282807,0.7275359287161474,720.4489883885284,0.638473535521162,1157.7247286739585,-269.0,144.0,532053386.0,4.676008909741816,152.75,4.464883144933073,293.0,123.71533228676084,-27.285714285714285,14.5,-582.0,875.0,73.29986542318386,987.145759711174,-1.2650907213279858,1128152677.5584447,0.0517650847321177,28283.669283097854,746.2715444526841,27.21442418073736,67235.25782617215,-1554.8553905380832,105.84376086835086,83.43055702427228,0.1116916524575649,6.332029006217325,4.0599287363611865,42.27737516176671,0.0058048127475811,7.967632850326619,-0.2126306817296016,0.9214361954983692,0.1898203770029831,0.9594445265488954,0.2755479829269886,0.8803019929781447,0.199628528133581,0.0194667930319426,5.016948664294223,47.318579473155786,25.74459118971138,0.0495986923900745,61.39405282409453,745.8401463194425,1.1713481350996473,889.8865244367591,0.0105287129787002,0.0102687603333163,4.953027559053997,472.1406957573447,0.90884815010806,0.9501267962806424,0.0608857213212635,0.963123152076202,714.9191253462487,0.0102108748449466,10.579288025889968,0.0342371780773138,84.05575978466919,683.9093851132686,13.482200647249192,11270.776699029126,0.0320040150407143,0.0160618191432005,186.76051779935275,0.6044029702244426,0.803110816053916,525.0198111478599,0.0155383324248779,5.953865544891984,0.5659340659340659,10.359945957834544,6.341520182986615,147.52747252747253,0.270196836130902,2.3551905969488387,28.263736263736263,59.28042775295523,750.6043956043956,7.6300366300366305,6341.172161172161,0.0190914122979916,0.0098267130425112,0.5124348020649041,345.1695449019046,0.0089167076631835,0.0703618823159206,0.0110449024210737,3170.4020400100444,0.3915111204680829,6.450794301980846,50.74671745300293,571.1452026367188,854716106.8292093,5.225026727900209,241.7308616638184,4.633385769599502,1089.0194091796875,164.7843176124321,233.2043319735335,144.24956512451172,7.898756504058838,1081.120652675629,105.40927919732653,1251.165103042685,1.490889666361062,1812318631.6338985,0.0372539548363724,44621.19067352322,237.11120149765475,13.365325668097666,1034975.9924640192,14350.184776685735,416.2800555865541,183.34147160862605,0.3857200382183432,9.18322566847824,4.542855916858938,97.75790828970676,0.0041504764632119,8.343481264837036,-0.3029417727605344,0.9740826165361912,0.1587377593223298,0.9719239624947408,0.2374505988134892,0.9015289866528244,0.1656532386179403,0.0150934134383537,5.63667912262759,149.90538179879496,18.836422661076263,0.0360237928580678,212.96567232557285,495.8091315542451,1.1451476876253746,509.5020597236735,0.0394423098444018,0.0317139785979543,5.456248236398593,482.02743201331407,0.92129692179458,0.9571710340941112,0.0514508030895183,0.968452475562672,492.54662978062726,0.030044437973164,8.613293051359516,0.0260220333877931,250.9139018446345,708.3051359516617,7.003021148036254,1094.166163141994,0.3155444171034191,0.0236653194233572,196.6132930513595,0.5939978642035031,0.7973808187136977,663.3978720341662,0.015527325764682,6.441829947620667,0.6062271062271062,4.282016410949151,6.7304516631540565,163.8021978021978,0.3000040252787505,1.9834426867393904,20.34065934065934,208.80818540433927,478.52564102564105,6.450549450549451,886.7051282051282,0.3363974689996163,0.0326472356991857,0.5438178403229423,412.8801137005473,0.0115476781155702,0.1635364944842322,0.0101212729749802,13155.463274594276,0.7272717364450397,29.22982441533466,external
586013,,5,1,0.7562991078446151,0.554418347279227,13.547432448755965,24.43539705213425,25.10983305547513,26.987915024810505,26.041891734236373,29.71531310329697,4076.9541221916825,18.48046899035807,0.6973137540713125,1769.8906811133434,0.4341208235529245,4143.0751555787565,-259.0,109.0,1238670747.0,4.676516723870119,176.0,3.097458744834008,350.0,112.93615391947276,-54.58376383763838,-34.0,-612.0,962.0,77.26336086984222,956.1109521219428,-0.4534042244549142,3787384500.2493577,0.0471012104954997,20336.29316812136,721.6212213853343,26.800464427407285,23643.700928320173,-428.1015841956945,81.50014018444594,68.19874871702737,0.0857561913650474,6.420049986723489,4.107541759964965,26.76214319430964,0.003289722268395,8.702537698153824,-0.1011366768611781,0.7769584694427913,0.1515279607398288,0.9683465933219084,0.2415881789474064,0.8811387085139321,0.1562934270562578,0.0114442583405853,5.116857600107239,37.42472222536834,60.219148341675584,0.046228066771496,43.1093010627662,717.3342665577403,1.1246163303082155,812.7003456569175,0.002963918869057,0.0027677540262114,4.907795234669433,1206.252144170964,0.92581464739372,0.9613397672438264,0.042162313783253,0.9708039899663914,695.0463993091369,0.0027216013291257,31.702439024390245,0.0386615110053539,53.06620464009518,694.1439024390244,5.271951219512195,4070.4353658536575,0.0096033214702764,0.0034418304942167,441.7756097560976,0.538750743604997,0.7622197075523679,523.5191519933571,0.0029993795815686,6.079544259293433,0.6051660516605166,2.541396490184414,6.367427812792115,418.1350553505535,0.3085867567162756,1.420637518552307,63.822140221402215,42.35621737176781,719.1623616236162,5.441328413284133,4170.726937269373,0.0094111059919459,0.002721580860665,0.5307578287772674,368.3720331894136,0.0019337313032413,0.1805197501456298,0.0045722645960206,3195.231480870553,0.2459207608103671,2.4133236406938114,64.29463195800781,297.1423645019532,1844149067.51051,4.531335603498018,110.83489227294922,5.242426713265799,680.3096313476562,74.3492237337697,162.54706012824366,140.7410430908203,12.906198501586914,667.4034328460693,48.8363328534034,1166.6171701886503,1.3279561574517982,5638707147.44393,0.0535826037227161,9479.95476615204,119.1841246709108,10.635769476091022,42927.82853750364,1053.9622395726883,85.0478028090574,61.02003817259957,0.1623929355352544,5.861507586949015,4.008184918076658,26.492531168628943,0.0041335353182301,8.382165236638665,-0.0921622366594927,0.7447340910546643,0.1709624243241622,0.975125326412145,0.2614814723283704,0.8966680527544818,0.1795171092713952,0.0118886264081185,5.010385951056412,36.51696024541425,67.88934059212701,0.0523728822834715,45.41719478590573,183.23052551191145,1.1426429025704383,196.31052078755005,0.0265564922536392,0.0236292493340845,4.792081729784138,1190.042055951934,0.9177641630813678,0.9565711041725802,0.049065082616366,0.9673771832253686,180.21890555400017,0.022946755858981,30.176626826029217,0.0400752016281928,58.73424584089493,244.31606905710493,7.6427622841965475,786.8100929614874,0.1538762076298001,0.0259993425011764,393.4754316069057,0.5225437338737128,0.7506539842275198,213.7154855146196,0.0204582642233624,6.103809993409537,0.555719557195572,4.404674352611687,6.2507535248039785,378.46715867158673,0.2793115562151931,1.4585966966680737,72.60442804428044,44.3803401369807,179.24870848708488,5.991881918819188,608.1874538745387,0.1262547646509907,0.0235017952524095,0.4908081442294014,126.85971189367504,0.0128611599436076,0.5155280978762053,0.0041556088678769,3852.894431032263,0.2281536803832015,4.310676140469665,external
6022000,,1,0,0.9200760252990378,0.8104620469968664,15.567241832599018,19.20786036839453,24.449006242585813,24.05146358105105,21.660358782303792,25.25468416483613,3640.7318115234375,17.672691822251355,0.7751771055269963,1476.4168031789766,0.4055274817293341,3702.94189453125,-321.29999999999995,39.0,1259409323.0,4.325287146451924,167.0,4.398071544936358,229.0,116.493454557122,-95.80574098798398,-45.0,-593.0,822.0,74.00302551093627,916.9117650642388,-1.4081551994816397,3113163914.8864746,0.0678501464346765,23159.926882928903,647.6340166481609,25.32869455675512,55373.56391050382,-1479.0168792522293,97.7590020285947,74.15772006675279,0.1334407586280968,5.795230186438138,3.731461387297186,33.216556402879355,0.0108459029300812,7.393284805646905,-0.1920176611311828,0.8544820460589769,0.2343234542970883,0.960189243961858,0.3142265830014021,0.8854179252328971,0.2213471239340876,0.034038513113222,4.8163260855872805,42.97918052383686,87.32190240769779,0.0635370608955415,49.05837804058813,618.6394219397639,1.407237552632714,922.7848029678293,0.0088869654054523,0.0072198955067738,4.752394902771486,1192.986942079376,0.8590677080527291,0.9128068193488754,0.1635597385762364,0.9366443548087636,572.0522249943556,0.0069265520595107,22.984466019417475,0.044630031105665,52.005640493920254,493.5766990291262,123.07961165048545,104753.12038834952,0.1906657420154262,0.0111409379919387,206.1184466019417,0.4002299934018286,0.6572359485317085,304.93727115409143,0.0085789150571136,6.370030344506002,0.3437917222963952,114.61885568856631,6.628027898780254,249.2576769025368,0.1663936427920805,4.298525314571632,101.63951935914552,48.17127108507828,630.5654205607476,14.97196261682243,11526.039385847796,0.0548472019703557,0.0069421538499267,0.3013479597052445,151.6477299385508,0.0033523779375484,0.2795062511141919,0.0027927449951721,2858.176472766019,0.3071806427187981,2.165489329192159,23.297687149047857,174.65133819580072,1783020907.1355648,3.827766082938248,64.6632661819458,5.263429712520593,367.97943115234375,46.24296738721063,89.22514416744934,74.48379898071289,3.3668134212493896,364.6126177310944,29.151455431280784,1090.9938717799434,1.401562950407966,4407491866.393456,0.0889953850349642,3856.213574790948,36.74529118256073,5.706427015358552,8340.531506441737,331.13496974575844,34.61193956850619,18.37731526985783,0.2733997429456544,3.252125896349594,3.052704929189751,6.739961626731756,0.0162178595618409,6.717888532895684,-0.1413147484589136,0.7621233789998825,0.2754875147934789,0.9752594118704312,0.363896010938817,0.8961697656594061,0.2707713685943212,0.0553401784285294,4.190727097003641,13.247313709591,115.2064170897844,0.0845243673214147,19.01474135803828,65.1746022566478,1.4988925255790544,80.30044475143518,0.1424574388915378,0.0938839852391405,4.29279275767405,1174.8310390754648,0.8517884259859151,0.9036150765122728,0.2175585070932193,0.93232147661887,62.73783339524182,0.0870173712941586,26.09302325581396,0.0606814494321254,26.022093023255813,116.27209302325582,146.10232558139535,3102.881395348837,14.404439505181651,0.0695898881953614,159.41860465116278,0.3707409410492158,0.6271346030192425,84.7590594403635,0.0363351320754464,5.949762466278814,0.2870493991989319,133.96601406165493,6.261595819172975,231.5767690253672,0.1545906335282824,4.211245612752919,133.3150867823765,18.0973817337224,61.641522029372496,16.503337783711615,495.8724966622163,1.5400591833927788,0.0945153316232038,0.2555401304998586,28.714567331271628,0.0183174261923344,1.5708241831874987,0.0040286569752108,845.1261762021034,0.1325482933185064,1.7787582155769146,external
6447946,,1,0,0.823801652288767,0.770741224576421,11.987034633279787,15.552606051230155,18.47255671428565,18.47255671428565,14.817410842063468,20.67626205337899,1664.102783203125,12.81226256239968,0.7971008342854116,851.9699797301614,0.511969566020591,1712.5341796875,-396.6,17.800000000000068,469731255.0,4.557605577944148,256.5,2.328972460078503,62.0,126.89569100641766,-172.37254901960785,-167.0,-594.0,656.0,96.76732144324812,841.7206171201154,-0.4300763943522332,1213319501.4404297,0.0495371602638038,23526.39966876645,488.754325437511,22.18862147770108,25983.81100913139,-533.9449837757392,83.5202490136415,98.66986495152092,-0.0588684583182433,8.187842492188249,3.810178199137452,17.79472868840133,0.0084086266469904,7.495042491647114,-0.2795181867951528,0.9537904848124966,0.1342680491764694,0.9156050199287158,0.2121966843620541,0.8071498035204985,0.1292409928030814,0.0282179618459973,4.80215504435067,45.54752849129059,30.49022852856784,0.0482958185511987,49.24170310726514,466.3546477138112,1.2253130070381784,609.8216250458311,0.0070697820582936,0.0065849864383802,4.773212016866817,584.5653850704093,0.9197126934644352,0.9494140851606916,0.0918173307928172,0.9644611276111714,444.44059297490446,0.0065042650431856,14.373563218390805,0.0413033425815827,47.88492535341524,371.4712643678161,13.841954022988508,9805.574712643678,0.0307339013968187,0.0098479698903128,180.11494252873564,0.5175716739331484,0.7461016384061423,251.1016215107564,0.0089914277111804,5.860655259785899,0.5248868778280543,10.212272096710263,6.326332938442843,168.24585218702865,0.2537644829366948,2.001683467214476,32.84313725490196,49.16005450793846,475.5233785822021,7.361990950226244,4670.346907993967,0.0189683625126666,0.0063348658831658,0.463154774730405,169.0357336780866,0.004930916668057,0.3034893730233267,0.0051908265444363,2342.8193671634235,0.7017679700604996,2.0776713462464707,29.055385208129884,278.41749267578155,860317097.6523918,4.423373288280262,114.87740325927734,4.014206144458325,474.11669921875,77.58732376808864,134.7452011151551,106.90657806396484,3.207976818084717,470.9087224006653,50.64254210006779,1139.127962659511,1.1813564518724835,2222205784.4634533,0.0590874242724122,9965.843858934346,78.55799512782552,7.920831420443468,54456.736099663314,1523.7850724704642,98.1942416085532,36.39793497067433,0.4366203838198559,4.824982278788651,3.4029401144173543,11.066084724181012,0.0122966147885871,7.146622805070956,-0.2742278904640413,0.9449414967658076,0.1895124382989831,0.9695230881434276,0.2835133031525559,0.8799042767499691,0.1741156598723889,0.0368347015971858,4.689822282245987,33.64804414480689,35.31248808190582,0.0569529461145073,48.14580327458487,148.10605548156988,1.3304502528402222,166.9359111702975,0.1133793911226652,0.0700468893211535,4.732875085100995,556.4941585466848,0.8898521643539794,0.9301543102448082,0.1382597985770456,0.950426991520568,144.6226789183493,0.0644535347838654,11.389513108614231,0.0426573524667199,56.74796953246644,236.12734082397003,30.16104868913858,1208.692883895131,3.996051311838568,0.0323055928663957,109.98876404494382,0.4119429364979169,0.6629530618489701,186.0458238499367,0.0180202512534982,6.083672750973311,0.4027149321266968,23.99503429701637,6.397699524332019,131.64856711915536,0.1985649579474439,2.635822817350632,39.17496229260935,47.003200862663206,141.38310708898945,10.565610859728508,635.9321266968326,1.3872295025401682,0.074146684943892,0.344617353351597,83.648543787173,0.0124601957716895,0.5665353433150483,0.0085003065716692,1686.1237923533272,0.3301317589179272,4.979753063428818,external
52708,,5,1,0.7279409021923415,0.6985659147739712,20.59816987418976,29.486365478989224,34.94347503832305,32.33528063176747,30.57124187987994,39.73253473422316,8480.94622294108,21.46433148914853,0.6625166330427766,3035.6396123068494,0.357936429793105,8659.36279296875,-367.5,72.5,1528683604.0,4.716436222243138,226.0,3.262513321743515,263.0,138.2998481437637,-98.67070484581498,-42.0,-724.0,987.0,96.39667334502045,917.4890329320896,-0.9963702618870732,7289331455.230713,0.0484302528673174,29391.62724752082,1010.1295808841156,31.58652213856504,61831.25759385836,-1574.203960826742,124.928078405787,76.78236023400464,0.2110982674141405,6.240170735673424,4.059238083027188,35.79038390390492,0.0045110300296745,8.495313208646438,-0.1083320807332774,0.7673256122257197,0.1846287748961336,0.9684821893601104,0.271822743230865,0.891188888810334,0.1901010784842096,0.015864824772205,5.162538329436725,50.4276096599479,80.44219019534206,0.046712905648892,62.41954784775733,951.1149392092392,1.1739577789189115,1151.8887719474658,0.002630991126838,0.0024489763148245,5.0170879280740746,1557.659531703469,0.9040466037600526,0.9482802439850896,0.0609091831808902,0.9615194005668944,907.055818692228,0.0024079831574715,31.233879781420764,0.0341353877392576,74.28937979635103,814.3672131147541,18.098360655737704,22256.28961748633,0.018116941333978,0.0035945951697638,459.0677595628415,0.501713398429335,0.7360581663275924,570.0215790374838,0.0031702839111997,6.365375983953076,0.5038546255506607,14.159328734808446,6.544772214714386,455.8094713656388,0.2509964049370257,2.067295843117468,87.94933920704845,61.22410408459314,961.455396475771,7.564977973568282,8793.92345814978,0.008686757590892,0.0023764847322354,0.4476375630505914,366.1695827621563,0.0016999719484839,0.1830158621898129,0.0034084447838321,3511.515889499292,0.3118707562793461,2.6338570408481736,36.07564926147461,200.689079284668,2220116475.4948244,3.9623411234602335,78.6316328048706,4.611264427793119,401.6932067871094,51.79706908151968,103.6368862348506,85.09692764282227,4.6245551109313965,397.068651676178,33.858841880051465,1105.6812826672804,1.3023765523195725,10586340310.5489,0.0804055725901919,4516.722182605799,51.06408492245306,6.78991468856836,10727.291876955303,413.7002155609434,45.14890555123851,25.546714730486624,0.2746472219764989,3.6570632485783823,3.3979130461675684,11.990711970103138,0.0101737158101627,7.315708386224861,-0.0655894059877561,0.6153720827395468,0.2689402643538622,0.9714626718283224,0.3544923299303241,0.8938345808467617,0.2720343471973755,0.0252450602385022,4.499514668473692,17.673905070431275,128.08098271668362,0.0768020967300116,21.89071631825687,82.49687995474127,1.2924116940576558,92.76117980811456,0.07065782194934,0.0531405482240853,4.409244136939651,1421.4108385445695,0.8512949133182162,0.9181209759403592,0.1030623327995774,0.9382136383381404,80.23598052952323,0.0494067039799663,37.51063829787234,0.0570070490849123,27.932668766918265,141.9483282674772,152.26747720364742,3938.656534954407,7.646153505839526,0.0475524707074683,333.39817629179333,0.5066841584981662,0.7396287145941995,118.91409935227374,0.0354133616045518,5.720481542973512,0.3623348017621145,144.65054831348564,6.265218272251568,313.68502202643174,0.1727340429660967,4.092427322478605,146.01651982378854,21.0728267092317,78.63546255506608,13.88215859030837,468.30286343612335,0.8518412333223638,0.0537202258749539,0.3402283245238259,47.42360791576549,0.0164845894998756,1.5098244712663005,0.0034793655156627,1001.6849282380372,0.1502902010164455,1.5340560817978466,external
6274191,,1,0,0.915079144266043,0.672698837050828,26.172766098768125,38.90710769400447,44.950750414448045,44.51369849870443,44.1617716186362,46.70910794375312,25353.406942455807,35.60308281449638,0.7627198753102294,5471.964599372776,0.2158275852942525,25529.83651869608,-256.0,40.0,5001950925.0,3.293780128847064,76.0,6.394240907062413,71.0,95.02462167170944,-42.23178931639895,17.0,-700.0,771.0,49.619283564624745,966.5638089387028,-2.0279250862713494,23851137353.34154,0.1938877631769348,16925.651354026584,1004.6566999349604,31.56653481720804,36695.17362382751,-1205.7389780463748,66.6150409227127,34.14831236198089,0.2894434844411541,3.0377205613101093,2.9233405063893154,23.80210483723819,0.0763690199749186,5.433426163027817,-0.1093773669188951,0.5591301738111949,0.5114625783756191,0.9781440561327752,0.5482991184006024,0.9341895834229904,0.3598585031171376,0.1949910925407577,3.870743697346733,25.19083832117339,514.9489432760955,0.1307144270360503,43.13154223636212,911.1542579440212,2.990077763429263,3152.0141984730726,0.0037653582654899,0.00194207047672,4.683121219101539,2470.741265932179,0.627821283188069,0.7260136202982673,0.9997751614117434,0.8182581420748481,708.8914903259582,0.0017686577710775,51.59063829787234,0.0439069262109551,49.04980425531915,604.1234042553192,4458.148085106383,5059325.734468085,3.936818884066073,0.0037193414091079,621.9106382978723,0.5292856496152105,0.7558636940091669,426.1562176464031,0.0031849876058915,5.939202577938154,0.2194620844228614,4437.385520325939,6.53081419805075,373.12364587224505,0.069690632400494,35.1158286202043,1038.075084049309,35.3255789679765,970.8124766529696,101.10945087784832,114586.99364960776,0.0908375766063501,0.0016543155837458,0.2014746252728864,123.90744087767432,0.0007615609938799,0.9863652253728484,0.000627040904617,1501.2912231358644,0.183842407664011,1.105296562072212,5.739750337600708,174.56317138671875,6087979033.593639,3.3795025726410137,81.49336671829224,6.176040891245314,421.4132385253906,59.538587279035525,63.458540319494674,25.958091735839844,0.699999988079071,420.7132385373116,37.90085404757037,1066.3441497222768,1.831883769516691,29029717866.435364,0.1781913026878894,6145.778668455407,26.722608071888995,3.8824347917716286,37565.113205416295,1166.578926775808,65.57885902816219,19.36304930266401,0.53220545253494,2.607525613004442,2.9311677435679018,11.851777240613242,0.099806116210506,5.412970622590085,-0.176303496294385,0.7475926710495625,0.4998726143853017,0.9798394830369284,0.5500919524351349,0.9272999391212172,0.2544087900007144,0.2840268267324412,3.9020736080213103,21.235477082706545,360.2704886416281,0.095457666258151,33.308301591753334,73.48622703292074,4.387557611448548,89.58574187266957,3.198542560095738,0.2484020650601158,4.733345616844015,2445.5899638195483,0.6482015820913406,0.6924801011465187,2.1180719418969964,0.8269297186273513,71.29987615053787,0.1274830990238928,55.04761904761905,0.0524263038548752,35.72789115646259,163.0952380952381,4363.121904761905,7233.309523809524,3884.741809016284,0.022526589878421,439.47238095238095,0.4185451247165533,0.6725477570943247,122.77601584323382,0.0116037810863237,6.177926098073196,0.1961150541651102,4337.121618140589,6.54962772507657,350.32461710870376,0.0654323154853761,59.60177295795378,954.03623459096,28.722563009596684,52.12943593574897,140.521105715353,426.15857302951065,129.34985297463106,0.4252543723424775,0.1765580493243369,27.734743707171564,0.0068730834670231,12.406481947202328,0.0009056025761793,945.04308632392,0.1469547040959763,1.0533865168944907,external
6250396,,1,0,0.808449620298946,0.6720586167851471,9.885828581775751,14.709771342662792,17.616634707807393,17.150221949786612,13.73369064478286,18.46808904739526,1227.7351588491144,11.89210905666005,0.8175705486174015,678.2066044658005,0.5524046449085608,1271.652694582029,-365.6,2.300000000000012,208199977.0,4.339748937997533,269.25,1.8853404864638457,23.0,129.17688392414755,-177.14429530201343,-183.0,-527.0,550.0,106.69324200268342,835.8574285962871,-0.2347713686034377,888449871.6911626,0.0600873834511958,21566.13018557723,343.21888941368513,18.76332302605059,17262.5700946856,-264.9159988082687,71.50686237318433,107.24297829680776,-0.1635125172341118,8.625899774001407,3.762820435415557,17.16633642700557,0.0118939472384421,6.8935374088662735,-0.3231110534430072,0.9636452203628212,0.1355100849781453,0.8852067514387503,0.2097092284482567,0.7779778542656278,0.1295800797970389,0.0351295345255015,4.633599662583049,44.68746016749802,16.37522281259114,0.0575389900540425,43.93988336611127,339.91165397063446,1.1947377702856294,440.24941806431264,0.0122494563750701,0.0115213696925203,4.551807135210398,262.73520703034234,0.9192565381124193,0.951729478575116,0.0736644042022051,0.9649053239872044,322.866004755551,0.0113692497479716,8.017964071856287,0.048011760909319,35.9835777546703,265.49700598802394,10.838323353293411,6111.053892215569,0.0403072374818593,0.0159751481744645,87.562874251497,0.5243285883323174,0.7511362460264656,187.12914578250903,0.0138804514452168,5.466918964681686,0.5604026845637584,7.654128868012479,5.856441989292292,81.32885906040268,0.2729156344308815,2.1967028512229176,17.906040268456376,44.49425701544975,348.51677852349,7.281879194630872,3809.402684563759,0.0305760447635484,0.0111223443196516,0.4885932292380039,129.81385989742654,0.0082396160038857,0.2404476020216721,0.0083260907389176,2117.871911404381,0.8393633504349244,3.201060815393716,22.498974800109863,253.0282623291016,377400620.35440993,4.1619364019696325,92.81405639648438,4.084676120787475,428.4939270019531,67.18009492734129,121.89516494978194,100.1266860961914,1.9755823612213133,426.5183446407318,43.74674829343358,1125.3644008703768,1.1182299935224986,1610478240.975217,0.0751092293139948,7796.273608643514,56.1459109033792,7.00198441463906,25660.4285777729,783.8241142971757,63.25103971045392,36.46189474164453,0.2211415185160687,4.960506215373821,3.164125950681652,9.715685220768204,0.0218211492853682,6.272156473453109,-0.3564789046179202,0.965776812859646,0.1773031772511234,0.9633910140240366,0.2724913317628332,0.865961469358452,0.1538797364833136,0.0650237669385182,4.211526293789517,24.92823361302462,20.009487915136937,0.0715639062835524,37.15378409712354,119.77466368760405,1.3217431195897014,133.83338550140166,0.1321570906700712,0.0871234200903067,4.4455940315622735,252.0929116594596,0.8940011036704593,0.9321115126484254,0.1320089843664901,0.9516220967270324,117.11423138615191,0.0801655197987566,6.359375,0.0496826171875,42.4130859375,190.1875,21.203125,784.859375,3.670579664893372,0.0349077452123219,58.5,0.45703125,0.7004694517497465,157.74000853087972,0.0179111734788644,5.574971656297574,0.4295302013422818,15.782958984375,5.875368618869368,59.34228187919463,0.1991351740912571,2.55556056033512,22.38255033557047,36.3386784379082,114.22818791946308,10.201342281879194,490.08053691275165,1.4466204792190969,0.0913051484858439,0.3701305043829612,73.15933378608713,0.0151625608085785,0.3327493185081677,0.0145592579798011,1485.1348113206698,0.3277393552624254,7.754405771354784,external
5176403,,1,0,0.8907690283456068,0.713174390845655,8.540703039150028,11.975616551546093,14.303240466668516,14.982057326538364,12.645123599276529,15.686619619681323,783.1096925759231,10.667508319460278,0.8226486920425379,499.4416757954032,0.6377671998319469,825.4253462331678,-294.0,30.0,155324363.0,4.259085777228381,159.0,2.3439429235663494,90.0,98.0843726871522,-106.08900523560207,-79.0,-376.0,466.0,72.58661198684267,901.7852073578408,-0.587065180462909,671249560.7734096,0.0583043227981689,14139.693648748664,223.0421897863866,14.753149132672029,11994.086181863178,-361.8585722087242,61.8144035827902,40.32319985062294,0.2195128475647485,4.901840335453574,3.505910236467427,14.58680115208908,0.011172303693689,6.700851197236758,-0.3748689176331587,0.9752442551576752,0.1969528457973848,0.9377764025157488,0.2875371870031633,0.8399138234672432,0.2082933699032916,0.0281417059159696,4.569505321674009,25.53440085835329,10.517664264450328,0.0576223073959321,30.15006582041659,212.23738311855155,1.1630593927656043,258.1642275286649,0.0256985315152949,0.0247761477852047,4.430430080160054,168.72898225760855,0.9210538649817462,0.955296012887636,0.0587915150730998,0.9671800284475772,202.62485701425084,0.0246087389989428,5.886792452830188,0.0555357778568885,31.321555713777144,167.06603773584905,5.858490566037736,1566.5471698113208,0.0623476164219419,0.0381355231684381,50.84905660377358,0.4797080811676753,0.7199593815513627,97.0192859014675,0.0359481347395663,5.148700205000929,0.5549738219895288,2.6116945532217875,5.588858216106356,52.09947643979058,0.2727721279570187,1.4343905046462542,11.13612565445026,29.844741098105857,215.717277486911,6.109947643979058,1708.1465968586388,0.0489055026487756,0.0238653511813526,0.4752254217568353,73.22295375218151,0.0205085296782177,0.1105274161030848,0.0305163176291059,664.1784444873074,0.3965291751878096,5.481915641672596,32.58072280883789,263.2849426269531,246978498.07364595,4.323890810681028,133.71981620788574,2.3162101895611755,380.06878662109375,74.94306756242293,133.7779585578679,110.06028747558594,5.559671878814697,374.5091147422791,58.04635372029056,1137.137257215169,0.5994756749669166,1067341949.1339632,0.0569885693922863,7628.682435191222,74.11435580334572,8.090345731789686,17041.181468153325,569.5461633513353,70.73414865587783,36.55507431096455,0.298168049374902,4.724539771507788,3.4640947225640675,13.239096121356956,0.0134170935427646,6.550824540720179,-0.3915216890479971,0.9777355695031414,0.1946557035627933,0.953315958176995,0.2882204180775944,0.8579116499949648,0.1989461155557687,0.0358014953558088,4.41287249281871,26.8223057417106,10.08099148410188,0.0556651720438423,35.96719192509579,133.39271516127212,1.2262446897529296,145.37780897874586,0.0659582046025325,0.04952090308403,4.526640015200654,166.15015468636682,0.9120903476789224,0.945630285944422,0.0880781321562484,0.9616482788529688,131.21514320201155,0.046943510685488,4.591836734693878,0.0468554768846314,37.795918367346935,185.24489795918367,7.785714285714286,520.1836734693877,0.5207355212000677,0.0408569921123147,46.10204081632653,0.4704289879216993,0.7121149827049753,157.5508564233165,0.0288210085003095,5.237486508291438,0.5130890052356021,3.9871928363182008,5.775954223925775,45.58638743455497,0.2386721855212302,2.1378251692661934,10.8848167539267,35.65335380060854,128.65968586387436,7.963350785340314,447.2146596858639,0.5727765773136894,0.0507516851163842,0.4381104121404234,87.76281196946493,0.0180642697980444,0.2278354244029422,0.0316253364991992,810.22598219126,0.3860817858953067,8.073055013501735,external
6353149,,1,0,0.8243573999066387,0.7182505300193862,9.752239661230886,13.577768833623646,15.47766978169963,17.533119577959017,13.556027744664412,17.789244451919988,1107.2601556777954,11.192934212219384,0.8303506662315111,623.3362264773345,0.562953722556527,1150.0917434692385,-444.6,25.0,251322571.0,4.620732971683922,242.0,3.106543654398461,63.0,143.67549882092916,-157.50737463126845,-108.0,-704.0,767.0,103.30005769566208,861.0252703749112,-0.9896429911043176,852637209.0105057,0.0497472176538665,31570.69242349092,753.9230074391136,27.31013642503025,70312.31060299494,-1679.3609665155575,134.5248488706357,102.5192927117988,0.1541910970961572,7.6119956383750225,3.971283276206704,33.30070907181106,0.0082356540929688,7.302493490859675,-0.3712738336386104,0.981445357746182,0.1661940635941609,0.93597942143436,0.2464000465982052,0.8430144152183018,0.1623349087132783,0.0243747265923697,5.020147096472438,59.26103539560862,15.490651825095355,0.0481236381272749,66.45641540318748,744.6102999521788,1.2329753181793364,974.4593070512534,0.0065364891265279,0.0062218981978987,4.843792464097393,296.1727535844785,0.915956680319884,0.9462219196732472,0.0957670668907457,0.9634447932123557,709.684849660366,0.0061666694721024,6.479768786127168,0.0374553109024691,71.50115272812322,596.5202312138729,10.676300578034684,10735.393063583815,0.0212202360726195,0.0101209333252785,88.36416184971098,0.5107755020214507,0.7394717107480263,388.95165968699627,0.0095147022558279,5.877769377921111,0.5103244837758112,6.836513080958268,6.280242764354601,81.84365781710915,0.2414267192245107,2.180645834964889,16.864306784660766,65.69093551222143,758.2035398230089,7.932153392330384,7726.480825958702,0.0147736417333031,0.0059368152087097,0.4501882918577679,259.5346914193406,0.0049944388403711,0.0756711384235283,0.0127958716993175,2719.8691502948923,0.613965621346585,8.081903295366573,30.7439079284668,307.25780029296874,439085071.4619196,4.316063656435026,99.6702995300293,3.826248556804754,468.0639343261719,79.12938368657697,133.45446821792288,101.8930206298828,9.831544876098633,458.2323894500733,50.87429245247973,1138.084442826064,1.262985851218302,1489640458.3154988,0.064209326406836,10517.16747953817,89.50983837981549,8.329086136624943,65840.53070387314,1871.7699575757035,110.16892078766222,30.434667549569124,0.5425109562334176,4.276869208848529,3.288855516211579,10.661197844037243,0.0133144988436126,6.744590915790999,-0.3514871742435961,0.970442438750074,0.2275160388747701,0.9730388789474164,0.3188288279449596,0.8895429118403612,0.1938650894973341,0.0366486872354973,4.583812098061332,35.15089708430784,19.37395618786047,0.0618294723002288,50.76300929649384,148.6354370012485,1.3612512321943455,173.09001923979514,0.0810515305687549,0.0540829369116321,4.650494768434419,276.35485364198286,0.8736482826514466,0.920807805763558,0.1450963643360365,0.9437428964100204,144.55433496970792,0.050555694831598,5.578125,0.0435791015625,61.953125,234.21875,20.7265625,1165.015625,1.9103828370483784,0.0371698674248452,51.3125,0.40087890625,0.6562101091545554,181.3052795899833,0.0202756297011123,5.90024878148038,0.3775811209439528,13.71234130859375,6.283312728859165,61.4424778761062,0.1812462474221421,3.359351206480974,21.76696165191741,49.2820111206829,141.64601769911505,12.716814159292037,804.9026548672566,0.8558560360301484,0.0554573192293589,0.3210836010072848,77.39099031464895,0.0121430291339278,0.2836484010382722,0.0194686516324301,1186.6267650526931,0.3079141043485437,11.291176513510791,external
6316584,,1,0,0.8410180993550318,0.6805818237367889,21.91693219576007,32.203228812993274,36.33494045304278,34.268292484574246,36.2908107487401,38.17796308314846,13332.353923472703,27.0834982893988,0.7693622368020421,3534.200208338999,0.2650844876025042,13451.563096608448,-249.0,41.0,2596536888.0,3.759130613345041,110.0,7.143065643033883,758.0,97.13321130162562,-50.07940446650124,9.0,-711.0,1469.0,55.73580207788417,959.3911442160291,-1.5094798813250248,12381240617.370913,0.1349265478778006,18082.22978142486,1060.5048087445218,32.42031778637907,46668.54288606722,-870.3144277490738,72.73089950805303,35.543609266842104,0.3238670742343634,3.512427749742644,3.2791338359107387,21.98496550945401,0.0443203486228039,6.238035782651385,-0.1427937418368649,0.7070989033857737,0.4113205943477755,0.992722675287171,0.4666147860331363,0.9546949837755896,0.3202676246065217,0.1423300596782698,4.32212030945591,27.06862719372379,228.20505188618893,0.0986836067998074,43.37550170891133,970.3196700286134,2.1505889789389574,2330.5276813931664,0.0035045897831959,0.002513289195115,4.730019017994673,1670.877715466194,0.7215973040312158,0.8080058898917459,0.5379199737009916,0.8704290403253012,818.4675494712804,0.002399155633614,31.563157894736843,0.0415304709141274,64.01364958448754,697.8605263157895,1210.3013157894736,1454497.6815789477,1.0130216584049057,0.0055091950979483,424.6578947368421,0.5587603878116344,0.7747089702731981,499.839694569848,0.0051768169648086,6.028912419576895,0.2694080113434952,1196.523543975069,6.579585200800262,262.8468628146048,0.0931750665773147,23.33740250898431,380.6277915632754,37.77914288202336,1012.7415809996456,59.23963133640553,70874.44310528181,0.0511082816909003,0.0021761016884657,0.2543627652435425,179.75757638565742,0.0014501630549872,0.2624353008692289,0.0015242742407,3465.1780070099408,0.091439806150985,3.976734227034959,8.701622009277344,207.91583251953125,3307049309.3174114,3.79440570525045,91.91240215301514,5.328245619328724,442.7106018066406,66.33371826067385,79.14315852834501,47.031829833984375,0.5216744542121887,442.1889273524285,41.65388326744444,1082.7265642556508,1.67347298294447,15769224547.280592,0.1128444801930525,7746.856346313635,36.8769678914735,4.759256753427601,48892.96398972984,1470.2367570906802,82.1473060683529,25.770260509402284,0.5108754538167969,3.2164719826808605,3.217916167835651,14.552145684895548,0.0407940310425864,6.295280536044889,-0.1566166679934598,0.748842921721261,0.4012162618545698,0.9767967507388958,0.4630171207988539,0.916103351315972,0.2843077184854259,0.14248067169682,4.372620065465807,26.979391644438813,193.99487869194087,0.084512326642395,39.4944732636968,86.89226074155337,2.467072216734233,101.05265352739352,1.2317984895131713,0.213695450600867,4.71491669543744,1669.963655477809,0.7265416400395726,0.8010525454694191,0.8002716854611049,0.8732655253899883,84.56846296643154,0.1432338483968233,32.49492017416546,0.0471624385691806,43.31764130931642,187.66618287373004,1007.8853410740204,3358.265602322206,732.3588189621985,0.0233775590459426,311.9608127721335,0.4527733131671023,0.699523326663657,144.49281785079518,0.0139195312195593,6.101340364552176,0.2442396313364055,991.121724128488,6.710173853551879,251.44594115561856,0.0891336196935904,27.733756586577023,318.3342786246012,36.31102202162568,71.09216589861751,65.83516483516483,431.7656859269762,51.08833863127887,0.300807462754974,0.2225554856197889,40.03747399922228,0.0090192351286734,5.271514627242988,0.0018396023215914,1289.475406525263,0.1936104444706129,1.9357050479059843,external
6012407,,1,0,0.9049791157580676,0.7821472993574686,9.917201044874268,12.67945443655078,16.48423476747135,17.385268021856785,13.028962450822196,17.898808298554133,998.575506964934,11.474641464284431,0.7984681078617079,605.0814279024808,0.6059445917530689,1044.2723566668735,-590.2,-75.59999999999988,111355289.0,4.9260080012307705,327.5,1.932768287998536,5.0,170.94464252204918,-314.6986301369863,-282.0,-745.0,750.0,135.16218775510205,713.07197341461,-0.3215296238375746,530982877.0381314,0.0365088300911157,38833.6717332833,501.6125025590853,21.967680747394446,91204.68597122157,-1522.5967618491447,185.12626847651256,109.19348824519624,0.2723924519202043,7.89008312973046,4.153505409372184,40.65105657483645,0.0062690539878704,7.472341693223128,-0.4566704722211246,0.9935862139423624,0.1467476265084884,0.9297455469607652,0.2294842708314681,0.8346951647666443,0.154099184263669,0.0170193164347772,5.236763020570407,73.57993918042722,7.603301838935459,0.0359767331993498,80.7481228990971,478.4951022361046,1.1229818230666933,563.1802076920764,0.0162026620766276,0.0158085269376085,5.06306375791044,198.5214869447108,0.9381253926537526,0.9648753073410608,0.0457196493995559,0.9750403556576064,461.78986163009927,0.0157242200318697,5.0137931034482754,0.034577883472057,79.49659928656362,406.4827586206897,3.937931034482759,2427.572413793104,0.0296822861104326,0.0211953723168395,85.41379310344827,0.5890606420927468,0.7952452146860455,282.9624554360217,0.0200947419912545,5.642330018029449,0.6621004566210046,1.6567895362663496,6.075210135381633,76.70776255707763,0.350263755968391,1.7504639186005295,7.995433789954338,80.61379037134338,485.74429223744295,5.410958904109589,3643.972602739726,0.0269229640540157,0.0153568937870685,0.5881143804553784,224.78542810807733,0.0135971689184811,0.060867710585322,0.0258467197001971,2443.6460514577248,0.7396955345558539,10.956290333713458,73.3220428466797,286.67027587890635,302565028.91057867,4.426469051313358,130.70446014404297,2.916350184356866,430.1682434082031,73.01351305932438,172.0710825201583,152.58230590820312,22.33108329772949,407.8371601104736,53.10339522381218,1175.404387637518,0.7101820991955228,1442741076.6458025,0.0540230604032443,7824.851997552531,113.63745772329584,9.973169493412296,23172.410324352284,611.1782585210046,88.46074843903331,32.35450072164836,0.4436260735356019,4.403039602480144,3.418845126339373,12.173960870153405,0.0094351453646981,7.011346886829866,-0.3584670962497495,0.9753843004788864,0.2158234843864633,0.96570864437751,0.3060132401331738,0.8774293839928747,0.2236049101446431,0.0308045092343455,4.712991088020835,30.20381229017041,10.976323038998316,0.0530290009273536,36.95629401255938,168.04703652171918,1.2032768834216745,182.9551286079883,0.0352281508856946,0.0275556959428553,4.66131984849353,187.52526185714515,0.90236799064618,0.9448542325254654,0.0737853055041603,0.9593400956411586,164.7350682234448,0.0260706418042055,5.504347826086956,0.0478638941398865,40.80650283553876,222.9391304347826,8.391304347826088,732.695652173913,0.2691215910890158,0.0244419510421631,58.51304347826087,0.5088090737240075,0.7399106280193236,186.5414154589372,0.0179656003852488,5.451465138955884,0.5251141552511416,4.76476370510397,5.982403234942322,54.954337899543376,0.2509330497696044,3.1679906590771667,11.831050228310502,36.60786889347595,162.78538812785388,9.091324200913242,637.5525114155251,0.348723893756716,0.028114864592764,0.4607979449178623,106.73995115972993,0.0113869049220195,0.1175826254442094,0.035149846605447,955.302367172614,0.2616401444311733,11.025329140544567,external
501021,,5,1,0.5920688066655839,0.3585640262529213,4.529450887033459,12.632195522700057,13.183945018468483,9.474794378540624,12.996648503150846,14.283677844266478,241.75911712646484,7.479128928691356,0.6741263756445172,278.3971033846764,1.1515474853386651,250.2869567871093,-503.5,20.5,261729974.0,5.126232204214189,305.5,2.6144799128974263,201.0,166.8155257346696,-223.0344827586207,-198.5,-827.0,1028.0,121.60604328608444,802.9041713519641,-0.4129211407132399,161348765.25228882,0.0326506345701181,40979.69339222014,930.8739286501594,29.94052956630604,138142.22678953322,-1765.2742421736907,221.615848757141,84.6728480938619,0.4466788675692721,7.269125127688014,4.191989407264973,30.959428808145336,0.0032640094216934,8.459317311280918,-0.3215425228372196,0.9797082504209254,0.1286597647873212,0.9669033170949096,0.218104730868428,0.8768217122605579,0.1285904104458141,0.0109344474323283,5.667297024852766,76.57217421275071,12.725266611551024,0.0323783570804054,85.97726600018737,882.911785373313,1.1020213671213095,989.4915367004406,0.0056111873230198,0.0054607359166109,5.2794314585225575,368.7990408723702,0.9381718523085574,0.9679802955665024,0.0343307851571985,0.9758069777827224,857.6117055127781,0.0054245740119564,8.23134328358209,0.0307139674760525,91.87596068166629,830.3768656716418,4.388059701492537,4690.261194029851,0.0114386821271972,0.0072571280720644,155.2910447761194,0.5794441969258187,0.7896117939609457,638.882877466583,0.0068526010059895,6.054328068631905,0.6600985221674877,2.093060815326353,6.4866035538010856,143.04926108374383,0.3523380814870538,1.1295833434443934,13.25615763546798,85.53638768230242,888.128078817734,4.487684729064039,4712.522167487685,0.0100517564715204,0.0053328596559551,0.5846377048356288,480.92397573807847,0.0046369028565202,0.04558416398256,0.017491500063399,4082.8168251836014,0.4196251037003158,12.287250234938728,123.51253128051758,449.1761474609375,666215764.22007,4.978311102921303,167.62392044067383,2.7799715527891444,684.6242065429688,99.53449334121429,275.0485361691179,262.45762634277344,30.96800422668457,653.6562023162842,71.35046957324435,1280.9861543497027,0.3993056102262323,410702256.62620616,0.035902351428086,15176.75804863026,277.9227923467292,16.153947246567377,87227.24176464308,956.7363304865082,167.95083296071016,100.18731832039022,0.2537249232808684,7.843115004306636,4.30360951180136,38.07607586456945,0.0033497734195578,8.409360906518256,-0.2900666919037225,0.9696162853490596,0.1249733604764993,0.956905517387518,0.212236704579117,0.8623559751205367,0.1224935106151862,0.0090001596444282,5.494614624247098,67.03453782027509,14.04296060523482,0.0357391100786992,71.2990740178846,372.3416034901851,1.1009479578360049,402.19952930463984,0.0259674595421913,0.0229928935244242,5.1377740448013975,368.0032501310368,0.9363833431508314,0.9677908298597953,0.0329466678037889,0.9751990852434876,364.99057265508833,0.0222510362891115,8.984848484848484,0.0340335169880624,78.1675705922865,405.8598484848485,3.310606060606061,1063.2045454545455,0.0835990884023438,0.0211151237132555,132.06060606060606,0.5002295684113865,0.73418133288669,319.77414996048924,0.0148621719935233,6.115256305102332,0.6502463054187192,0.9455348943985308,6.309102355399905,138.87192118226602,0.3420490669513941,0.8454949161590916,14.576354679802956,70.7402266495183,369.8768472906404,4.221674876847291,1292.6699507389162,0.1206856465125001,0.0232084681883468,0.5467898193760263,229.71572112753145,0.0111607590912439,0.122362970194065,0.0150711189401808,3411.480011952693,0.5046176565715099,8.127417119262155,external
6412936,,5,1,0.6718886797755751,0.4409399287245381,19.768681191402404,44.8330484576102,41.97904595420022,53.40266648396554,43.02078259382727,53.630608752179896,18122.32664823532,30.122817738498103,0.6468235535599598,5158.311933274931,0.284638503289379,18190.269470214844,0.0,88.0,18417690554.0,2.759394664946295,35.0,15.328460265294046,430.0,34.62381791383219,45.39809523809524,58.0,-366.0,796.0,15.63178164401536,1047.0392086281977,-2.910130323377553,19941830606.92205,0.2151316751700681,3433.926877324263,398.532362699161,19.897592929440595,3790.864410062879,-163.52357847975549,15.07211345702652,4.617299631443465,0.5224685604837549,1.275893382614393,2.0912270950899634,2.9738004708934125,0.0660277034043973,4.893649109610018,-0.0955376518025207,0.6047195991384928,0.5636200666358786,0.9967795325797092,0.5977196779492671,0.9683860116822208,0.4736984419502831,0.1310217863260299,3.376947358945785,4.922353272117494,2190.519684688644,0.1813328400258715,9.325001679449455,381.7732124056839,2.622290649557381,1053.96737715213,0.0088505351546734,0.0048231707171102,4.10797008426558,7084.758276390267,0.584846416812375,0.7187637362637365,0.6729179014534894,0.7925453327389321,296.43666019481657,0.004293944415949,106.09157959434542,0.0652068712933899,27.493489739260912,261.31837738168406,34764.20159803319,14416593.344191764,84.20896169480136,0.0171901936549054,704.2919483712354,0.4328776572656641,0.6838098465626746,166.5229041304271,0.0144756138936781,5.935192729985603,0.0968452380952381,34657.58042467896,6.288378639202836,1045.212380952381,0.0622150226757369,20.24840017006803,3614.212142857143,7.252080920493196,390.6214880952381,89.34011904761904,37158.90494047619,0.219311197907787,0.0041688922663455,0.0979018393072291,27.59610994544657,0.0015486621294154,1.8379367239419664,0.000442838298026,606.6446181339287,0.0110842817728935,0.5362286647703336,11.027451419830324,126.48781661987304,18469757868.49534,2.813480353438128,24.442572116851807,10.628161803817251,436.9911804199219,38.82784727774787,46.76997827349497,24.754228591918945,0.3333333432674408,436.6578470766544,14.96957588406516,1048.518168328617,2.7293431660119385,19998206706.997093,0.2364456845238096,3662.9619005057,17.33822443317581,3.210614579288521,18333.4683041777,689.5171864797152,37.8796972912215,9.79863269637168,0.5813250844011143,1.6652992328921208,2.368641931598279,6.995297037679982,0.0876379384392794,4.899405099411951,-0.1020624681762472,0.6263104486776027,0.5546079743364337,0.9903878612311066,0.5885001066864837,0.9527653255448012,0.4405118589367299,0.2128827500947232,3.375808592839176,11.919582496898292,2098.242488383152,0.1758238935947513,21.95953772742716,40.74460292268315,2.803947853597745,51.324092292866254,0.9409261381538894,0.3036477350193374,4.242108590750253,7100.34964882006,0.5944172816641259,0.7101785714285715,0.8162226884094224,0.7992548412262745,39.173331893373465,0.2273699253996959,120.10032362459548,0.0555248837839091,34.12991066285439,145.64077669902912,29537.20480813685,121107.91169671752,10492.001992351868,0.0395083779081636,1012.5543226999538,0.4681249758205981,0.7108801548677787,113.7922434075396,0.0261652020045824,5.983729034864882,0.12875,29476.87866995229,6.13787375111918,963.5605952380952,0.0573547973356009,28.036249872448977,3972.2875,17.193678142715417,30.83922619047619,100.88857142857142,498.6325595238095,35.345873205910834,0.3218170997896235,0.1261082396376106,16.50684470448167,0.0110937614515184,23.419545815711288,0.0003844774255862,679.2029451539087,0.0497671875350458,0.6566211757513679,external
914185,,1,0,0.8786181548496885,0.8226555163433211,8.14224610404232,9.897515961765327,10.821031853626405,11.046336289021632,11.103863471629234,11.77036825065824,497.6489146550496,8.696137211921595,0.8743637149394012,347.3287276195156,0.6979392848877607,503.25632095336914,-502.0,52.0,950261414.0,4.864183691393372,285.0,2.5893453817649834,269.0,168.5270035083311,-152.09127301841474,-81.0,-631.0,900.0,120.90888084111218,872.2486947128913,-0.8295684516380971,382886359.6105576,0.0439544590035519,41868.57613681017,619.2959083468421,24.414213119959417,118983.46014691128,-2589.3696639306795,180.44567759313395,87.8174020015798,0.3398141875756926,6.595117571820016,4.16179584039812,43.42091700288646,0.0041373491314582,8.687635964142798,-0.1395967431193563,0.8502451273647402,0.1903582652341274,0.9584909531571076,0.2746851601373335,0.8783070918927394,0.1903085863281599,0.0168804781140204,5.45483193795795,67.06576989867845,48.71228500636559,0.0416113672860492,89.61432557343716,586.3990426638898,1.2185448709545768,749.8020563545207,0.029312808366672,0.0268031867617641,5.212005728329308,1037.9644145868467,0.8862670522058399,0.9371189259099588,0.0786960610945128,0.9537952820919724,552.071611568957,0.0263763340148827,17.242016806722688,0.0289781795070969,106.43495233387472,462.7243697478992,33.0,25559.41344537815,0.1448657170634446,0.0373061761479465,304.5764705882353,0.5118932278793871,0.7429573681424196,310.8569045184173,0.029073551758083,6.398351340771956,0.4763811048839071,28.593528705599887,6.838989530129205,275.871096877502,0.220873576363092,3.2326004919227613,54.89911929543635,87.16615950887211,596.4651721377102,10.175340272217774,7637.848678943154,0.086537306829774,0.0257601850280565,0.4237065148465458,193.96594815371068,0.0156017884576993,0.1903507631583093,0.00497834691011,3224.1658687938857,0.5774544808629212,2.808003353278508,66.9883804321289,739.48173828125,2328111648.9731374,5.745450596156317,400.2958908081055,2.704606677619867,1189.5025634765625,223.7032986461444,339.34662474318446,266.55389404296875,12.076974868774414,1177.425588607788,172.36175349386707,1365.2767131909102,0.8086382302930779,938059970.561171,0.0240608820122551,70131.12237041463,558.7244720067167,20.162305787247423,2534407.277141792,25700.867039880253,860.9155407805556,253.2186115801786,0.5440893762250433,10.666778468483349,4.805149201551767,137.32464168874506,0.0020640850204372,9.590890407704428,-0.2648367832140329,0.972340179984842,0.1429911353916304,0.968319083261406,0.2209622857077374,0.8969947830732001,0.1466339586993327,0.0096080782426477,6.364035099150998,278.5335380901837,27.42589310631601,0.0229839149330801,330.00360779287246,915.4591498056152,1.1502139274295604,959.852789653214,0.0213653497201519,0.0174757906898909,5.995300648594228,1095.1156662178907,0.9175348724592756,0.9552873067684916,0.0538144338031891,0.96719454900016,904.6229157467236,0.0166548960079943,12.176954732510287,0.0167036416083817,333.8299641916976,1246.6323731138546,10.934156378600823,2586.930041152264,0.2945404600183615,0.01341654066346,426.0809327846365,0.5844731588266618,0.7924927645520858,1088.9001464579214,0.0098931238732049,6.974158379926692,0.5836669335468375,7.998739276796484,7.338128546918599,365.26261008807046,0.2924440433051004,2.2658177783219373,30.052041633306644,327.38487731738627,888.3426741393115,6.9423538831064855,2212.576461168935,0.1797099797629339,0.0178339383625833,0.5269858994135667,670.1647230904417,0.0071623601036934,0.168203477411075,0.0055461256766935,18558.04001712914,0.8286039469325943,17.839802032867954,external
286010,,1,0,0.825301834600715,0.768182758970471,9.27679556606976,12.076287130555558,13.163198344225238,13.226135643584636,12.664851075270844,13.919721408993928,802.8825532595316,9.966581924012509,0.8803283613475025,474.5414045244017,0.5910470997256884,808.4316177368164,-420.9,-29.0,1969946364.0,4.124177785397015,236.75,2.418184525826544,2.0,130.00445059436512,-169.16871832005793,-101.0,-528.0,530.0,100.62018991964938,844.5305488472742,-0.8674377105717199,576599176.6485443,0.0845552630323292,22951.22931834282,389.4182515267076,19.146049232276404,42412.68962037488,-1329.669421946518,119.61458672269752,28.434151708519074,0.6132612255973173,3.4507620869601685,3.318049921688854,16.12594978471789,0.0282553187628993,7.072381858685447,-0.1796235264720945,0.8488343047107509,0.3970739568592352,0.9645700486777162,0.4561259573554324,0.8973340837447938,0.2893801660083669,0.1193543156903951,4.847495158653191,37.012184607804144,127.83760809532302,0.0582168711102855,49.096585922524135,319.3466528513253,2.216466352620815,977.7028911430534,0.0229958803756182,0.0197188724394588,5.044134117549273,1594.7409893852002,0.7272336497580538,0.7927087394864368,0.6120459645827561,0.8749009294511064,254.97561489389787,0.0192717469444606,40.93208430913349,0.0479298411113975,34.805072149795144,165.95316159250586,595.3302107728338,329637.9039812646,1.1510805862655544,0.0380747324790566,399.44028103044496,0.4677286663119964,0.7107815093123235,102.60331540717358,0.0321490852097132,5.88455279990109,0.3091962346125995,584.8702126375947,6.924569473224052,300.4547429398986,0.1087815868717953,37.17553211291548,233.5416364952933,47.70433959167579,363.519188993483,78.00217233888486,43161.0716871832,0.1763655226167931,0.0162298921356452,0.273852352689044,47.30469146171327,0.0107825217089739,0.5456363304206375,0.0031017336250655,618.8901868092768,0.3555931285518008,0.94964769883513,16.428966331481934,442.5106384277344,4093411827.4815264,4.835914574713437,335.2426528930664,1.596526721637494,559.9403686523438,151.7279848884462,205.7578366362988,178.20198822021484,2.29578185081482,557.6445868015289,130.42771592005272,1217.3932317735762,0.3003737782633714,1198133072.3221972,0.0504860365747831,28194.32015826507,242.7231213134312,12.511948525228718,312131.9296983432,3959.085677821645,404.4927471097397,60.54067807107967,0.738141239985307,5.424487229428237,3.877587848719679,29.731889293515938,0.0136833662175595,8.458141883465085,-0.2008667297179003,0.9132575725141084,0.282912363712406,0.9653062221161456,0.3508877623987169,0.8903114531402595,0.2378674062221457,0.081464647867883,5.663356498856272,116.25835629520488,88.71408052820217,0.0368906175386978,126.2158748843161,380.69942526557406,1.619705193437209,431.7817936980582,0.3094904238283998,0.0991674014696445,5.459853261823856,1962.5119237631525,0.8161839434924971,0.8696039659109898,0.2929529198052448,0.9201327400241378,370.5063437456735,0.0736586953461815,35.73776223776224,0.0312393026553865,84.01139420020539,471.11013986013984,228.94755244755245,3479.288461538461,82.97387025872847,0.0089876654388572,539.006993006993,0.4711599589221967,0.7129587050042303,331.51830691276626,0.005173249070056,6.486543533022767,0.4141926140477914,223.1185357474693,7.144028942012744,477.42650253439535,0.1728553593535102,22.16989860845519,139.44243301955106,131.9036615157294,343.95293265749456,41.44460535843592,1762.1361332367849,15.151225099001705,0.1298041426427335,0.3605994894662679,166.54109265204096,0.0053737335838465,0.7491705538268619,0.0033613884317817,1761.4882554015398,0.5915545040858753,2.424522547175676,external
5173195,,1,0,0.8883467279095688,0.7418261307820456,8.965874072306747,12.086220342298768,15.051993223490369,14.032085164454354,12.51878471350654,16.022483287653166,855.28564453125,10.73675429387518,0.8199527578198798,531.4177815347916,0.6213336853397577,894.83642578125,-471.9,-5.0,237807161.0,4.675593296704682,266.5,2.268509985551797,28.0,143.77279387076095,-207.68232044198896,-173.0,-593.0,621.0,108.91411740759808,810.5096292555827,-0.5558458314035951,587841187.7746582,0.0436189371508806,29158.553775831017,424.5839657947977,20.24058323015204,49461.63316797781,-1000.4708285468272,134.76458654920427,75.22229442722137,0.2946623041564974,6.864289718369755,3.901675358263284,22.51047756704273,0.0068814220647547,7.556487453578663,-0.3423884121672801,0.9770585867106564,0.1475294380433483,0.9314422445770772,0.2344786292284297,0.8294178047426383,0.1460779330801941,0.0268240298675298,5.160233580305722,52.4967202441064,14.819821130376727,0.0427845430445079,60.37015748166069,411.9772834840969,1.184227649120586,532.8130008904611,0.0172145251436702,0.0166162154111001,4.8480252667271095,322.5443548090139,0.927785653799832,0.9551636209094774,0.0751406602772884,0.9693583491241616,393.4304810560049,0.0164878754562107,8.516279069767442,0.0396106003244997,55.54795024337479,309.1720930232558,6.344186046511628,3992.079069767442,0.0380154827985734,0.0236962566643926,120.76744186046513,0.5617090319091401,0.7768096195386499,207.66357476015943,0.0217467612521813,5.596817441806351,0.5939226519337016,3.509269875608437,6.079070498981702,104.77348066298345,0.2894295045938768,1.9835780348585208,15.790055248618785,60.60957388358109,422.7651933701657,6.674033149171271,4238.124309392265,0.0323204347218273,0.0159865399609934,0.5233599279951391,155.07444042372933,0.0133325984584681,0.1224296625734198,0.0143870599422267,1661.7139782764443,0.6551768103761395,5.216366871102274,70.4998062133789,367.2133880615235,520706081.50762457,4.627270548125119,162.04892921447754,3.6373862046417313,596.0198974609375,97.54116684623204,193.2959196290917,153.10079956054688,41.20415878295898,554.8157386779785,68.70546789191387,1199.3392304932197,1.1042780583931875,1287145770.3282957,0.0510210311040566,14459.437996628183,119.82986319611,9.892029999142425,77442.97669914263,1871.65348321734,130.3960203885297,43.86474722917868,0.4463008528106421,4.937851463955723,3.6596533330875074,18.624462474289903,0.0091183796242583,7.2772944867164515,-0.3187734456036514,0.966608060921597,0.2191731460778728,0.9738386896016732,0.3046415913880264,0.8957624252499896,0.2203242571151258,0.0338466971476462,4.908696020375256,43.5651919044271,16.620742281635096,0.0488193647683373,68.40616918869513,214.80069302246127,1.2676880903156975,231.7683813310861,0.045495887675255,0.0314843107232763,4.905286242376446,306.5424253490127,0.8967405139755882,0.93646408839779,0.1058000028668869,0.9553754630549072,211.3477060107047,0.0293576446643382,6.720670391061453,0.0375456446428014,71.96704222714646,318.2290502793296,13.262569832402235,906.2793296089384,0.7056995541293067,0.02075524195381,95.31284916201118,0.5324740176648669,0.7566494565353024,271.2231229394349,0.0136688350748494,5.7920656743658,0.494475138121547,9.17268499734715,6.297586818899487,78.86187845303867,0.2178504929641952,3.055645432068618,18.46961325966851,67.27728091328103,204.7237569060773,10.088397790055248,687.4806629834254,0.5078820298402451,0.0327831562242524,0.4357498653236617,143.54383789197078,0.0087124619287885,0.197931749354644,0.0186700005624827,2078.2814996953507,0.3402558809667176,14.621086793347809,external
1343479,,1,0,0.8800085260726286,0.8701993901749726,20.35979303951012,23.396698813379235,26.60003296054964,27.319766072113723,27.73620742495288,28.20675824485388,7022.313748043976,20.58929443772708,0.7777457799413966,2280.1667797214227,0.3247030624851459,7045.245898693302,-161.0,124.0,14256499424.0,4.419715328601809,140.0,6.963493820738935,316.0,99.58463166002872,-15.287966113464345,8.0,-631.0,947.0,58.92903259703582,994.9703184456688,-1.726333929899922,6974553440.501313,0.0595074321298573,20308.144906918096,876.9426432278013,29.466848719628864,57407.38857562358,-1368.3792990706186,80.00547533673492,45.43775929023396,0.2737099799743368,4.996218350951998,3.796994235829189,20.35031857037953,0.004501694830299,8.42796812786605,-0.0295369558546826,0.4639041637690541,0.1912383616983031,0.978904797079488,0.2842289050030882,0.9046962537264662,0.1986038875941322,0.0085152518059597,4.902560502491125,31.3608086567422,784.387055896556,0.0581986827303952,44.06298112077562,868.3650328397453,1.217169098064601,1069.680899431453,0.0060407302431183,0.0056729243763682,4.803782716212132,11875.389013142178,0.8809707794291952,0.9358858626270612,0.0751538353982607,0.9518224214232144,823.7729937134892,0.0055941423489523,221.13509120462345,0.0399377083627638,74.90791346402021,788.4451869243272,70.4715549936789,66904.90283547046,0.0894352912793743,0.0111103595176794,2470.254469929565,0.4461358984882725,0.6946391874974982,518.9720982992623,0.0100057228659137,6.700783251976732,0.3844871883896951,63.70704638593137,6.6291206698390726,3045.9271578362614,0.21150803123646,2.09782490617707,856.9665301020763,42.35603483719451,872.0928407749462,9.210540934657317,8504.809179918062,0.0175325826188378,0.0054159441841096,0.3524216175879524,277.4909681933157,0.0040556861006885,1.4617603862345645,0.0004094149820651,3201.0884743405145,0.180527169872773,0.377590829530303,61.3333740234375,448.19482421875,20685880661.20675,4.75074517043373,108.61808013916016,6.408665515140078,1222.4801025390625,113.87507161017506,187.59893708000263,131.52374267578125,5.244841575622559,1217.23526096344,59.29853385610712,1198.507296177548,1.9476026475033887,10119930274.927153,0.0543827098937709,26028.503637264246,195.1774245180233,11.99683769919495,646567.309505865,10565.004150793531,285.23556588966613,80.34248907195735,0.5580310758513638,5.746426348346974,3.9870352486173513,47.22600060475345,0.0045975238284214,8.808389579937366,-0.0697244388722126,0.6825748846720757,0.2031339751072214,0.9896014436544924,0.2920405523833641,0.9406063275437676,0.2092313407393188,0.0114583117949254,5.339449189591478,91.39451374040594,696.4660270228497,0.0520006695601581,127.02245809311616,312.7055987974235,1.2410201185300356,340.22021338821025,0.0270771307447411,0.0220687001668921,5.176142601457084,11675.290378872502,0.8716827121963531,0.930031568320576,0.084810081167895,0.9477625327613056,306.43491267242393,0.0209800737079547,145.90329793180547,0.0271852613996283,196.87606680981696,575.4529532327184,448.9023663126514,27173.55282280604,8.414563321179525,0.0240660591320855,2723.9327370970746,0.5075335824663825,0.7402310892446113,491.7342751640653,0.0187137706136877,7.011189227676136,0.3726824526074578,441.7025384998949,6.949288864689124,2796.7675161447123,0.1942064798378385,2.696697638943387,783.1654051801959,121.67974849326605,298.9924310811749,10.644469134087911,1245.3900423581697,0.2234666599803052,0.0219798095479782,0.3545341779739249,198.06925633644207,0.0086084829477232,2.635945923074216,0.0004453109889845,10893.428967604248,0.2258845890998954,2.265560238029736,external
5177578,,1,0,0.7721841280264026,0.6835214793812409,18.745087639096727,27.424284685341203,31.66910978070656,27.18730474495632,30.27711209219781,33.21006728342989,7706.647765322478,21.17659735649802,0.78096176394357,2416.0061001319764,0.3134963701083179,7798.132264064769,-299.0,23.0,1687224901.0,4.142304753856431,168.0,4.197336134800376,56.0,104.40982020937642,-97.4551282051282,-51.0,-636.0,692.0,72.66546811435626,912.1211220674036,-1.2966854582963054,6487772651.489934,0.0788361363008609,17377.695718277453,756.1459876329137,27.342905370949527,31634.11732196436,-964.4811356483232,72.46126950243236,39.16519337778005,0.2844590186165054,4.363880324901492,3.5418121427577463,17.609396923785138,0.0153239302703265,7.093459800451066,-0.1381850155713022,0.743769339469639,0.2902009560334951,0.9686286245292486,0.3644060259346676,0.8944410074219207,0.2611341350711717,0.0646172457417707,4.6594684540585085,27.906615720053097,124.03873532861692,0.0686372382378716,37.88935269922874,691.0643227737042,1.5255945985079342,1157.5528709855018,0.0037418563147581,0.0031070965108082,4.7046895126597885,1475.333233701581,0.8123457502846348,0.8863222576240328,0.2180066166343701,0.91762392561098,618.7995058734998,0.0030046038458387,30.96788321167883,0.045208588630188,43.3418210879642,500.9270072992701,220.09051094890512,209433.5211678832,0.2376114433469997,0.0057995891466101,319.6043795620438,0.4665757365869252,0.7098597209911864,315.72018162077165,0.0052087370132633,6.136169345566612,0.3377712031558185,211.32545367361075,6.583265902053845,278.6587771203156,0.1374057086392088,8.985210018323354,159.87968441814596,36.26296834455688,714.1617357001973,24.63214990138067,22464.93688362919,0.0296031094403856,0.0028790617631864,0.3032273341402239,151.27960480394756,0.0018710511279074,0.3834446887882043,0.0023386228158014,1743.6130673143994,0.249835602272414,1.848337935071616,17.604483985900877,176.50885009765625,2403787893.710902,3.8673798716234895,84.71030044555664,6.523103129953694,455.4500427246094,53.69352386451692,86.25482510462315,69.07793045043945,4.106339454650879,451.3437032699585,33.930632869700844,1088.7147240441564,1.723705487998248,9243124225.79649,0.0925387766534785,5350.2052874681385,39.75436029788815,5.38449522884479,32505.285068835303,1023.4115090697056,61.09346456837572,18.547207118491155,0.528848824873416,3.101227286824212,3.055496409515449,7.945573359703602,0.0239309806280156,6.49057812876589,-0.186747395665841,0.8287197367939113,0.330068938763195,0.9832933934666148,0.408874854037014,0.91758182648986,0.2645787280326121,0.08158343319804,4.368865193322707,19.91016792171672,142.32435528578276,0.0811726808332044,26.544265520500645,74.04014068916132,1.905034894233228,92.99331241893164,0.2863037255638706,0.1172360180808263,4.527629669506902,1381.322782683637,0.7792473052544401,0.8537778789258079,0.4326236521518506,0.8984181535142114,71.22132210037852,0.097898728996916,29.58655804480652,0.0602577556920703,35.3990069727602,148.64154786150712,431.4175152749491,3669.488798370672,98.92288563930089,0.0486308436600889,172.64154786150712,0.3516121137708903,0.6118334172012292,105.5838573441976,0.0295770736229763,6.165151270146323,0.2421104536489151,414.3577552772719,6.632930878589094,224.9930966469428,0.110943341541885,12.313764107232473,187.6686390532544,24.954100920447075,65.79930966469428,35.370808678500985,568.0912228796844,7.567250769538455,0.1289662202811023,0.2119798347507858,30.34618494224389,0.0127923077533454,2.007830255710286,0.0027660961532768,1272.45911006656,0.121186019164144,2.692830396010081,external
176989,,5,1,0.8281259692742692,0.6620450315346589,9.39022125505741,14.183659430673972,14.922230209107855,17.038095344257687,16.692168708901036,17.559686216445225,855.7885982225015,11.745856713883011,0.6770844527543548,643.8019387918264,0.752290857963079,873.4209337040467,-957.3,187.30000000000007,607950200.0,5.840865533082116,630.75,2.044119283673287,492.0,336.56156512533295,-314.0599173553719,-272.0,-1024.0,1516.0,258.1404963644012,792.4946228667594,-0.2473802334664788,548550032.3652499,0.0215021173417116,157533.93029420805,1276.5922600566976,33.81847378976451,2333558.5431604288,-12588.38681980311,979.8939328884446,448.7677989071792,0.3738680868353478,16.30464756977563,5.373014577010614,178.80708279292236,0.0026673851772211,9.780879190732566,-0.3027763025792003,0.9845862110853176,0.1010978109370311,0.9268790066744862,0.163914907577964,0.8294029197576592,0.0659630791441398,0.0392981044974561,6.633293398347795,357.16543294890573,17.42994946616125,0.0188586540882223,304.1224580125533,1468.0137852355033,1.1669686340561034,1556.5769745327614,0.1750409474215375,0.0563585816530346,6.048223618622841,855.2353842334849,0.925442219677761,0.9546249205340114,0.0693946238553478,0.970042132247534,1446.9373495598747,0.0380084975017172,12.680111265646731,0.0176357597575058,260.92372538740835,1480.1863699582757,9.343532684283728,3238.290681502086,7.427669469500187,0.0116152293283554,492.7830319888735,0.6853727844073344,0.8543985260920408,1229.4805025175265,0.0092808945453092,6.65130154678443,0.7427685950413223,7.530970421366409,7.066187447398928,420.904958677686,0.4348191721876921,8.130912335223003,20.81404958677686,327.0773502066115,1428.8646694214876,12.882231404958675,3928.936983471074,10.6178594029678,0.0841467048642624,0.6764123163441295,985.930328466482,0.0078894644288197,0.1278986591387914,0.0040855470045306,22066.428183064658,1.603783959858985,9.035623208455494,200.023942565918,799.1044494628908,2184293682.7341347,5.905089289664423,340.18048095703125,2.496193466030768,1172.447509765625,187.4869899670452,484.8311754415843,469.7248077392578,0.0,1172.447509765625,138.14530197426888,1502.1656827266788,0.2631090332713529,1970875855.2246888,0.0186078478246021,51778.11879847272,1150.40616333659,33.326155158086884,1040221.4485091576,4621.908291702047,596.9332645552496,438.0731975096757,0.1542201897228854,16.506497607155595,5.375152080153503,164.2701141710679,0.0010111492575924,10.09293815155594,-0.2971154983080712,0.9849083223457012,0.0641729456321391,0.9435962702386624,0.1299847185479538,0.8440451685960466,0.0648550687570674,0.0031733874289842,6.484379405163336,258.7516155162313,17.661729816388917,0.0185702027704494,242.1237802501705,1376.7697797707758,1.0542764793114143,1441.140579027507,0.0063055460212412,0.00600652694163,5.997909887067432,918.4644397836424,0.9656602769884748,0.9825174825174824,0.0182888145996639,0.9868403321916352,1361.1232156747983,0.0059323271342589,13.803149606299211,0.0181143695620724,247.06578213156428,1421.8818897637796,2.026246719160105,2583.871391076116,0.011319451226735,0.0064683764766973,511.2965879265092,0.6709928975413506,0.846181466899971,1223.853558253135,0.0059270946344835,6.667109779600001,0.7871900826446281,0.4124799360709832,6.925276521269281,475.7272727272728,0.4914537941397445,0.4586776859504132,18.012396694214875,241.8981925756437,1373.4421487603306,2.574380165289256,3185.239669421488,0.0167827765513161,0.0059989436119401,0.7148097451790634,1021.9243985307622,0.0048223225302867,0.0880136867686364,0.0058572948615916,23369.58182429057,1.0220463656464909,9.871897909820111,external
266989,,5,1,0.7808874212840144,0.5813517921684391,8.088386956510359,13.913067897048562,13.504043183453156,16.32906381928817,14.561182314479405,17.425354341820093,730.324838458373,10.864539712275658,0.6683252616334285,586.8227761505502,0.8035092677242934,739.9723865147289,-688.0,45.0,945087026.0,5.6305113490080405,434.0,2.2510305151532704,396.0,234.8051290901584,-307.6782557454331,-291.0,-1024.0,1420.0,178.6432206514659,746.2682749815644,-0.1979321178804439,412102711.899427,0.0220545876480002,77606.94067627403,1346.156398073194,35.71124326801549,418784.6433318856,-2333.316481847223,428.35043305469,146.41141014735965,0.4895675839620982,9.37941286344805,4.628583104643448,57.100248744113046,0.0010828875651823,10.134068366252947,-0.1712809619914802,0.9210094745493324,0.1095623736335724,0.9696492793135189,0.1916113206885722,0.8838217017228142,0.1159089627607764,0.0039915338007296,6.288368834560753,143.6904608005124,36.08563888964616,0.02192230318538,162.54589962550014,1273.7049260206247,1.0953219733763957,1421.64774886255,0.0061590262592136,0.0058931266392157,5.803959553638555,1551.0817520730366,0.9421808509940448,0.9699922940936496,0.032310709791192,0.97746813916107,1238.9916194726777,0.0058275470471624,23.89044697633655,0.0209381656234325,171.91778664870293,1171.8851884312007,3.9027169149868537,6011.964066608239,0.0127260695810368,0.0070664444325437,669.1437335670464,0.586453754221776,0.7941977730209046,890.644759890999,0.0060239674332721,6.753488414258057,0.6723629935179729,1.6906798701263788,7.128188196632008,618.8031820860342,0.364645363633491,0.9870446269179656,37.42663523865645,161.74462334133966,1281.9228049499116,4.156157925751326,6331.0565704183855,0.0130635667260034,0.0058014090766393,0.5967394207732198,688.6727196686963,0.0042968495624359,0.113714425677801,0.0047740507516138,9218.0073784188,0.5539988260667229,5.493760351660006,143.5344421386719,568.1321411132812,3124886581.514026,5.446688394573853,229.7205047607422,3.069303597486724,958.5069580078124,132.49775888837794,347.00111137394634,334.9275207519531,17.7769718170166,940.729986190796,94.83447628630996,1356.988628833187,0.5217027174504936,1362598574.7264507,0.0258597011121223,27006.144739926447,536.4939193235833,22.272124923836085,337353.05787963315,2825.6597176464275,322.4132969201165,160.79580229333462,0.3338918092875623,9.790814977544162,4.701633509618831,64.34505877052882,0.0011399663665385,10.042698603836234,-0.1432570378823336,0.8869054621876571,0.102830911075773,0.9662299232914068,0.1848704715928804,0.8782076138862096,0.1054475871722953,0.0036895572212761,6.105904963861207,120.80227480336283,42.46780748327099,0.0257666805883516,126.41651888297216,668.7251653026979,1.0903690881972956,715.6606723376723,0.0077804172922848,0.0071751475442202,5.6178881012437465,1555.5314704324717,0.943765930540033,0.9712161733375642,0.0301572741144905,0.9781857189344224,657.3557506073856,0.0070332781034638,28.781599312123817,0.0247477208186791,133.8461712489344,722.3361994840928,3.2631126397248496,1790.938950988822,0.023324406005133,0.0075143442397088,675.4832330180567,0.5808110344093351,0.790636831895577,595.054165103201,0.006310476353245,6.595394090984922,0.6853270477312905,1.133972462772694,6.966993918009305,630.8727165586329,0.3717576408713217,0.8977949579295015,43.883912787271655,125.834750151833,664.4466705951679,3.954625810253389,2119.634649381261,0.0274101951238869,0.0071589284655971,0.6035349963988738,442.9545225234074,0.0046926860867646,0.2128018162535849,0.0040160975143155,10081.724418484106,0.4886847327152317,5.052963032570576,external
231753,,5,1,0.8831948266428027,0.6985866470191233,9.274345924917386,13.27587059456564,17.2665508616497,15.414048846613564,15.659537901534838,17.337239534907226,1015.8942586280714,11.72518022829968,0.7692687887895325,635.2895077710355,0.6253500326195082,1054.8789141510488,-222.0,99.0,317236791.0,4.4893512120857615,151.0,3.0531900425170515,243.0,100.20849401386263,-49.55652173913043,-34.0,-396.0,639.0,67.64540012602394,958.9196683950032,-0.4431864715009063,969989569.9096904,0.0531064902331443,16184.12506616257,344.8813203353899,18.431277400047613,14505.884377500017,-312.8572601572434,62.36602643849327,42.18311931289952,0.1866551112979484,5.123786372296006,3.700503283991722,15.801498241367376,0.0071645196297412,7.42603448843739,-0.2730845248842489,0.9447877335109068,0.1689650180028855,0.9612018854403946,0.2645445408356585,0.8677486311776049,0.1862537482988312,0.0201090671588521,4.754574630859915,26.1372864378482,17.491790093363306,0.0523675204025562,34.31702729430722,330.1247676069482,1.1074460788717182,368.1582124964682,0.0124840979088166,0.012035140203566,4.654700751894167,314.3611367095689,0.9402818445913874,0.9678929765886288,0.0377485649358939,0.9762161902113224,321.7189906934698,0.0119317342193419,9.807339449541283,0.0449877956400976,42.58757680329938,319.55045871559633,4.729357798165138,1644.8577981651376,0.0296029857073921,0.0160807795458789,112.23853211009174,0.5148556518811548,0.7453873245402254,231.65303261977573,0.0147441150666068,5.661908369916809,0.6318840579710145,2.22483376820133,5.84169161457726,119.94492753623187,0.3476664566267591,0.8683553875236296,18.321739130434786,33.75800042007982,330.89565217391305,4.234782608695652,1483.8695652173913,0.0245708413770836,0.0117800475918453,0.5459806763285024,172.2675193236715,0.0096697764489083,0.0898897091528929,0.0203406505457322,1288.674560710987,0.2650587584262269,5.674731133995809,72.22732086181641,367.9816833496096,486039995.4751823,4.568733464559263,127.3637924194336,4.56479510631163,626.8524169921875,94.11513803415951,180.504832618824,140.93309020996094,19.0145263671875,607.837890625,58.29587835037609,1186.933688580573,1.4459524380984452,1486125630.900988,0.0552404956941818,15219.921251087491,132.50701191145637,10.868840036301147,99965.83393984938,2437.258781190863,149.84443163772926,92.82061871248176,0.2394312260806681,6.443232128453163,3.969575505429201,50.61502241730799,0.0079365484559545,7.325658565797332,-0.3151952340528839,0.9628245489416948,0.1977129231442551,0.9581390997481968,0.2824222012248217,0.8825803477726983,0.2101389489199347,0.0233855273343824,4.967727997956327,60.66626258755276,17.803027304930627,0.0536773773469279,72.68165878645262,217.09007730113416,1.131216561980946,225.93300691439725,0.0326089608111924,0.0289837299131988,4.78340049521565,307.47619157296447,0.9265419816363608,0.9609810479375696,0.0465587229424433,0.9708271476267636,215.0204096272687,0.0281981600788972,8.345971563981042,0.0395543676018058,91.68051032097212,296.2654028436019,6.374407582938389,589.8341232227489,0.1812723128024198,0.0309416393371688,125.72037914691944,0.5958311807910873,0.7985853944277875,273.8738549501259,0.0265810687033585,5.793470770405012,0.6115942028985507,3.7009501134296174,6.0632980243985415,107.72463768115942,0.3122453266120563,1.567905902121403,19.05797101449276,71.04415038857384,211.24347826086955,5.626086956521739,491.6376811594203,0.161012839202726,0.0289155679483299,0.5517644188110027,173.4442453251832,0.0177329397419972,0.1979061656505117,0.014940438701643,3181.751879555106,0.4618825295867916,12.61001051617227,external
642477,,5,1,0.7120437331598034,0.6107398264531314,8.241896551582869,13.494938752312326,14.489726142901702,14.733689422677072,13.206776492108132,14.952546398484378,609.3080577850342,9.608986567959368,0.6899535657403998,503.75829300679385,0.8267710997259147,622.1850814819336,-476.0,25.0,536240687.0,4.9674324260841125,319.0,2.5982150808738886,178.0,166.41820966602836,-184.1957950065703,-134.0,-801.0,979.0,126.34478192148318,839.435927716422,-0.6921116044894551,438424383.0946426,0.0383667661853049,39116.17585616823,983.2532287305106,30.96623612029511,104091.88369126843,-1973.7925304506537,184.6702659181243,88.60616486712101,0.3419539107695096,6.985393996027402,4.209072493795056,38.28667130875192,0.0040420959950414,8.57770980449405,-0.2002348274727803,0.9203696169244164,0.1740796520995041,0.9633178613656228,0.2562393735539107,0.8792996154937656,0.1793750115281321,0.0226041169915432,5.509887632887604,68.31910769631133,26.45319706547032,0.0366129277014759,82.13174294848788,909.665983450024,1.178225114766923,1134.4686077663528,0.0057237210812602,0.0052149179842385,5.227746452029505,657.958499719099,0.9099779455713513,0.9491559688668756,0.0660692605690818,0.9635940319940408,864.3943880505716,0.0050943730895133,13.787185354691076,0.0315496232372793,82.8505045321492,743.9405034324943,14.070938215102975,18590.814645308925,0.0229510964913697,0.0057896015478791,246.1395881006865,0.563248485356262,0.7787008875953937,525.2971715263158,0.0037515664079048,6.112756048390865,0.5742444152431012,11.038398902439663,6.581110124596885,213.3521681997372,0.2803576454661461,3.6059441809224655,29.197109067017085,81.54768001851082,927.3561103810777,8.997371879106439,11569.57161629435,0.0198085160851212,0.0051035070010232,0.5120925992419165,370.884550828532,0.0025650555268853,0.081253545750014,0.0086160774576037,3808.621709814163,0.4405698516618839,6.29757902532752,65.2289047241211,513.0377807617188,1251607662.7647026,5.385215611467849,234.53970336914065,2.894568914543083,842.5994873046875,137.27856302244143,271.2314640137902,246.6522827148437,8.51126766204834,834.0882196426392,98.30421250975796,1282.453946356963,0.6464915230542645,1023300414.7709184,0.0269114744587055,28658.689427903217,326.5710915271074,16.622948394636303,373014.3858432468,4446.045741458675,341.4578258397766,141.11370856463412,0.4142359174302784,8.828956707079312,4.529497364483505,61.79504427498144,0.0021632659977706,9.16234969290165,-0.253208929768468,0.9639319956066534,0.1319131584911366,0.9637038684367136,0.2139179072417413,0.8787426938364694,0.134160906773401,0.0088498655069006,5.987448853066212,120.64288360110277,19.559355057396505,0.0267052658004203,133.69947421355187,507.35557090288114,1.126017915653461,533.9612961110824,0.0270796472253338,0.0209774069597277,5.566721913191295,681.8450680436979,0.9304440972585069,0.9622965733346812,0.04485820821799,0.9723642788162112,500.99642536892566,0.0197335896830988,12.444444444444445,0.0256058527663465,131.63219106166068,628.298353909465,5.146090534979424,1255.701646090535,0.2639845123219805,0.014193643514411,283.37860082304525,0.5830835407881589,0.7915686485547199,546.5241359827014,0.0100053390073997,6.416048105115928,0.6386333771353482,2.694224288302935,6.8590843913064745,248.82128777923785,0.3269662125876975,1.7276009676734223,20.479632063074902,133.79061025243428,496.3902759526938,5.649145860709592,1286.9053876478315,0.2949193455610552,0.0219609607389999,0.5666041037405861,369.17487100753567,0.0077998312037608,0.1496891772018965,0.0101961217635194,6377.857564758346,0.5780790582892219,10.30486558876183,external
4506748,,5,1,0.5750815806757441,0.4044547581895409,9.750456595262117,24.107657031674048,23.138997888123885,27.30906903608088,19.188719173305,29.944320507025058,2044.694394270579,13.863869512163827,0.6644070755755677,1172.5610936245355,0.5734652067859917,2087.6205253601074,-507.0,73.20000000000005,752103687.0,5.047200521736246,323.5,2.592773083709341,190.0,182.30417604791973,-160.0830830830831,-92.0,-798.0,988.0,136.21745625,867.6730625895583,-0.7712196513707101,1571678772.953167,0.0361833304776247,47396.11622032442,1026.6363547484978,31.482438884687983,196579.6140465248,-3721.637183617665,252.4880607048088,111.09415803549156,0.3841500977609961,7.918330330782431,4.322744205324768,43.110265552443735,0.002963963089718,8.854246612107685,-0.2084356987807829,0.932307083795902,0.1451430911981025,0.9552699045706492,0.2291726101645161,0.8658808547186114,0.1449833312568335,0.012272115137404,5.639783129021978,90.89555468507515,33.86259050441127,0.0353348543707677,99.42000402815675,1000.5344964013166,1.138092672052316,1169.9620278890734,0.0038265490013913,0.0036291161878581,5.271069455111034,886.4023104366823,0.9238460500751652,0.9591129591129592,0.048381537752086,0.9694875361793563,963.1632148893276,0.003583959595846,17.965058236272878,0.0298919438207535,105.49142444234651,905.505823627288,5.3826955074875205,6572.123128119801,0.0102325174268627,0.0047749492235964,311.49584026622296,0.51829590726493,0.748155041456344,644.4325011090424,0.0042134520038585,6.40846850543028,0.6016016016016016,2.619688206843281,6.754418980396091,303.00200200200203,0.3033053073093113,1.6847117387657928,36.147147147147145,98.58320382444506,1009.90990990991,5.940940940940941,7385.187187187187,0.0096108147222912,0.0035384833349825,0.5199891432122472,463.2948562848563,0.0026752434915187,0.1040951587925559,0.006288208332185,4353.22429868051,0.5270634040348195,5.222320715502683,56.35135269165039,388.4300842285157,1427843171.9143777,4.86739529514365,157.84259796142578,5.38473222955505,781.1024169921875,106.72663433465851,187.133232199752,143.60317993164062,12.41749668121338,768.6849203109741,67.55699414349634,1195.5218293108396,1.5495674687739585,2983778491.17491,0.0444939433928422,19987.133365706315,177.32093534067678,12.328480472963156,285083.9466650021,5002.387695002325,208.77550461881128,107.56251980800606,0.3184047631065189,7.562152032289027,4.329342732870995,48.83379497419348,0.0033914261389499,8.660740106381308,-0.1778072918096725,0.9027996937400864,0.1508597614842061,0.9679741019266777,0.2362721803436696,0.8873452103624656,0.1571110765042438,0.0106384692824525,5.429507938407246,79.08450610670432,41.766151898730286,0.0434959119209936,94.91349372877774,276.04824600338026,1.1289590312203557,291.04579125550504,0.0273332581395798,0.0239691157945307,5.096627573856282,890.4420074467785,0.9268137138665712,0.9610379610379612,0.0449126293825815,0.9709625459783126,272.53748500088,0.0232268644702105,20.4635761589404,0.0338800929783781,112.71572244638394,359.52814569536423,6.96523178807947,848.1804635761589,0.1846963624863536,0.0230353862430874,342.6158940397351,0.5672448576816806,0.7810766188373804,317.23019133565555,0.0178169026800367,6.234649597322393,0.6046046046046046,4.229603416516819,6.515082740218269,311.06206206206207,0.3113734354975596,1.5263571880188498,44.449449449449446,93.26423721018315,269.84284284284286,5.578578578578578,732.4594594594595,0.1446307470274537,0.0240444524192099,0.5404031298872568,202.687428681516,0.012483185001613,0.3822904265585669,0.0052606926919388,7061.096507536745,0.3998162865365565,9.28769588003838,external
6028377,,5,1,0.7496455933800545,0.6934284808258996,6.671276310435159,9.620712870762702,11.338239019464178,12.278665440511032,8.449210623262388,12.31092351899828,290.3489685058594,7.212125008742034,0.7573703412925697,279.97721469729106,0.9642783170130016,317.28515625,-569.0,-223.8,27320268.0,4.071849959630443,215.5,2.122062818420644,-143.0,117.233125,-431.525,-477.5,-635.0,492.0,91.6455078125,584.3828796260206,0.5635313119129225,108353943.76464844,0.073125,18339.524375000005,103.3054475439091,10.538481729696304,11302.533392763688,108.6827461289644,64.91201312067759,97.61430746940869,-0.167284332686545,8.231035550144862,3.3658717098032307,19.69309981734523,0.0225400137008949,5.635246022024505,-0.5749128503664911,0.9937945069570424,0.1179055887100907,0.863921441586506,0.1998090035180509,0.7593155696310446,0.1221400680471081,0.0408592172559783,4.103226492527494,40.631580147521575,5.64184394757282,0.0724714770693226,36.73768123892412,133.71874509411865,1.0941942322780474,145.74265063892437,0.0821852567339042,0.0735858317085688,4.168922668367139,74.13311817364465,0.9498093189137996,0.9730769230769232,0.0331828689638958,0.9794985708578988,130.78894693110246,0.0715578606093314,3.7857142857142856,0.0676020408163265,33.874681122448976,134.23214285714286,2.7857142857142856,346.55357142857144,0.2130472316066765,0.0607773977309232,31.035714285714285,0.5542091836734694,0.7718253968253969,102.85813492063492,0.0295600258109984,4.637998788926094,0.7,0.7448979591836734,4.784506614141215,30.875,0.3859375,0.7350000000000001,5.85,36.98609375,133.7625,3.625,474.0375,0.2875527132106738,0.074196769965403,0.6020625,79.94322916666667,0.0282762969319444,0.1702146983624691,0.0371772396936567,1072.2105754696834,0.7786695110576606,9.622292802497295,74.11618728637696,262.9104614257813,105573962.58149242,3.8603546217425047,80.39962387084961,2.821445710686792,312.6211242675781,54.50060259103775,146.77871670722962,128.26224899291992,48.82991409301758,263.79121017456055,38.20453632622957,1148.7708789261048,0.8569568501903071,418713140.170006,0.0790625,4573.107175974873,45.70168709383284,6.5904869478250045,5450.919064084524,200.3182847315105,39.883793667290966,31.40148907997085,0.1082901021517732,4.23173896503856,3.1486141902699964,12.709235331482006,0.0240274005476575,5.5548043579232695,-0.4692189762898839,0.9794936604638482,0.233912627830419,0.9310717544600692,0.3192608572295183,0.8361816885277327,0.2672618176512297,0.0422862203024146,3.884126982793776,17.821320686815458,6.010244427099551,0.0784252762170255,21.901699348433645,80.08746093390998,1.147797716021861,86.60615726374466,0.0940769238009056,0.0821827492862349,4.026456606279285,70.92529114513289,0.9223184476823654,0.9576923076923076,0.0504724871722852,0.9678513786122436,78.56909503318204,0.079546276474661,3.3043478260869565,0.0718336483931947,25.002362948960304,100.2391304347826,4.608695652173913,248.4782608695652,0.3789961179433906,0.0773239911619212,21.17391304347826,0.4603024574669187,0.70493961352657,80.93215579710144,0.0472624180501662,4.838566847267287,0.575,1.5841209829867675,5.249747626002131,22.725,0.2840625,1.265,6.325,21.5475,78.55,5.675,270.0,0.4298740858446604,0.0821353489147033,0.4820555555555555,50.91591319444445,0.0348009420488191,0.1624512931335421,0.0690099913370515,362.5665706870864,0.389035615024103,9.432073461378744,external
56761,,5,1,0.7493753654448678,0.557786904899403,14.268270593449603,25.58014623169199,27.44547039816561,29.624577339800467,24.72924658036106,31.382540349732345,4153.15204152821,19.169131430507345,0.559237716982921,2234.2900799892627,0.5379745450318559,4165.1434802143285,-156.0,120.0,18568614202.0,4.38050102823328,132.0,5.4753918726931845,431.0,88.36484809167588,-12.570560971711682,1.0,-920.0,1351.0,56.1048645982415,994.5944733543088,-1.0088022640471477,4120235596.4027214,0.0601900225803889,14201.269367215007,1797.2979424894015,42.351391842391,20920.37109048283,-455.7958764923387,56.1951790663588,41.57118745543765,0.1486048210043304,4.876512762220407,3.7446947863361126,17.125368272788368,0.0046359486895728,8.404511982198681,-0.032421313131379,0.4451097935330784,0.1973312386498505,0.989646048116228,0.2892581539563547,0.9304852839963462,0.2038938478677676,0.0109254529807454,4.820559813198461,24.4415916304491,1025.941703923279,0.0585141813886586,30.883210174147223,1783.770989900038,1.227163169930271,2202.875133275644,0.0008148445747218,0.0006880609409027,4.769968082678586,15414.122089833205,0.8784874959543468,0.934055396417551,0.0794152102722708,0.9505113890853376,1692.489309764407,0.0006603849806273,314.22341982701266,0.0418128303163024,50.67873326755228,1711.1626081170991,130.46054557551562,244623.2888888889,0.0701195361621456,0.0008527339493412,3333.430605455755,0.4435702735137399,0.692597108045383,1157.228640528848,0.0006684561082082,6.5645423801806215,0.4003516062010548,124.22151879872987,6.632197596065659,3874.6621384049854,0.2064174598265934,2.4748074602239534,1129.8269138564808,29.68474229893188,1787.818443343455,9.84364178786426,18139.64093548559,0.0055760516554356,0.000679470902526,0.3586986052423944,611.7064846212253,0.0003146642129225,0.8390846462418656,0.0003367439361374,6118.970654095442,0.0701994719190355,0.6320806633600737,72.87521362304688,546.6287231445312,29121501321.87618,5.064328200405784,137.41254806518555,6.866321101623895,1493.811767578125,142.6105704646922,228.73565717234,157.90196228027344,4.811800479888916,1488.999967098236,73.0670696218199,1245.555763066733,2.036522633962826,6461841743.373582,0.0441695402901454,41617.84370200954,273.1515381701146,14.316399543734905,1491734.5039911685,19206.47801883819,416.596402826177,144.12677064894984,0.4794093700005527,7.50455709106223,4.337600264633613,87.1312930652729,0.0030571286978124,9.398071816243364,-0.0626387700686656,0.663157358493261,0.1712922712598604,0.987811087809822,0.2583869304382701,0.9376555632479008,0.1770146096771629,0.0082436914117948,5.642981941776549,140.18079336878185,753.3190191026865,0.0425339965764598,201.66997056118257,472.8144799363949,1.1892885331222405,501.1741268036624,0.0195017660235474,0.0164564385613106,5.423144589889113,15850.256781332708,0.8949020277094678,0.9435217172151804,0.0658949447306374,0.9578392535024088,466.2728850437288,0.0157815118183582,215.6592925452241,0.0248484033350874,296.2621021075846,784.7082613204286,40.97787763567232,4312.153819564466,0.6168623258604696,0.0167931419310543,4629.409263740063,0.533403533095986,0.7579294833694807,705.829045568908,0.0126987581215115,7.154313223158891,0.4623621543870864,36.30014448979856,7.0931298112067775,4319.08225454158,0.2300933490246433,2.163446164098884,829.1064407863194,194.41045796221948,454.6986841404294,8.25661925310319,1406.9743220925895,0.132364798046469,0.0164333554727993,0.4260586605808635,343.2318568218814,0.0071126024831661,2.2824278266435494,0.000326756438582,23879.19139967741,0.2905951315952834,2.738794166960337,external
1018465,,5,1,0.8694429436685497,0.8021742990410679,9.940335456927103,12.39174013529222,14.435724701068876,13.401124832891572,13.657042963323704,14.538820030676275,934.5513873961048,10.77391102040418,0.8513189695662797,542.9926339830531,0.5810195579463715,943.7038635219344,-224.4,130.0,1897829942.0,4.521010197391463,153.0,3.686145890108998,308.0,104.5793475535475,-17.543805080352513,7.0,-503.0,811.0,67.41676286611721,991.8877650809928,-0.910563238379967,928454872.2514302,0.0535326001514092,18621.16358137413,562.6993978609163,23.610767626709585,24681.77356446884,-622.5164404398649,70.99813690938522,50.0954726723394,0.1713188090014696,5.325265578488071,3.894062012314345,21.64457016274873,0.0042225983564224,8.455083338534923,-0.0649137113094328,0.6564212120641937,0.1870271226866169,0.9692322341166864,0.2780557430654371,0.886154026270013,0.1928513456951945,0.0120772313830508,4.964725062308959,30.273402395431148,94.39077439450344,0.0520037151380253,39.99224136299988,550.2912497564809,1.1992517165249712,673.2807489786961,0.005649051338749,0.0052461780133049,4.863931437647808,1616.924018169606,0.8907836634528319,0.9409418989512304,0.0696808253768173,0.9560447818955624,523.2339618214829,0.0051563749195185,31.983451536643027,0.0378054982702636,58.30225536385941,486.5378250591016,34.25413711583924,21261.78723404256,0.0650710933478902,0.0087538599409776,408.1158392434989,0.4824064293658378,0.7221035702067012,326.7967124639215,0.007892596532032,6.299954513179121,0.4385692068429238,29.05509028720889,6.57522724312514,434.4608605495075,0.2252259515549546,2.295395293951344,103.26438569206844,38.73197473502711,554.2032141005702,8.724209434940384,5382.123379989632,0.019620582650871,0.0050562391406761,0.3991740381424155,192.11306397316045,0.0036661844685242,0.2846003220142752,0.0033501483182866,2415.72320103952,0.2300432919362478,1.5970130482563871,65.68372650146485,617.0361083984375,3178453288.3127937,5.353844817421991,311.5827713012696,3.0138090433203963,997.5684814453124,180.71102028536544,265.1330883134641,170.62384033203125,3.25745177268982,994.3110296726228,130.6582022465097,1283.6357466485672,1.0635250715161513,1554960418.9760396,0.0333764126759151,47158.99892846152,328.2804570417195,15.716850744360908,1004608.763330313,14383.384996962892,503.23406790625216,178.4871718601786,0.474870127354378,8.817589743194269,4.554127404193144,100.240113130386,0.0027230046814219,9.344092423125604,-0.1679397154686835,0.904511904805952,0.1649396518764258,0.9684950325922804,0.2465838184702985,0.8990737787069439,0.1723283967492303,0.0096113118063286,5.9698276286698455,170.43030994160756,58.370960667407104,0.0318973735996302,224.6059660671692,588.137125736602,1.1710953272133844,617.1402373663038,0.0229733138772682,0.0187059196451287,5.657434049555,1654.8451988279417,0.904266674978528,0.948638194361367,0.0597806661223866,0.9617896185109408,581.227214881837,0.0177856022934056,20.09000989119684,0.0198714242247248,247.72409724484675,885.8486646884273,24.893175074183976,2506.256181998022,0.6924861323041089,0.0148200730104677,586.7052423343224,0.5803217035947799,0.7891433080458325,785.5970363752904,0.0110409537744879,6.870185922934442,0.5241057542768274,21.252665780274544,7.154924700150133,493.70295489891134,0.2559372498179945,2.3545835694903663,64.38310005184033,220.3924546921144,566.8849144634526,7.808709175738724,1471.0155520995334,0.1922221708013537,0.0190064326136625,0.4816435131307289,433.4835783446157,0.0072175588414669,0.4464265811951745,0.0031592202467846,12097.030050142826,0.7183411634677829,7.834707362721241,external
472225,,5,1,0.746042611759553,0.5218188476804783,8.449483614069644,16.192369539023357,19.68714369212137,19.233811045306187,14.6013704180331,20.1485219968632,926.3142574830356,12.080197661468814,0.6257952053006693,734.3291903290093,0.7927430506406276,959.3969095360032,-363.2,151.0,307759232.0,5.144625224721452,270.25,4.289086788574881,357.0,170.8513674197384,-86.62068965517241,-56.5,-1006.0,1363.0,112.04496345113758,940.4071507572676,-1.0255372974930208,848457632.3619937,0.0341854934601664,50103.84462940943,1883.0227022870165,43.10724073862172,263198.8843587046,-3908.299741145584,269.41501014438853,170.6528796458854,0.2285307588433076,9.630572278633602,4.565108131500782,76.56142296239294,0.0036851931982486,8.258304801093422,-0.3812798701673972,0.988976435335314,0.116208895468943,0.9631571330674192,0.197909216399914,0.8785917174413225,0.1272163089027825,0.0110058734314352,5.651723343452385,110.0169724475685,11.52076730365339,0.0339226022620542,105.44831278745627,1907.9520595781223,1.0752376602194893,2067.862077771147,0.0037863710850224,0.0037473949715201,5.264118464388838,323.5988081636281,0.9526842422129256,0.9759062776304156,0.0249866625524687,0.9816985806311648,1868.8712308208296,0.0037379393923829,7.556451612903226,0.0304695629552549,124.34727822580648,1836.2379032258063,2.5725806451612905,5156.274193548387,0.0057489487297248,0.0049367206919026,139.6290322580645,0.5630202913631633,0.7782258064516129,1374.5240815412187,0.0048160146352573,6.139390543181033,0.7126436781609196,0.603537981269511,6.25835345937988,143.33908045977012,0.4118939093671555,0.5730942000264236,11.89655172413793,104.13386841062228,1913.316091954023,3.218390804597701,6683.701149425287,0.0047954451926005,0.0036693089295156,0.6188138569604087,1112.947337962963,0.0034665554634187,0.0239650198637481,0.0172604703694776,7241.902253409411,0.5193847908629988,18.03070490891772,103.32061080932615,518.5755798339844,582072687.1306537,5.239863827350527,240.97484588623047,3.290318490891484,818.9951782226562,137.35717103058886,282.1644854326358,243.57109832763672,20.54269790649414,798.4524803161621,98.79935046092773,1293.299139475684,0.8860766699001112,1604709014.8231783,0.0315761659400185,28676.896463809662,348.227692262882,18.098257109448404,317200.0546801052,4080.581145531636,310.71951440376773,228.66119263955352,0.1579790719425229,11.490362995829395,4.78715262451717,93.74630301920313,0.0034749261190803,8.331457668509332,-0.3924133819380676,0.9909673901540508,0.1101511243038693,0.9383435121829524,0.1848445735215071,0.8435630689430748,0.1127890916187275,0.0122584951487275,5.730603853443892,134.84517676083033,10.499688389130243,0.0309762813490624,133.4090677744682,491.50872053057503,1.08464841794983,516.2900896294352,0.0200583277138491,0.0190149067000436,5.367541831145581,322.3812906441109,0.9508197069430998,0.9739168877099912,0.0297062950391833,0.980753839958412,485.86181744929,0.0187754441922792,6.92094861660079,0.0273555281288568,132.3791966754675,544.00395256917,3.098814229249012,1064.8498023715415,0.0478489442158441,0.0214897393177987,169.89328063241106,0.6715149432111109,0.8445717103998678,474.7229723763316,0.019790430123018,6.013734772351118,0.7270114942528736,1.2068302894905405,6.374302030574074,144.95402298850576,0.4165345488175452,0.9883736292773154,10.988505747126435,133.23473213106092,486.3074712643678,3.8045977011494254,1186.1695402298851,0.0550329925042644,0.0188401679446461,0.663624680715198,364.7096575670498,0.0149365796091569,0.1368086944251105,0.0129801701426633,8067.533796317174,0.9405896565817524,13.375275953088638,external
228642,,5,1,0.9122312096311228,0.0,0.0,12.439829228706389,14.827633176197988,15.414048846613564,13.679413237060754,16.413170025085687,942.7661793137346,11.348000464907429,0.7428761166146485,625.8982317818344,0.6638955082557617,1021.2450936998558,-533.0,82.4,125420165.0,4.921402712767254,303.0,3.2837230166201907,167.0,189.6075155079064,-164.78443113772454,-82.0,-940.0,1107.0,134.9540392334219,866.6134963729842,-0.9774824306130424,766974420.1034514,0.0414141776327584,53433.90562587399,1470.2139864864864,37.713883073214056,268382.0961979096,-5015.898366774824,276.0460583427325,84.71166730110392,0.5298426679135783,6.778632787717296,4.088202237993652,38.5184326247182,0.0065320781892675,7.538429442134819,-0.4193203826984575,0.9907522076518523,0.1662332883027667,0.97117138561643,0.2519297139390537,0.8917491401204973,0.1717140278160331,0.0222976145159243,5.349902610295603,90.18943141095907,6.268691760795944,0.0396605869729358,112.3601725776392,1388.7617978992569,1.180910762740131,1697.9213306859942,0.0079726780576804,0.007831182696755,5.150787262635146,142.3799246965777,0.9007629838206948,0.946107784431138,0.0631410450377372,0.9600252939567951,1321.8372134271822,0.0077985272491596,4.865671641791045,0.0363109824014257,114.83877255513475,1335.141791044776,2.0970149253731343,3239.701492537313,0.0098852300861934,0.0090845927232906,97.07462686567165,0.7244375139229227,0.8748413544522285,1134.6869817578772,0.008965780604389,5.512089773176444,0.8023952095808383,0.5438293606593896,5.713100643265298,86.79640718562874,0.5197389651834057,0.5207070888163792,6.916167664670659,111.00541432105848,1405.2814371257484,2.568862275449102,4097.377245508982,0.0086342601261781,0.0074508852989346,0.7448336660013307,982.4754091816368,0.007230737739672,0.0186251972583575,0.0360256339797642,3446.727951887184,0.7140688487861295,30.461930797002868,49.89691162109375,439.6158386230469,251451112.77100387,4.982499688615529,226.132553100586,2.319975293789491,578.8665771484375,123.88567773075631,218.362251955592,183.38003540039065,8.683858871459961,570.1827182769775,94.56459006419978,1227.0677593572066,0.5776765820902076,1537683923.489562,0.0356771486966187,21288.70906361389,246.35686841771349,14.1045969737343,202869.47705357324,3194.112330052568,277.8442744192979,88.49322198959526,0.5142788280428893,7.086089645984012,4.130010229467425,38.26303679935679,0.0054177092130706,7.707346542526109,-0.4242046435915513,0.9920685353672364,0.1464553501657737,0.9534974881043964,0.2341109499793899,0.8624869769222705,0.1603963215508421,0.0155145286131201,5.47993347294466,91.58437410222332,5.617004479258702,0.0351001209013301,99.50664333274052,339.22232362415184,1.131681659344097,374.6255040219186,0.0375409851444226,0.0349067360335937,5.146564057524809,146.6605580736428,0.9163684552093824,0.9580838323353292,0.0418157723953088,0.9670795851639756,330.37152852471013,0.0342481737558864,4.728571428571429,0.0337755102040816,100.9814285714286,347.4714285714286,1.6357142857142857,517.6428571428571,0.0495531524513107,0.0370960315968305,100.47142857142858,0.7176530612244898,0.8728174603174603,310.06349206349205,0.0345769284095971,5.497784293323862,0.8383233532934131,0.2128061224489796,5.60721037742348,93.77844311377244,0.5615475635555237,0.2947398615941768,5.958083832335329,99.06658539209008,336.2634730538922,2.0778443113772456,615.9880239520958,0.0559315500973952,0.0342801308974982,0.7704590818363273,271.1161011310712,0.0297358580062416,0.0808213720147351,0.0366284680589731,2744.7381118563303,0.7593825226205667,20.74939762435113,external
6031297,,1,0,0.6893605426100965,0.5589379904299688,8.342951078512948,14.926434097090173,16.536463677688356,18.27629392595472,12.970938532005452,18.31307952363823,883.6380545355879,10.289694708403928,0.7439936226994416,598.5464400624468,0.6773660742542644,913.571687957776,-510.0,-1.0,303995005.0,4.570022495634747,360.5,1.6402355044245018,21.0,163.71807942370498,-275.353591160221,-297.0,-557.0,578.0,137.49465533204278,748.22688501208,0.1979300043812552,511457145.20917606,0.0475938531248198,34731.05361049215,225.4290147276488,15.67350641689182,43555.65151870727,7.049104857249272,120.51635948608453,202.75383205092487,-0.1926944215687719,11.756916710415394,3.778768314498357,22.80185194378802,0.0108393484722089,7.264731924938224,-0.3360275225084184,0.9709648516801348,0.1447610545385786,0.8141288554071756,0.2043094557037933,0.7292329872878809,0.1193443759734431,0.0450540171970196,4.890966187957167,80.81754788425233,23.392940164520944,0.0459639499932793,69.31302545406602,255.30332408688008,1.4027438184433632,437.5431776538818,0.0518155771307002,0.0445936863926509,4.802942158467212,468.211468608261,0.9106893970187008,0.9318600368324126,0.2015517222286643,0.9587496596867994,241.6003152240173,0.0434418744242417,10.201612903225806,0.041135535900104,53.18338644640999,206.9233870967742,21.536290322580644,10931.112903225809,0.3259453686914857,0.0604336959481551,118.78225806451611,0.4789607180020812,0.7192105349717691,147.05423461279312,0.0479227204621408,5.857038043244619,0.4567219152854512,16.742309443288242,6.465965363416637,114.292817679558,0.2104840104595911,3.741589762895584,25.843462246777165,72.5158640524472,266.8692449355433,11.423572744014733,5165.141804788213,0.2225539659748384,0.042780196960611,0.4018072590198346,84.4799130166015,0.0245433729243142,0.7546596650678298,0.0041207342210424,2735.568739078029,1.74781148112505,1.5656109131263238,33.039643096923825,279.6838073730469,702014396.8293477,4.271688153686722,103.15549087524414,4.213690331151032,449.1183471679688,72.7265828875657,133.15289074983826,103.41909790039062,11.938468933105469,437.1798782348633,46.21928983546267,1137.0330659465842,1.2950333475726103,1181105851.7164776,0.0686893969455551,8808.719241174116,75.89455972909678,7.8867401763212195,36246.87093482986,1110.5884684405114,82.51869705528686,29.87862473782405,0.4196307147388113,4.124312586356644,3.314955859100201,11.23195346992861,0.0149067130200593,6.9113492984434135,-0.2610405464749919,0.9281636866811483,0.2326637884153269,0.9721824594221734,0.3257879379039409,0.8908060912509549,0.2030537687708134,0.0518720580167977,4.574196748768188,28.09933044827773,32.474637303268494,0.0650257570419548,42.15761740759982,142.20224864439578,1.4597556038479456,163.4944824690877,0.0759134869794916,0.0401994204656366,4.636309291151347,440.9510707703417,0.8738855185519949,0.9137271568210796,0.2086780626985252,0.9428155069379932,138.61799123507245,0.037005109667114,10.254716981132075,0.0483713065147739,49.97532484870061,233.1179245283019,32.193396226415096,1324.2169811320755,2.246586126422982,0.0198713556547555,87.15094339622641,0.4110893556425774,0.6636112112119738,189.45227481705297,0.0085354587795544,5.788088244578206,0.3904235727440147,25.63303221787113,6.357770030731172,93.40515653775324,0.1720168628687904,4.710702766500819,37.29834254143646,40.943506676298725,133.4290976058932,15.228360957642726,736.9981583793739,1.0721862978183114,0.0429107246917661,0.329861354711723,81.25507756359484,0.0065165751056083,0.3945775476448235,0.0116976245447064,1246.2149962714277,0.2504933318551442,6.489372045829642,external
6138104,,1,0,0.7826584584833273,0.7134528641330858,11.91990853004714,16.707352551637705,20.780841106321507,18.84855942217494,16.44887784243626,20.9185681738928,1811.202061891556,13.07615079340225,0.8066093164516265,890.8381894147144,0.4918491471262761,1829.1892490386963,-336.0,27.0,1597666690.0,4.160198560991663,183.5,4.486224521842756,165.0,120.60020082581195,-98.26792255363684,-28.0,-741.0,906.0,82.4046690617565,914.3505843516118,-1.4235858903297491,1529269875.926342,0.0866790382376836,22916.25160840008,1001.0600120754184,31.32350362316368,65655.20119071813,-1813.204729906265,108.56174634551697,29.18173049053085,0.5695334474063323,3.413930343610702,3.311342041735448,17.145522537190324,0.023159529683881,7.012906186836913,-0.1718620510696669,0.8370968947713178,0.3891354812659622,0.9849015005827264,0.4489382602600308,0.9316860830289806,0.3130684122451911,0.0765671407531933,4.792958321580956,34.435869209011926,105.60270610008746,0.0674285942094211,51.54540924740718,894.9466804915621,1.927547006466832,2008.4764557246576,0.0037779723666465,0.0029614206018999,5.034835131479205,1148.1238392160956,0.7330584546589536,0.8170913335748499,0.4160270139388686,0.8788628597652833,752.9557151203319,0.0028480133834537,24.17089678510998,0.0408983025128764,53.02274100223028,619.4788494077834,427.663282571912,519801.9221658207,0.3588600425052603,0.0058984449943407,310.58714043993234,0.5255281564127451,0.7529861041084096,436.1852196909408,0.0053821256297078,6.027119279533972,0.3092621664050236,417.2077439081999,6.942966700725028,201.5494505494505,0.1054680536627161,25.41856464036325,165.6436420722135,47.83401064809452,949.3417059131344,58.54578754578755,71423.27263212978,0.0506735565354929,0.0025799392218184,0.2816423716892498,177.24979529189935,0.0017450094774477,0.1489983279586451,0.0039702133814556,1703.1817322962795,0.1631310185237273,4.220638132439854,15.181768417358398,333.5743103027344,2530464488.9109006,4.552923908553158,214.09099960327148,2.2372863780587364,483.8056640625,108.24661287888009,143.91015778019565,109.2854232788086,1.979322910308838,481.8263411521912,86.61451867008337,1150.7203142864985,0.6662126432674992,2422134190.5756245,0.0596779065045492,15626.792638905335,116.52025396710556,8.745211360057116,115127.595831111,2511.2470758358245,205.5850489483128,45.95654530443676,0.6295227461668934,4.574643023936907,3.694494038059829,24.07024935949411,0.0146509142411331,7.95035514919036,-0.1641738508411571,0.8578343674635265,0.3068165874447209,0.9662727576967892,0.3766472751047662,0.894201800630661,0.2567847704904383,0.0732421008940976,5.288173736675627,62.88539856318733,76.8086958252731,0.0464876178939589,72.31334162965014,201.61595368776352,1.620552651890723,222.7743914293202,0.3774559752304575,0.1175347733682648,5.207658030539171,1316.0070811477542,0.7965668660627566,0.8637443142937649,0.2765797272225652,0.9114264237768238,196.8834601797064,0.086068592499806,28.363395225464192,0.0376172350470347,54.87451540501939,296.3183023872679,196.1631299734748,1813.1180371352784,76.38199862001176,0.0183499997483781,370.2970822281167,0.4911101886314545,0.7283554086468862,222.4276064861748,0.0119607755088221,6.155450688706504,0.3945578231292517,189.73952711972925,7.004991789407053,293.04604918890635,0.1533469645153879,20.43447106331161,114.0444793301936,73.00052219092362,179.75667189952904,41.07012035583464,822.9905808477237,19.168223186176828,0.1548849083253004,0.346838507944374,100.63967373120327,0.0083741876853621,1.356513809000186,0.0039151966702641,1475.8645834766874,0.4006655164169046,2.5496895658612497,external
286233,,5,1,0.8231751375521593,0.4444472938044277,14.481922952673251,32.58411774478214,37.49112635160583,39.71446106830841,37.78331874752295,41.70051082691244,7687.560415322373,26.8224356065768,0.5596696694328641,3365.7204966779764,0.4378138596439033,7738.107044847725,-379.0,18.0,5356305119.0,4.389780012520346,188.25,5.642377859224864,127.0,133.2688669287313,-122.98672434367542,-47.0,-1020.0,1147.0,85.64199125980987,893.8520723795051,-1.65626230017392,6182527204.010715,0.0736978528830435,29819.241619699667,1870.618954481831,42.96325200690943,157637.99560465396,-3419.505431575218,153.5777248816077,54.86044192012697,0.4687226953328219,4.686637057631239,3.728003903082573,32.75123161566039,0.0121951823133778,7.957126356222175,-0.0863177789052613,0.7091170321516895,0.2898588033452496,0.9826577421380738,0.3631757761075293,0.9264427600207982,0.286405967464605,0.0450850156559039,4.976037483612351,52.10954170043365,385.4749753147384,0.064321517051015,65.86045174984754,1779.407317410138,1.4168791443862054,2672.589576752566,0.0012160716038215,0.001013453523417,4.98682902528321,4933.066330607457,0.8229762129816833,0.8937718009913713,0.1641089472152044,0.9249823751279352,1620.4577782404108,0.0009761050884537,85.0,0.034412955465587,83.50217574456228,1404.8688259109313,851.085020242915,1876112.556275304,0.3878689642658591,0.0016895581507566,1390.1732793522267,0.5628231900211444,0.7784497731508194,1043.4441679023205,0.0015142459287713,6.330275064328453,0.368436754176611,843.7183012342441,6.838322681119838,1017.583830548926,0.1517875642226918,8.825782420355317,494.0704057279236,62.15388374624774,1816.968973747017,22.97792362768497,49611.42661097852,0.011277238338881,0.00095785444954,0.3461163613511149,495.2929489290497,0.0005958786102269,0.3332529535317367,0.0009191034471897,4823.027500281475,0.1676890652771974,2.17020508718867,21.61134738922119,361.3282257080078,9111610496.3265,4.736283831360759,212.82580280303955,3.132422025279878,687.6651000976562,115.2408533698758,157.62034654130088,116.55023574829102,1.312612771987915,686.3524873256683,87.46896640547173,1165.8175002815765,0.9490798173976792,10517096863.295431,0.0539176465017857,19045.57723638222,137.33248919682563,9.832709721532751,182760.7357844327,3384.045584270745,236.8526409770372,74.71098538756392,0.5193577387443568,5.711166687124341,4.009057998388264,41.71437862188323,0.0101917977170379,8.572395567817418,-0.1068524067526067,0.7800651980229532,0.2711253502359315,0.9710258076248196,0.3411046386905623,0.903208484202104,0.2522957746080875,0.0528395050541717,5.438767380396817,77.8909065911503,267.47653636926543,0.044723153767349,90.20709563531744,236.30192133119527,1.442140238945777,254.87373712136025,0.174928959298989,0.0864625896579086,5.312710619168822,4950.211330195625,0.8276402720424115,0.8920047732696899,0.1848734407054563,0.9268610252679624,232.0708457363731,0.0729530134977054,90.98879551820728,0.0318588219601566,82.40215448924666,376.8802521008403,509.7310924369748,4312.677521008403,98.08872382432314,0.0234932621857541,1564.265406162465,0.5477119769476418,0.7684984247882551,314.4925549752751,0.0146086949992657,6.413832509873531,0.4260143198090692,504.221092358512,7.0807580154200425,1143.6357398568018,0.1705900566612174,12.30497376980081,361.46390214797134,88.99574130839846,216.0386336515513,26.80489260143198,818.6851133651551,5.762014308836287,0.0980230397483873,0.3844912078640414,144.9228237131237,0.0111287458583866,3.0911510395156263,0.0009646778643754,4086.345636351767,0.3628966864509406,1.353706930206348,external
512959,,5,1,0.8912911768416376,0.7343399964334416,12.710766401730949,17.309102681952332,23.60153017417515,21.478843392999,17.600301224124877,23.808543439754065,2302.4492398897805,15.427450499470035,0.7254273275060658,1162.3856923221797,0.5048474781480192,2352.416362762451,-575.1999999999999,64.0,547097027.0,5.105467076209728,389.5,2.2124272301599643,174.0,212.52408595095267,-191.7640156453716,-99.0,-769.0,943.0,166.14187322361028,844.567753173261,-0.665451581180758,1677966099.522152,0.0355590534584192,60049.28329443522,867.2588708390863,29.549821934167696,159624.69498573503,-2442.082218851964,220.54196630706585,244.83947330723765,-0.0377104311054682,11.911714914763412,4.675270038187643,79.87082571213922,0.0031838803298626,8.686904952968952,-0.235942562200725,0.9476453535294888,0.1161795790226236,0.9047471686201672,0.1900565992706017,0.8111229676799088,0.114213970722991,0.0112037280795889,5.528512396254113,116.34535990357598,25.69420899805618,0.0346534323625781,126.04847622363914,888.2523349691099,1.112499397226476,1013.9765724771144,0.0095577220943019,0.0088563931285001,5.292652019954554,695.4997122708963,0.9370636399606542,0.9665028582890384,0.0396860770169031,0.9749664711249746,860.4743416206137,0.0087142454648781,13.99410609037328,0.0274933322011262,128.68347736808178,799.483300589391,4.288801571709234,4702.925343811395,0.0248109942933398,0.0099554619433796,307.4950884086444,0.6041160872468456,0.8047646543511292,609.280611747581,0.0085153968397326,6.2217629120214735,0.6636245110821382,2.0181256055056136,6.550886905105753,267.3598435462842,0.3485786747669938,1.314500186133006,27.273794002607563,125.38250077767898,895.9335071707953,4.814863102998697,5299.06518904824,0.02891898559479,0.0087600412776774,0.5920818846878169,463.87469143850507,0.0060684941128726,0.1639229464854283,0.004727589454521,6601.448645498954,1.2722825971288256,3.725193011933868,60.01472244262696,383.2684570312499,1093561701.1958456,4.769437013850666,135.73528671264648,6.589839316798146,894.6598510742188,107.00095476538692,185.039821999014,133.7311553955078,11.633868217468262,883.0259828567505,62.11186664291235,1194.0539895043137,1.8504156112928225,3353992750.4347453,0.0503069069793927,21445.550127712973,132.84722560220175,10.80080265299543,223923.396563402,4091.524524711518,150.77587923988716,88.53392607314869,0.2159100365954716,6.667910241986805,4.147053351162528,43.19320045949556,0.005674088607885,7.9867061475292065,-0.2005592492668092,0.909596361231246,0.1755072317652554,0.9793127012609524,0.2620484460579164,0.9102543646119744,0.1762552374432617,0.0177764732262469,4.970837144339317,59.82745132825895,35.26976051720806,0.0483267397690348,103.35046885082554,282.4248942291149,1.165752519207288,297.0365625645457,0.0273842650538981,0.0231955192292238,5.041383194527733,665.0255543819986,0.910084638972366,0.9514592317721392,0.0585251795336261,0.9638072842288202,279.01795383000365,0.0223245307397081,14.150943396226417,0.033374866500534,134.31657173371303,409.688679245283,14.6438679245283,1298.1391509433963,0.3097502863593638,0.0212151503659346,235.4009433962264,0.5551909042363831,0.7731651515745946,369.7090505006172,0.0149885677130176,6.22732575197798,0.5528031290743155,11.371523451406194,6.4642747101648,204.84093872229465,0.2670677167174637,2.159486238906388,38.58539765319426,100.3746423951493,272.986962190352,7.276401564537157,756.8983050847457,0.1717903445432722,0.023271840931843,0.4930168987291667,213.2077462422267,0.0101437844879611,0.2231108169976568,0.0073978229640756,7818.633285908455,0.3770242172203454,15.136183640096611,external
6002440,,1,0,0.6988873548760924,0.5846445051214008,10.201647968456154,17.44931813964076,21.2589106554305,21.025518748107427,14.159567419470314,21.453481941551324,1468.7479667811165,12.19510779900495,0.7567643725203838,825.6987597103366,0.5621786571864499,1514.0883777500544,-539.0,-1.3999999999998636,358661415.0,4.907444140108018,384.5,1.7344594188801126,69.0,185.82769080493927,-243.88164665523155,-196.0,-688.0,757.0,154.35516402954556,784.3466597594553,-0.3580765473707301,931466689.5349728,0.0378211710293654,43484.71841101066,554.3337186531437,23.420071046728115,87178.93010045878,-990.778456345916,187.05478460633373,165.2124886966556,0.0715435685106952,9.245130729005968,4.132868926513797,63.0204130870732,0.0046714385470635,8.179699014660672,-0.2678580807948265,0.9552325252856384,0.1765087402030356,0.9059267867257672,0.2503914236392679,0.8241232635997375,0.185029346659605,0.0175615564756923,5.3530381585046936,88.06681832574733,20.35998234050121,0.0367273021103258,90.35203724428726,538.6225732345788,1.1794727543394274,669.9957821307734,0.0128444542852728,0.0121481634517583,5.148849547775156,505.6847603144581,0.9104257145426788,0.9501253463517614,0.0656426239658403,0.9633730500258288,512.1453868665288,0.0120022412251017,9.693069306930694,0.0319903277456458,79.12675227918831,407.0594059405941,10.617161716171616,8681.488448844884,0.0422851128320998,0.0185899207828516,144.84818481848183,0.4780468145824483,0.7186533210970438,252.1066345851504,0.0168104262860473,6.186105778190656,0.5197255574614065,6.915030116873075,6.544689318417305,149.442538593482,0.25633368540906,1.872493667050125,22.049742710120068,90.58878633906951,548.3138936535163,7.147512864493996,5278.385934819897,0.0325691193689524,0.0117251424401823,0.4496480447524922,179.52929387735657,0.0091352070124629,0.188419588144358,0.0069149070251848,3502.710754856841,0.981476038091172,3.7432109055898697,60.44054718017578,299.3217224121094,780412829.259142,4.3478843037537,122.28704452514648,4.017539564228752,501.14459228515625,77.12025663117274,152.95262225169057,118.04552459716795,24.23993873596192,476.9046535491944,52.7799501596328,1156.985517446093,1.24650255911988,2026782152.0211053,0.0646475761204393,9315.73842295424,89.78937405305874,8.501142806920049,47521.86250581352,1434.9875190558062,102.35191893878148,33.128561087662185,0.4928289722435806,3.8964520525414152,3.4259879060386407,17.41673616137706,0.0110338162694519,7.256640154129646,-0.2239034853721917,0.91177165817618,0.2773487192643288,0.9756395461904276,0.3596186340235782,0.9064458371552314,0.2741033998645712,0.034331818548407,4.7952601172701135,33.87012000661091,32.72011566846964,0.0611910233378631,44.74521044344318,150.55715348602513,1.3271818456823712,167.18665704925894,0.0484555535539551,0.0324454451304002,4.761087813865883,458.5170174987039,0.8551495685225476,0.9158200290275762,0.1233930709745984,0.9388801204578584,147.08183783491864,0.0296020488552022,9.844827586206897,0.0424346016646849,52.52972651605232,250.4655172413793,48.72844827586207,1753.9612068965516,2.28918347354618,0.0195584740797059,107.27586206896552,0.4623959571938169,0.7059338986418083,206.63093052498672,0.0099758177828742,5.879531535157106,0.3979416809605489,42.41362589179548,6.458034928348509,103.56260720411665,0.1776374051528587,5.5081394219877655,37.68953687821613,43.36646964155946,142.10120068610635,15.675814751286447,728.7392795883362,0.7848394374550084,0.0337872016008331,0.3508081837956794,89.60068347867826,0.0065292819492322,0.3197153522635748,0.0129936086071251,1422.904961607729,0.2118433219118908,8.37705689427471,external
5053045,,1,0,0.7361742671530515,0.6374786364001597,6.397164887481226,10.035104742656165,11.741009883417355,11.741009883417355,8.291582730110248,12.256056687108112,346.1657076550434,7.387585879729012,0.8484530920031753,281.0038799495425,0.8117611702588545,370.7883730531012,-547.0,-227.5,39879283.0,4.215815300479873,246.25,1.728293223493899,-152.0,111.29817708333331,-367.96875,-347.0,-598.0,446.0,90.15650969529084,644.5224572632568,-0.2078428724889097,154028900.64681453,0.0618489583333333,15945.696940104164,183.4481655686935,13.075976988704022,13773.125730034282,-270.97299668154494,81.35415159514615,31.928757005243856,0.4346029812015743,4.451607405909303,3.3261753352315955,11.137045751083154,0.016185711895391,6.129287258984269,-0.5024925024152165,0.9904302634092016,0.2120986238697077,0.9438849292070932,0.3043746882136008,0.8451460565850736,0.1994715263499037,0.0420726580837647,4.403472025665489,28.320727150097504,5.483818396846187,0.0600358015843996,33.429587931334126,167.83363798373955,1.1632095513813347,202.8010524743501,0.0419578744694629,0.0394119710017964,4.400590466510027,82.97039521575276,0.9067613896864746,0.9511217948717948,0.053833518235829,0.9621578659866752,159.83205715385878,0.0387880977323346,2.8076923076923075,0.0539940828402366,35.9005177514793,147.3653846153846,6.538461538461538,1468.75,0.1174544198944853,0.054432719028475,20.73076923076923,0.3986686390532544,0.6403381505082688,88.761651778941,0.0445059704221934,5.070538035407168,0.5416666666666666,3.1301775147929,5.358145443316794,25.916666666666668,0.2699652777777778,1.5516493055555556,5.9375,33.252495659722214,170.09375,6.708333333333333,1477.71875,0.1111564843553204,0.0382405569381896,0.4216608796296296,60.938046875,0.0259394593629559,0.0744137527166093,0.0584859964972738,575.9863065294581,0.4354727176873578,11.142078792882364,66.1559829711914,274.2570037841797,133168103.6723624,4.036874351520118,122.97712326049805,2.080173161119611,343.72869873046875,62.89249843027856,175.4131740729014,170.65423583984375,49.239593505859375,294.4891052246094,48.45990937304299,1177.7808567756176,0.0459133691965919,514345671.9087704,0.0674913194444444,5571.616802975499,85.99922130703597,8.577721870475282,11686.316372599658,66.4177275732989,74.51998667155371,25.266773309087792,0.4951534424987936,3.9241543121665936,3.1851881427054183,9.054094658879562,0.0173055231350781,6.062878416122367,-0.4740572117365813,0.9855476258982028,0.2399115701258627,0.9505449203991952,0.3290857332644977,0.8550122414022746,0.2369716657350482,0.0466515571055721,4.469499456545748,24.94668999516038,6.011012342291997,0.0660552664821999,25.34470144935524,119.1906232309012,1.1719205464772735,130.6748039445475,0.082312490541557,0.061437433411699,4.233062156759994,82.01494945169625,0.9003818326451986,0.9479166666666666,0.0570987880484512,0.959956203526324,116.36240344415226,0.0567369206164783,3.3461538461538463,0.0643491124260355,24.441937869822485,134.28846153846155,6.076923076923077,469.2692307692308,0.6108999018593481,0.061049254969995,22.384615384615383,0.430473372781065,0.6788379774986917,90.74625545089832,0.0508109724866082,4.779780045430943,0.5416666666666666,2.668639053254438,5.12373405306661,27.229166666666668,0.2836371527777778,3.041232638888889,6.479166666666667,25.87456597222222,116.52083333333331,8.583333333333334,442.2291666666667,1.3283315346004765,0.0645020648198369,0.4500629094230284,59.24795129046989,0.0300217136639158,0.0975637791869572,0.0725642864257307,328.51078702465543,0.3531911699336868,10.048657129004818,external
5022486,,1,0,0.7843815520637917,0.5557808768070932,8.094908610397722,14.564928280552184,16.10379588367353,17.898808298554133,13.982240304836706,18.552875063867805,906.784443650608,11.424461050397335,0.7753578411962716,584.3207584089962,0.6443877180519212,953.6733850839028,-403.1,-8.900000000000006,128785571.0,4.417454788046369,243.5,1.751921968131989,58.0,123.79365,-210.305,-226.0,-451.0,509.0,100.611953125,802.4511542766949,0.0963230815075534,614096857.2276665,0.0506,20309.661975000003,173.48940526221116,13.460448942204016,14930.58024310282,-77.91208919805504,74.92145404217545,106.15865663818286,-0.1265817198418618,8.654379387771012,3.840024116298377,19.31912736849161,0.0089120029907493,7.052239838176525,-0.3800955495772548,0.980438675457267,0.1103262869222477,0.863020108440957,0.1907854989051368,0.7570390700698307,0.1148339506887121,0.0249436877632317,4.686049015544306,45.27002767008957,9.76621122280412,0.0503694781353898,41.89006081516511,181.71625845042928,1.1090837916209106,211.0524016960176,0.0465434785909771,0.0446473390523268,4.535693290174064,183.72540470727697,0.9448836356383926,0.9692307692307692,0.0389087219901754,0.97718727973618,175.93618158221392,0.0442393764492685,6.4375,0.05029296875,36.404052734375,147.640625,4.734375,1354.65625,0.0987662282282459,0.0576660762994355,69.65625,0.544189453125,0.7656846123866212,102.78113967722506,0.0511048808573604,5.2459627974034,0.64,2.29296875,5.590078225325255,70.93,0.35465,0.8200000000000002,10.12,42.2336,184.32,4.06,1038.01,0.0901260569840358,0.043770690515313,0.5622833333333334,81.8089638888889,0.0343486862476047,0.2793162525623574,0.0161720624665522,1394.630136046732,0.9495524480950124,3.499660326705964,40.50227813720704,245.69984283447263,260433832.01910323,4.24836155804583,100.6667652130127,2.9970579506551216,370.1724548339844,61.91299464285374,138.56149088144304,132.67975616455078,7.508866786956787,362.6635880470276,44.06684754639864,1141.126268252342,0.5490461397468179,1241844070.8601534,0.0613,5846.8915773418885,76.73038522302313,8.356995132174513,13701.421157926274,426.1861933349768,58.82221126556389,32.4847097116818,0.2790151243247775,4.700899237367125,3.368489910110005,9.260847844061235,0.0114737455944672,6.749291203255686,-0.3350016353431799,0.965338053450281,0.1746167694299744,0.9567039816864504,0.2724453168699984,0.8558914699515626,0.177709214978873,0.0297550016242994,4.460632069006031,22.826730244311435,11.590933002880153,0.0607576739001303,27.53470402839217,129.67142407253758,1.1770351931302938,142.44811238525273,0.0567362684186917,0.0441164315622879,4.434968365530739,176.12494484749115,0.918421325415414,0.9534615384615384,0.0652049536982406,0.9654328705914352,127.0543742904087,0.0418190410185789,5.811320754716981,0.0548237807048771,31.689569241723035,168.0943396226415,6.660377358490566,596.1792452830189,0.3664250233816123,0.0303289264958496,47.75471698113208,0.4505161979352082,0.6942411917597228,140.03621459590127,0.0124808536087958,5.326549346601066,0.53,3.1003915984336063,5.673374703911187,54.64,0.2732,1.3059,12.26,27.194775,126.895,6.19,489.815,0.3915202883899322,0.0453152340472098,0.4445395408163265,80.92363319160997,0.0106577245822034,0.1671347724886776,0.0299759287997329,790.5804051373794,0.2807766555866893,7.48772434007924,external
551518,,1,0,0.8941743823835607,0.8440483012616229,10.52853061960583,12.47384847984237,14.26345002608752,14.80842035121269,14.618495657881214,15.219826201045864,1035.7346949185187,11.153795760409167,0.8211123618331688,602.9026835955419,0.5821014653206845,1042.8580422013165,-236.29999999999995,160.0,3547119175.0,4.710469490121475,182.0,3.66091792286844,357.0,119.76592777247495,-10.941492368569811,12.0,-480.0,837.0,78.3496473161614,1001.287917807405,-0.9101446039755918,1045546002.909906,0.0458957915050388,24340.76282897691,533.3058652678973,22.956469668749563,40213.86019917926,-898.3576668904609,92.05835276420764,66.85789622980528,0.1581296058921081,6.280992017983983,4.103449620337854,27.325970715728943,0.0029164204972289,8.931901528436713,-0.0449238981298363,0.5793607937226293,0.1528355503163361,0.9618183945509908,0.2441419592219207,0.8715560080271347,0.1585027026626738,0.0069345231068481,5.172622685058882,39.729062248503205,151.88427904421326,0.0450714554610966,51.8977299221626,531.6065476786218,1.156669347790956,625.5573028341221,0.0145398805657784,0.0139483074572141,4.999325356024063,3068.4818621229524,0.9104818242774312,0.9524720615732488,0.0541854375882225,0.9644471698096304,510.424747385369,0.0138066325145983,64.30477759472817,0.0353128926934256,69.14650512463507,480.5612300933553,13.377265238879737,8174.570565623284,0.0521536084059491,0.022040037775329,910.5288303130149,0.500015832132353,0.7349764263943853,331.8397324805113,0.0202414963301049,6.450705494648842,0.5146975692481628,9.602449426891887,6.64178535445585,924.9101187111362,0.2614217407323732,1.575297960190595,162.3793103448276,50.69332756751298,534.755511588468,6.573770491803279,3896.3914641040137,0.0320993626672198,0.0134687226788936,0.4567182082226145,216.1178890927013,0.0108639091977003,0.5984129963879872,0.0017035514416967,2874.5260886002875,0.3345685518457469,0.8175969901177514,97.7990104675293,748.4836181640626,6507685949.05257,5.649637612348296,314.5656318664551,3.436092184959924,1199.91943359375,206.6549121593361,331.81324619826387,229.4201278686524,4.815880298614502,1195.1035532951355,142.23451171862806,1356.2332230901104,1.187849029613187,1918200290.58507,0.026886958711379,65642.03266423158,518.1525240684798,20.082691787948,2219303.750923312,26547.50886271684,700.8496290577211,241.8309632745707,0.4860492260808474,10.593817212331931,4.844885566616387,129.15582419643073,0.0015647542933498,10.080607055093555,-0.1384645175677313,0.8805166081359513,0.1236669230535023,0.9695982239555462,0.2043791546323489,0.8968208732896977,0.1315287970914211,0.0055480811180152,6.216006709226525,235.6701480830732,88.81330490083964,0.0260692503870252,311.28487751922654,864.0319658173556,1.1201010999194811,899.9772774516058,0.0103512229576061,0.0091309596987847,5.886137596455414,3166.905111288216,0.9295579812151704,0.962908205418098,0.0415114721494602,0.9723558570515066,855.5525006683375,0.0088518136755963,40.02888583218707,0.0183534552187927,358.0290268945612,1156.007336084365,8.97111416781293,2591.2595139844107,0.0872323960053128,0.0086847206884803,1329.2851902796883,0.6094842688123284,0.8078645136362483,1046.1893022533898,0.0069669973224313,7.0432738555092325,0.6164499717354438,6.339608401599325,7.248741171437343,1142.0282645562463,0.3227892211860504,1.44983400764565,95.12605992085923,306.44062645696675,843.2049180327868,5.308648954211419,1937.7052006783488,0.0537108435805148,0.0091678789186974,0.5622600681265534,672.6089246602165,0.0049091398668979,0.4634962155067635,0.0018547196217034,22934.930623086664,0.7258963951573787,7.087008204409593,external
609499,,5,1,0.7622722719514538,0.6677653928494642,9.35419715021104,14.008208946401297,16.577628428909495,15.846769799731009,15.251947206320336,16.72554558197303,915.0067997976962,10.678069259543994,0.7069757233007564,644.7071765589972,0.7045927710062253,925.2877750763224,-139.6,154.5999999999999,2522989593.0,4.4202386690218525,147.0,3.1765607019567588,441.0,91.21954451345756,15.464596273291926,24.0,-314.0,755.0,61.81438499276301,1022.113588393012,-0.3363052629319084,966663116.789932,0.0553186819781472,13547.841293159983,277.9140593477645,16.6366476950858,9603.459901060382,-136.2455451708496,51.54383558380251,47.02040045184389,0.0462263981908972,5.348982268047341,3.8505120555944408,17.948471080445866,0.0039042308162744,8.462094188286525,-0.0474666729377167,0.5697861030314264,0.173667494919823,0.9674274260018182,0.2668376159019435,0.8792268044412849,0.1794630650231741,0.0093684104592808,4.836836587000197,24.6410590089116,123.8718932547302,0.0541417822592465,29.099012075776425,290.2164800657622,1.1742994761494194,342.7606633728197,0.012836658604909,0.0120519157683524,4.731038890974992,2061.4423192190347,0.9007790068166508,0.9473801560758084,0.0596608766510553,0.9603188738932088,278.2134508521624,0.011871200925861,48.1719298245614,0.0422560787934749,43.31448445675592,281.2315789473684,18.857017543859648,5719.833333333333,0.0857898079423657,0.0193336798454657,568.6526315789474,0.4988180978762696,0.7338463790010713,204.96466020358275,0.0174654589952295,6.161939525471509,0.4720496894409938,14.36930978762696,6.383145648582523,584.4211180124223,0.2419963221583529,1.7539316470129325,133.59461697722568,28.24966869419476,290.83726708074533,7.3619047619047615,2229.802070393375,0.0382797879507005,0.0116547484411401,0.4264391875414378,120.42385292701928,0.0086837344039964,0.6940178349119617,0.0025679128854977,1623.3009354626429,0.2332498658167876,0.7638128000850686,75.22477874755859,534.8912231445313,3792319370.863636,5.159453394190303,186.07183837890625,4.628148158815678,987.4036254882812,141.7635157297098,239.27891916705465,174.13336181640625,18.25333976745605,969.1502857208252,88.42165067778983,1253.1235294526066,1.4925705542991548,1452996585.1119056,0.0383296254859852,34506.3405758949,230.31227743660304,13.647265847868386,629958.9187320531,9986.133258092224,324.6043835310732,148.4759535051153,0.3705009133299524,8.17275455807351,4.479318998140296,81.33789095666413,0.0027640206783782,9.220783326428569,-0.1201145120444215,0.8305852331861071,0.1564061943335384,0.9720940025127626,0.2412175915876064,0.9019573119507076,0.1613702966678548,0.0088974410502813,5.679649212481253,118.27008425904704,85.00116336099032,0.0369815411835512,165.68382004348544,426.49626125692345,1.159572743024149,447.783314650773,0.0280706608292501,0.0244524779845001,5.455447906827227,2091.006792254165,0.9096643216222908,0.9517439082656476,0.0554386329225942,0.9640648082267416,421.5835860374589,0.023663939536486,31.03132341425216,0.0243001749524292,214.80707708025065,646.873923257635,15.150352388410337,1866.6202036021923,0.3062443231363168,0.0253417877266755,735.9036805011747,0.5762753958505674,0.7855385809379619,589.9185814512729,0.0194796682304186,6.781939802787803,0.5287784679089027,11.57389977120662,6.96305678115971,636.9884057971014,0.2637633150298556,1.962064220773376,92.56604554865424,161.2112365349416,412.4107660455487,7.045548654244306,1119.2,0.1539885443148286,0.0243514305268592,0.4872697133373708,325.4210002969442,0.0121161694517415,0.5186800329540547,0.0024483000256547,13506.955363218112,0.4691764799707469,7.455956861086819,external
5047832,,5,1,0.7534357255659958,0.5542095249350162,17.622020446841884,31.796675542355853,36.24320117972209,38.133058186010544,34.1831943041375,41.77071192280458,8520.098317804763,23.95675130784144,0.7024738348914871,2871.774772359602,0.3370588771679252,8547.610735246948,-266.0,47.0,15969732533.0,3.395969665238619,59.0,9.160883235090532,187.0,107.41438935085988,-43.36320782511343,21.0,-975.0,1162.0,43.22986472740444,970.0521990137964,-2.535965076582493,8043312547.174192,0.1854926392491003,25847.31666884485,2014.766446309726,44.682215578175565,134054.26722011567,-3077.671405215785,104.45141436912114,31.537353326616223,0.5247401483960926,2.689899473915081,2.7745838515208274,24.10562419982544,0.0702981271591245,5.661535923589008,-0.1350478232400604,0.7201368853293422,0.529658767854014,0.9903811183219292,0.5639210875360875,0.9583861145055416,0.3972801429346634,0.1913735865445588,3.9593807145340807,33.997191923934345,1505.8450779482073,0.124919885845259,69.22204206310427,1849.7414774993028,2.967779281920383,6161.2851886067065,0.0021049100406359,0.0011202424129432,4.905065799470525,7291.708004151684,0.6043568543686078,0.7075871509316799,0.9408737462593268,0.8047076709578957,1424.4302988411666,0.0010201059920308,115.82418224299066,0.0338271560289108,94.39240864035617,1210.9944509345794,14761.507885514018,32438657.151577104,6.725541983586959,0.0019703743483977,2108.7318925233644,0.6158679592650013,0.8118780819437811,918.051590008456,0.0014705899700018,6.188540005392751,0.2017559365977255,14736.941155392256,6.645220407949839,1098.8499793765836,0.0647486877247412,35.05247970884945,3147.995580696482,53.97210727762464,1949.0657592363443,109.05951328737258,239481.65417476872,0.0513053772141445,0.0009398413732289,0.193226304942459,239.4304589298636,0.0003540952893774,0.7116280690816765,0.0003620026551131,2964.329190437052,0.0915999682188102,1.5523111395504616,12.417180061340332,523.8054809570312,23199255872.724804,4.115785709183741,208.7541437149048,3.81334462651342,884.6318359375,167.52457219233645,150.62221327646543,32.2877082824707,0.800000011920929,883.8318359255791,111.21137286586544,1169.185203965434,1.4649097358329368,11684532941.337772,0.1389180254082809,43062.56348646121,175.3821862785104,8.582370252991092,1318049.58811186,20003.436496968417,507.30759012382657,101.26549551844394,0.6609973658639249,5.3348088497558415,3.561310382995427,71.80690290803689,0.0511588507569912,6.9848725466306165,-0.1545799780541492,0.8172005208371296,0.429511902376528,0.977234131100148,0.4706236453588322,0.9318788119419388,0.3417226396251437,0.1632719173041817,4.730546354946116,152.14327141056754,1139.1127265453256,0.0866272028806931,228.45125887999515,402.3652590714443,2.2988044358985764,429.680938848472,0.66728545155935,0.2102194949076534,5.37594545419516,9118.240118298663,0.6934132522909954,0.7741486608377185,0.6261857516405566,0.8572468281080662,396.8386158062154,0.1565459474865821,114.43896006028636,0.0215597136511466,204.8870475115692,801.809155990957,7168.779766390354,30735.319140919368,2551.613574147883,0.0122141707238735,3459.4837980406933,0.6517490199775232,0.8345145680608789,685.764037011961,0.0085575536968115,6.595815988492761,0.3127688409639974,7158.557362441927,6.851502028690312,1724.3089387779153,0.1016032607847454,32.0036846712354,2357.5778092039363,201.13343222476507,317.56631901478994,79.22992163101762,1120.566849331212,27.620892261508697,0.2450176311941359,0.2943757539842501,228.8949005687436,0.0081549613784238,7.490636724854807,0.0003062547437701,6950.764686029029,0.4391382462000545,1.6544928255417346,external
4517681,,5,1,0.7858591973138276,0.5621648331433862,5.690965362464876,10.123303748196811,10.92765809987902,9.66785511296852,12.558056705080125,12.558056705080125,258.4493637084961,7.955491357722008,0.6426447282303228,305.3257880864175,1.1813756617748656,263.0102348327637,-824.0,33.60000000000002,465536872.0,5.6753728322756265,422.0,2.5710323456755697,371.0,257.1290721373918,-338.6173410404624,-294.0,-1024.0,1395.0,181.4697032978048,733.6163272494257,-0.4381527108412811,141550245.1191101,0.0223555748605031,100765.89403454844,1113.9298549603366,31.28225474713183,1371363.8219192969,-9278.213297224203,739.8322690195766,198.9116699551488,0.5784067994753829,10.583224873178295,4.79297405313273,84.23469867163341,0.0015219770920206,9.624047691252384,-0.3074970126494856,0.9845892029957624,0.1143830061414776,0.9583987561909052,0.1926376766584458,0.8700582513449948,0.1088909105046239,0.0094937392832744,6.523881996854302,234.68598474368147,18.53632131892976,0.0221863246390598,203.9474289018601,1244.818410286673,1.1092035497015411,1353.039836976676,0.0576314091844448,0.0327646468937628,5.842362637628873,780.5719651331698,0.9341017728728426,0.9658514895509116,0.036879189529203,0.9741980634229054,1218.209347980774,0.0275621527712354,12.310104529616725,0.021446175138705,181.75558766040623,1261.1184668989547,4.04006968641115,3942.512195121951,0.9500751735775796,0.0081833532045513,321.86062717770034,0.5607327999611504,0.7774169309813175,960.4164810803054,0.0034975433228642,6.695606434567229,0.6635838150289017,1.7691152011072124,7.053735844607045,306.4797687861272,0.3543118714290487,1.644072304453874,19.33757225433526,209.34746099101207,1236.7537572254334,5.208092485549133,4586.124855491329,1.570367546348417,0.0390311339113295,0.5799645994981024,722.7359058326388,0.0036814401847985,0.0577078594983595,0.0091061200084418,9571.927351342643,0.6903916362697746,12.235842891417173,188.5999450683593,794.8711303710937,1900273441.6608613,5.8615017746532825,295.3744812011719,2.964883074742387,1208.825439453125,180.05640182162196,464.7563103052922,438.6319580078125,24.056718826293945,1184.768720626831,124.94694876074492,1482.1767470293555,0.6027736770849801,577793484.5522395,0.0198563266397139,51336.86085534863,1042.4809469931229,31.36291622939457,1278457.8085031123,9489.622670826458,629.3626180801273,395.0295346917865,0.2319767358232161,15.459471090928384,5.280088665028931,153.83654683108733,0.0011851490623105,9.865738316417566,-0.3263111717207109,0.9888281406935836,0.0671912252970354,0.9501638012960172,0.1357043961000642,0.8538710528800654,0.0725353961512506,0.0036676878671626,6.462373434603579,256.09803819297844,16.872150570410113,0.0198172653838509,240.28064044103337,1219.0999281113034,1.0484475151907633,1267.8352046956852,0.0052235458412013,0.0049820868893204,5.943644383529288,824.9432678674088,0.9688745529974242,0.9842596709648734,0.0160973631896522,0.9880897015925686,1207.0517725678528,0.0049226374058798,13.68936170212766,0.019417534329259,248.29292289120264,1264.1390070921989,1.8737588652482269,2136.4666666666667,0.0089407527533403,0.0049221648469662,499.822695035461,0.708968361752427,0.8675312253743106,1128.1547999408986,0.0041339477718056,6.543656524412472,0.815028901734104,0.3683516925707962,6.821681866878718,454.1699421965318,0.5250519562965685,0.4452323833071602,17.175722543352602,239.66591600120287,1215.7768786127167,2.43121387283237,2655.453179190752,0.0116471760240171,0.0049821687398389,0.7473326910725755,959.5779463712267,0.0035968270947298,0.0805573709917413,0.006923137310781,23617.694670844667,0.8888341004215314,13.17082004127664,external
186200,,5,1,0.841273800267633,0.5594106547577359,10.46322904291089,18.704021730587527,19.548544854989004,22.07565284249709,20.54761441258597,23.03363446096843,1839.929743506172,15.73520344157976,0.6334600718855626,1146.3019700990692,0.6230139896073831,1860.183139369415,-268.0,123.10000000000036,4965652255.0,4.7319931226349725,181.0,3.322952003171188,376.0,117.53907653070138,-48.63158878504673,-26.0,-474.0,850.0,77.40232938783467,963.4102449112736,-0.667713849507356,1726546280.5089183,0.0452321774827495,23057.44614233558,449.6178916654699,21.0257004373421,37263.25599624533,-776.5302042362357,94.76150017002874,64.6170385563336,0.1890300085340126,6.237872707387586,4.076297978202666,25.18233209478666,0.0027478512020164,9.06288552855486,-0.0400785855467173,0.5379620738113313,0.1534013996041033,0.9642569565577276,0.2444356646372577,0.8745376311398096,0.1600714592117043,0.0075321785336127,5.2194184008778,39.84463468159059,225.7464350518813,0.0442626746053141,49.3582215661092,457.8042293313136,1.154302620041633,534.0623335682286,0.0163704431934856,0.0155025420887092,5.02021163016823,4653.42801622543,0.9122449998597356,0.9532854061826026,0.0535087826608328,0.9651292314374776,440.6595399981164,0.0152931746374812,97.04568165596002,0.034634433139172,67.4744710492811,434.3979300499643,12.316202712348325,6113.075660242684,0.0593250860171276,0.0227190365728473,1389.0278372591006,0.4957272795357247,0.7319878834906739,311.8941136197995,0.0193406784590694,6.478679531018919,0.5237383177570093,8.670583518145751,6.633724396363204,1426.3783177570094,0.2666127696742073,1.5947033278015548,241.99214953271027,48.14772280548519,459.45644859813086,6.499065420560748,3208.3327102803737,0.0411059083322409,0.0150478770520429,0.46169533293068,200.4651919109077,0.0108048229083053,0.897730123488161,0.0012025883650194,2925.692116793833,0.2904622866497287,0.5765998277007425,86.20331192016602,574.2184875488289,8772892716.313086,5.3175684886424985,214.2683982849121,4.165593284203212,1026.2886962890625,152.13550660226878,265.5153173869124,196.3064422607422,8.661458015441895,1017.6272382736206,97.73111513753553,1280.5440371523964,1.3564219796380852,3050315348.482682,0.0337746877456546,38264.01254566033,343.17997737699847,16.629197618450505,866017.6583337142,12837.8584239726,410.7827966197672,144.46825856468527,0.4754186698192163,8.291518542692488,4.511266215943034,75.1669002227827,0.0020658913198863,9.756886196248024,-0.0936787477220472,0.7815926871259067,0.1424782113048577,0.975208012533774,0.2283190856816163,0.9045039978844666,0.1490580008483583,0.0065759486672018,5.89756559731897,138.81276379611296,167.77221196812798,0.032775042081393,182.35203153794583,539.2977295340402,1.141659038695921,571.9878544408555,0.0137304363065005,0.0121340427690351,5.5921462958167645,4702.387898698429,0.9186117778133222,0.9567936736161036,0.049249327926728,0.9678342854118936,531.6149081692491,0.0117731029722368,67.69600268726906,0.0227396717122166,224.10947823132653,740.3164259321464,12.321128653006385,2340.789385287202,0.1446917987796392,0.0127880382380148,1655.9862277460531,0.5562600697836927,0.773572696082079,644.0525532277215,0.010413889561422,6.982278916962782,0.5564485981308411,9.091520039031748,7.11012028758595,1513.5715887850467,0.2829105773429994,1.5735662503275394,180.69457943925232,178.70088916062537,526.1226168224299,6.082242990654206,1557.28261682243,0.0697113768475153,0.0120957670273382,0.5029688434079067,381.29181327961095,0.0065965100491342,0.8520780799187604,0.0012582397452008,13684.155360453977,0.4501384537690105,3.754147831102631,external
225678,,5,1,0.9102548264336848,0.7129230660097204,16.831232446906515,23.60876404394108,26.989459927884216,30.75144639067659,28.34086168539264,31.22618878012802,4899.948079586931,21.489991417131403,0.531546882015834,2624.642770213777,0.5356470573939298,4929.55933758941,-181.0,159.0,15702214800.0,4.72268562003284,156.0,8.913407558102577,491.0,116.82781859502056,-8.643068987749839,18.0,-1024.0,1515.0,66.77853859092625,1006.1773995578734,-1.894448442324092,4990651166.226604,0.0503578939317035,29604.39471501717,2290.414282911144,47.74469088993151,142801.80317089226,-2478.054440848392,116.1653130977952,72.83333199793464,0.2285983855508876,6.094249124177323,4.081400053659741,35.282587536169366,0.003263584404739,8.997255434866997,-0.0342558240691011,0.5058366681020832,0.1693748042957715,0.9863789932722588,0.2602082497029221,0.9248157553802492,0.1752249701093576,0.0080893610489943,5.190592127930225,47.24966127393253,718.7636700563853,0.048998241745136,64.18881310188269,2274.632497880507,1.1810083413284895,2706.426921221568,0.0011122243497856,0.0010329815443294,5.061626475417336,13185.801989014231,0.8987560256228899,0.9457818776967712,0.0628055170638973,0.9594578338430826,2177.9249350182067,0.0010151745654532,251.75464532754648,0.0341454828872299,104.01087368880803,2169.172792621728,24.10741896107419,57758.17672589177,0.0113497537808832,0.0016157748434561,3714.368777973688,0.5037798423943697,0.7374413124667953,1551.398515100543,0.0014887134602149,6.741840615953221,0.4753707285622179,19.682196298756047,6.763234022217931,3684.8268214055447,0.2375774868733426,1.9952900917483825,781.0509348807221,61.7218712537948,2280.6542230818827,7.80180528691167,18527.987814313343,0.0039445013765628,0.0010007004560036,0.4285458877428032,922.3556621574417,0.0007433219432739,0.4709318773982208,0.0004301221257889,10623.424300475908,0.1181232722093264,1.180903328425748,85.20824432373047,594.1430969238281,25477062320.374,5.308158791965881,180.20007514953613,5.891814070645883,1346.47314453125,154.840565570609,263.9154643396037,191.4405059814453,4.208392143249512,1342.2647523880005,88.85000565969432,1281.648034406835,1.7743563523739423,8097401060.976592,0.0354584155892851,45139.383102107335,356.1814993732422,16.6480989936961,1659020.5876572006,20662.25719886061,481.5477091775686,166.07952097238302,0.4848769114240684,8.581713043126372,4.561247898806665,92.17963148034669,0.0020359668123165,9.896702587974708,-0.0636389190944817,0.6882998531271816,0.1430207498342076,0.9829662322604936,0.2285017923312001,0.9224009516485568,0.1505267785661987,0.0057750155084997,5.912608840826037,161.90680753748816,510.5825020920987,0.0344370791187045,216.02719068006488,570.1477115287828,1.144629677117121,600.0790937898053,0.0137756268382389,0.0120010321511907,5.596825980673173,13598.951678712112,0.9171870138984572,0.9559291772057728,0.0502571393781339,0.9672317424495606,563.1385946246703,0.0116018200979338,196.38756207141168,0.0232191489798311,281.40731372314065,823.21577205013,13.086781745093402,2424.224875857177,0.1641273809665284,0.0120003068483019,4695.045637266493,0.5551011630724159,0.7725858591450541,735.3405085074285,0.0094464379961264,7.110283174077198,0.5453255963894261,9.724080892436056,7.130399763212319,4318.028239845261,0.2784028523433437,1.5958805138508008,549.960025789813,210.7835030996412,554.2727272727273,6.200515796260477,1500.6264345583495,0.0770004132906299,0.0120112268648754,0.4955315228116225,422.2062747057446,0.0060178826009526,1.6879744553589566,0.0004095520376819,25585.34393356421,0.3509898090232127,2.755423793874415,external
