patient_id,annotation_id,malignancy_score,malignancy_label,original_shape_Elongation,original_shape_Flatness,original_shape_LeastAxisLength,original_shape_MajorAxisLength,original_shape_Maximum2DDiameterColumn,original_shape_Maximum2DDiameterRow,original_shape_Maximum2DDiameterSlice,original_shape_Maximum3DDiameter,original_shape_MeshVolume,original_shape_MinorAxisLength,original_shape_Sphericity,original_shape_SurfaceArea,original_shape_SurfaceVolumeRatio,original_shape_VoxelVolume,original_firstorder_10Percentile,original_firstorder_90Percentile,original_firstorder_Energy,original_firstorder_Entropy,original_firstorder_InterquartileRange,original_firstorder_Kurtosis,original_firstorder_Maximum,original_firstorder_MeanAbsoluteDeviation,original_firstorder_Mean,original_firstorder_Median,original_firstorder_Minimum,original_firstorder_Range,original_firstorder_RobustMeanAbsoluteDeviation,original_firstorder_RootMeanSquared,original_firstorder_Skewness,original_firstorder_TotalEnergy,original_firstorder_Uniformity,original_firstorder_Variance,original_glcm_Autocorrelation,original_glcm_JointAverage,original_glcm_ClusterProminence,original_glcm_ClusterShade,original_glcm_ClusterTendency,original_glcm_Contrast,original_glcm_Correlation,original_glcm_DifferenceAverage,original_glcm_DifferenceEntropy,original_glcm_DifferenceVariance,original_glcm_JointEnergy,original_glcm_JointEntropy,original_glcm_Imc1,original_glcm_Imc2,original_glcm_Idm,original_glcm_Idmn,original_glcm_Id,original_glcm_Idn,original_glcm_InverseVariance,original_glcm_MaximumProbability,original_glcm_SumEntropy,original_glcm_SumSquares,original_glrlm_GrayLevelNonUniformity,original_glrlm_GrayLevelNonUniformityNormalized,original_glrlm_GrayLevelVariance,original_glrlm_HighGrayLevelRunEmphasis,original_glrlm_LongRunEmphasis,original_glrlm_LongRunHighGrayLevelEmphasis,original_glrlm_LongRunLowGrayLevelEmphasis,original_glrlm_LowGrayLevelRunEmphasis,original_glrlm_RunEntropy,original_glrlm_RunLengthNonUniformity,original_glrlm_RunLengthNonUniformityNormalized,original_glrlm_RunPercentage,original_glrlm_RunVariance,original_glrlm_ShortRunEmphasis,original_glrlm_ShortRunHighGrayLevelEmphasis,original_glrlm_ShortRunLowGrayLevelEmphasis,original_glszm_GrayLevelNonUniformity,original_glszm_GrayLevelNonUniformityNormalized,original_glszm_GrayLevelVariance,original_glszm_HighGrayLevelZoneEmphasis,original_glszm_LargeAreaEmphasis,original_glszm_LargeAreaHighGrayLevelEmphasis,original_glszm_LargeAreaLowGrayLevelEmphasis,original_glszm_LowGrayLevelZoneEmphasis,original_glszm_SizeZoneNonUniformity,original_glszm_SizeZoneNonUniformityNormalized,original_glszm_SmallAreaEmphasis,original_glszm_SmallAreaHighGrayLevelEmphasis,original_glszm_SmallAreaLowGrayLevelEmphasis,original_glszm_ZoneEntropy,original_glszm_ZonePercentage,original_glszm_ZoneVariance,original_gldm_DependenceEntropy,original_gldm_DependenceNonUniformity,original_gldm_DependenceNonUniformityNormalized,original_gldm_DependenceVariance,original_gldm_GrayLevelNonUniformity,original_gldm_GrayLevelVariance,original_gldm_HighGrayLevelEmphasis,original_gldm_LargeDependenceEmphasis,original_gldm_LargeDependenceHighGrayLevelEmphasis,original_gldm_LargeDependenceLowGrayLevelEmphasis,original_gldm_LowGrayLevelEmphasis,original_gldm_SmallDependenceEmphasis,original_gldm_SmallDependenceHighGrayLevelEmphasis,original_gldm_SmallDependenceLowGrayLevelEmphasis,original_ngtdm_Busyness,original_ngtdm_Coarseness,original_ngtdm_Complexity,original_ngtdm_Contrast,original_ngtdm_Strength,gradient_firstorder_10Percentile,gradient_firstorder_90Percentile,gradient_firstorder_Energy,gradient_firstorder_Entropy,gradient_firstorder_InterquartileRange,gradient_firstorder_Kurtosis,gradient_firstorder_Maximum,gradient_firstorder_MeanAbsoluteDeviation,gradient_firstorder_Mean,gradient_firstorder_Median,gradient_firstorder_Minimum,gradient_firstorder_Range,gradient_firstorder_RobustMeanAbsoluteDeviation,gradient_firstorder_RootMeanSquared,gradient_firstorder_Skewness,gradient_firstorder_TotalEnergy,gradient_firstorder_Uniformity,gradient_firstorder_Variance,gradient_glcm_Autocorrelation,gradient_glcm_JointAverage,gradient_glcm_ClusterProminence,gradient_glcm_ClusterShade,gradient_glcm_ClusterTendency,gradient_glcm_Contrast,gradient_glcm_Correlation,gradient_glcm_DifferenceAverage,gradient_glcm_DifferenceEntropy,gradient_glcm_DifferenceVariance,gradient_glcm_JointEnergy,gradient_glcm_JointEntropy,gradient_glcm_Imc1,gradient_glcm_Imc2,gradient_glcm_Idm,gradient_glcm_Idmn,gradient_glcm_Id,gradient_glcm_Idn,gradient_glcm_InverseVariance,gradient_glcm_MaximumProbability,gradient_glcm_SumEntropy,gradient_glcm_SumSquares,gradient_glrlm_GrayLevelNonUniformity,gradient_glrlm_GrayLevelNonUniformityNormalized,gradient_glrlm_GrayLevelVariance,gradient_glrlm_HighGrayLevelRunEmphasis,gradient_glrlm_LongRunEmphasis,gradient_glrlm_LongRunHighGrayLevelEmphasis,gradient_glrlm_LongRunLowGrayLevelEmphasis,gradient_glrlm_LowGrayLevelRunEmphasis,gradient_glrlm_RunEntropy,gradient_glrlm_RunLengthNonUniformity,gradient_glrlm_RunLengthNonUniformityNormalized,gradient_glrlm_RunPercentage,gradient_glrlm_RunVariance,gradient_glrlm_ShortRunEmphasis,gradient_glrlm_ShortRunHighGrayLevelEmphasis,gradient_glrlm_ShortRunLowGrayLevelEmphasis,gradient_glszm_GrayLevelNonUniformity,gradient_glszm_GrayLevelNonUniformityNormalized,gradient_glszm_GrayLevelVariance,gradient_glszm_HighGrayLevelZoneEmphasis,gradient_glszm_LargeAreaEmphasis,gradient_glszm_LargeAreaHighGrayLevelEmphasis,gradient_glszm_LargeAreaLowGrayLevelEmphasis,gradient_glszm_LowGrayLevelZoneEmphasis,gradient_glszm_SizeZoneNonUniformity,gradient_glszm_SizeZoneNonUniformityNormalized,gradient_glszm_SmallAreaEmphasis,gradient_glszm_SmallAreaHighGrayLevelEmphasis,gradient_glszm_SmallAreaLowGrayLevelEmphasis,gradient_glszm_ZoneEntropy,gradient_glszm_ZonePercentage,gradient_glszm_ZoneVariance,gradient_gldm_DependenceEntropy,gradient_gldm_DependenceNonUniformity,gradient_gldm_DependenceNonUniformityNormalized,gradient_gldm_DependenceVariance,gradient_gldm_GrayLevelNonUniformity,gradient_gldm_GrayLevelVariance,gradient_gldm_HighGrayLevelEmphasis,gradient_gldm_LargeDependenceEmphasis,gradient_gldm_LargeDependenceHighGrayLevelEmphasis,gradient_gldm_LargeDependenceLowGrayLevelEmphasis,gradient_gldm_LowGrayLevelEmphasis,gradient_gldm_SmallDependenceEmphasis,gradient_gldm_SmallDependenceHighGrayLevelEmphasis,gradient_gldm_SmallDependenceLowGrayLevelEmphasis,gradient_ngtdm_Busyness,gradient_ngtdm_Coarseness,gradient_ngtdm_Complexity,gradient_ngtdm_Contrast,gradient_ngtdm_Strength,split
6557601,,1,0,0.8978390726540303,0.7082454481866326,9.102913913871086,12.852767267587636,15.0,13.45362404707371,13.92838827718412,15.811388300841896,886.875,11.53971664456896,0.831081999007101,537.1330274891706,0.605646824512102,900.0,-615.1,-94.0,401303318.0,5.070617784726576,312.0,2.0475162622611496,6.0,162.24348641975303,-360.4311111111112,-361.0,-790.0,796.0,124.4153423835365,667.7518817311978,-0.0082318120078439,401303318.0,0.0314271604938271,36844.211920987655,569.1168194834,22.71133492434149,130248.78481571894,-349.7935478356903,248.86639875464203,36.6395119743209,0.741304210458303,4.807146812127387,3.6071889210994734,12.63169335013237,0.0026118637289633,8.837159652852499,-0.2350737371360003,0.9477090259819232,0.1829453188181584,0.976420104480346,0.2785363758585845,0.8938209132928125,0.1852470807309948,0.0077568941393009,5.866736331557078,71.37647768224069,26.82865347735062,0.0315708207290733,76.69370726131943,507.2468738268576,1.195889877515827,642.7852155213278,0.0086180080070722,0.0078040335731486,5.3282666696048055,766.1298400823324,0.9003688650926467,0.9443589743589744,0.0720756210652644,0.9596107962238996,479.58218516235047,0.0076315197147721,13.840796019900498,0.0344298408455236,66.44402366278062,408.7860696517413,10.512437810945274,7886.109452736318,0.0418441555183408,0.0109561578382285,137.55223880597015,0.3421697482735575,0.6007926078088883,211.98017214995315,0.0080795133892944,6.578038630991811,0.4466666666666666,5.500185638969333,6.8805938695500855,235.10222222222225,0.2612246913580247,1.8693777777777776,28.284444444444443,77.90111111111112,517.5022222222223,7.855555555555555,5882.433333333333,0.0307726766002748,0.0076010305186907,0.3647203282032977,144.99170556815318,0.0041759559901561,0.1230477174055817,0.0146871021908315,1296.3807281052705,0.2856343539702189,6.561977508833624,91.48441543579102,251.56814880371093,1216824463.2650485,4.342840319427042,79.05578231811523,3.0332163102174388,342.9172668457031,48.86966788567084,161.14282323890262,151.3509979248047,4.7434163093566895,338.17385053634644,33.40353690571256,1162.7670366008874,0.4685562656846369,1216824463.2650485,0.0591827160493827,3774.525446399889,193.7140282879429,13.374306459553368,21544.92455501308,335.65662082966367,80.01046569353547,20.844652490762183,0.5810526019994037,3.293523355124939,3.216464234593173,9.51955637769073,0.0066474946154412,7.835224120472123,-0.1744529700476238,0.8695721811396665,0.2954543197267779,0.9776508973067228,0.3779438920568733,0.9056224832468084,0.2902335936935024,0.0241173561088469,5.104871098750886,25.213779546074413,46.02262213045096,0.0569167781065306,27.7220592330906,228.9185615608044,1.392181930964664,297.21822676590017,0.0154608686568812,0.0118092418748595,4.836012575030536,667.8430539351934,0.8251381187488478,0.8982051282051281,0.1493463162420274,0.9260427266067376,215.52800526594007,0.0111198771842494,13.622710622710622,0.0499000389110279,33.40484911913483,281.84249084249086,60.42490842490842,9180.285714285714,0.5121894062616389,0.0162072142494611,90.47252747252747,0.3314011995330677,0.5952519586379553,170.18391572848137,0.0118995517265096,6.218358865086624,0.3033333333333333,49.55665579841404,6.89211480804476,138.86,0.1542888888888889,6.1196,53.26444444444444,26.82805432098765,223.63777777777776,19.41777777777778,3165.375555555556,0.1780725420764981,0.0115551083131913,0.2590285470898831,70.01860854046978,0.0044001328685706,0.2231712958957468,0.0124370148591075,612.9638181482059,0.1293181366686714,3.2195838483181145,external
422865,,5,1,0.8557897348148498,0.539380143256025,16.98806146123575,31.49552625108801,32.28002478313795,32.202484376209235,33.28663395418648,36.40054944640259,9744.333333333334,26.953548058272748,0.7784206541324522,2834.248083710196,0.2908611586607801,9775.0,-302.0,31.0,7819374739.0,4.478358083285595,184.0,2.8652138713694546,146.0,104.3441778010348,-114.73974424552428,-91.0,-596.0,742.0,76.12832419675836,894.3914325843617,-0.6634076534572411,7819374739.0,0.0515728599368136,16250.314261827169,595.6940287476984,23.86360614720949,37830.06741353928,-831.1922816895765,113.60385588908402,8.912135253592734,0.8525677508134263,2.2497743354790947,2.715637891028813,3.670265544372425,0.007124856041715,7.729387840493227,-0.2387388232544178,0.9263842617071062,0.362529459046602,0.9929234591207976,0.4387305589491704,0.942059671742377,0.3512646490446606,0.0238221174545959,5.337390969078284,30.628997785669192,420.2952374349999,0.0503528579071436,34.4667898967127,554.7692316954764,1.661766899634351,1015.57128884837,0.0042783374483748,0.0030667497087608,5.146052036368378,6461.392130182086,0.7711159655260538,0.8537477867401143,0.2767741441155655,0.8984794034099627,486.24926399020256,0.0028702650837037,69.92155477031802,0.0494145263394473,34.30810023848469,364.2374558303887,1556.1971731448764,1160104.1081272084,2.210240670728265,0.0068549380203234,417.58233215547705,0.2951111888024573,0.5597360240650106,187.1937602995664,0.0050732220897744,6.876856519494331,0.1447570332480818,1508.4749516163267,7.457007950503709,1162.474168797954,0.1189231886238316,9.620146911650238,504.12470588235294,34.33987926295615,574.304347826087,32.684705882352944,24314.39907928389,0.0541726272304037,0.002890003228418,0.1497043577769272,61.56283113827475,0.0009338319315365,0.4863903165526848,0.0022022422348215,547.75594295632,0.0611869728842951,1.1061951215769423,27.30933876037598,124.1569549560547,11256602156.604408,3.6244288351882696,50.11069107055664,3.34499925220818,223.02017211914065,29.96167455904705,72.44742335746355,67.51666259765625,2.4494898319244385,220.5706822872162,20.82016256267612,1073.112553791684,0.730750201155515,11256602156.604408,0.0936019937075241,1427.0772392475956,46.29669236590704,6.289772500592057,3601.863263525257,136.26041984975896,32.074867776857474,5.161474184908975,0.7200930050668218,1.6121428625708516,2.3497778477597784,2.477677631149785,0.0166337322285381,6.482160096175552,-0.1757900081808974,0.8230439780849369,0.4684781805163385,0.986637905646452,0.5230816487250768,0.9267874294318827,0.4301434009118218,0.0337662250139422,4.449037059985157,9.309085490441618,701.6047104711093,0.0909177459654166,10.595064016067058,56.97956070437705,2.064526779020855,99.09736829027102,0.1369365261165545,0.0575377916024317,4.565592080262402,5237.987474699562,0.6756586447869827,0.7893999606531573,0.4400611765880616,0.847908490335225,50.43736578768183,0.0470090707515583,50.13569321533923,0.0739464501701168,16.70458836940159,103.4306784660767,9169.323008849558,268309.0427728614,490.3296717040229,0.0758733074031233,154.05309734513276,0.227216957736184,0.4876436538975716,49.18387498550868,0.0487197511052463,6.629982334606979,0.0693606138107416,8961.46146700777,7.145325443652257,863.8198465473146,0.0883703167823339,12.580248679692048,914.9594884910484,10.172281384867969,53.58925831202046,54.51365728900256,1942.041841432225,4.497682546784058,0.0606308550504562,0.0811049735021397,6.7509103442240725,0.0055801729636463,6.210064618553844,0.0014325712301418,145.51837401734744,0.0545673950586149,0.2195518405917236,external
5060090,,1,0,0.9011336073442444,0.7715543964140728,18.748078407794925,24.29910126224377,29.154759474226505,28.653097563788805,27.586228448267445,30.14962686336267,6480.333333333333,21.896736775668817,0.7368055310348762,2281.372195178427,0.3520455010305684,6510.0,-319.0999999999999,57.0,5644787165.0,4.462444803410508,174.0,4.098403884539934,270.0,119.1271514696756,-81.38079877112135,-27.0,-674.0,944.0,77.94070141335577,931.1792537483676,-1.2880777856197805,5644787165.0,0.0627312818988157,23233.56574498409,853.4363879512669,28.652581461564186,92418.75454643863,-2376.344140443177,141.8908056441476,12.310476493330318,0.8361630040119378,2.442371748963512,2.883314872811433,6.194415173973553,0.0112667366784555,7.593868407600602,-0.2229410130029455,0.9128365898047146,0.3733546162562401,0.9938643125531,0.4440000733603625,0.949955960398042,0.3581470676207061,0.0379630270489802,5.197669230553351,38.5503205343695,308.44151527791723,0.0557783846340945,52.37499102381912,792.5673154769161,1.6736428842440498,1455.1969657326515,0.0037596614034994,0.0029304285127633,5.220286122127956,4195.3085053332325,0.7580535361903643,0.8486116034503132,0.2770442498445931,0.8928239157719019,689.5033634389363,0.0027919732657817,46.55452436194896,0.0360050459102466,64.37619426156309,500.3557617942769,1454.2706883217325,1516753.7099767982,1.419013481229612,0.0071214821012886,499.69296210363495,0.386460140838078,0.6449390856640917,296.7589663628381,0.005859316110749,6.806075743558032,0.1986175115207373,1428.9214492457154,7.414669142718317,675.5142857142857,0.1037656352863726,10.92709936975137,408.3806451612903,49.05080783197774,820.226267281106,35.29216589861751,35659.473579109064,0.0402875611080666,0.0026749203713474,0.1897294378954641,104.67681793747204,0.0013145873582686,0.2399036474308556,0.0024336064115367,1169.0322953820094,0.0734650261619902,2.271372669349068,19.70405960083008,171.17279052734375,7623572535.612491,4.038440595937339,85.64815092086792,4.147265548244707,370.4983215332031,50.35814529518508,80.35966255620878,59.22098350524902,1.5811388492584229,368.9171826839447,36.203162579201845,1082.1532650388192,1.19440355660637,7623572535.612491,0.0791790958492311,3878.688555611493,61.96042250384115,6.615517442283671,29314.3133606127,942.8552581855693,83.30451107591229,10.630004133609791,0.7707166451728741,2.1415711600974867,2.7213074354510565,5.943956980121385,0.0166510695538685,7.027756329266415,-0.1943713293803419,0.8724938007839074,0.4159700969158399,0.9904398616157464,0.4788452412634533,0.9414389079915768,0.3906950285803648,0.05003906662303,4.771354495579564,23.483628802380515,377.0210738372608,0.0702029416060561,28.848473740625607,88.38726626835789,1.806184862400301,118.6962057673246,0.1850465716743127,0.0857773109010131,4.885349995633458,3881.130946695953,0.7217441484266683,0.8244475954153372,0.3268079215289927,0.8739219741288122,82.76430349315584,0.071483747884881,48.77777777777778,0.0511297460982995,35.66870596715144,191.3165618448637,2597.3123689727463,35188.942348008386,328.12945480202626,0.062955056883554,306.329140461216,0.3210997279467672,0.5836833362827618,122.52370105314984,0.0370543785059182,6.63509820585525,0.1465437788018433,2550.746766346268,7.164120086796573,603.7422427035331,0.0927407438868714,12.457224593618232,515.4559139784947,27.480817671501484,79.9531490015361,43.41935483870968,1292.222580645161,5.81713450936197,0.0915896261559385,0.1432359746300507,24.04032760443896,0.0095028702118291,2.6084458989033226,0.0019328324214941,707.8072590835363,0.0732178908737732,1.4760120614248098,external
5149510,,1,0,0.7443250054848284,0.7195318600300896,14.085420867632678,19.575812622173043,21.93171219946131,22.36067977499789,17.72004514666935,23.15167380558045,2738.125,14.570766837368923,0.7736578788949586,1223.4062235100455,0.4468043728865722,2760.0,-666.0999999999999,37.0,1628882188.0,5.329998977327402,450.0,2.0645281842588625,98.0,227.6335244696492,-278.88115942028986,-239.0,-901.0,999.0,179.62764688951935,768.2282901567095,-0.4471314970900473,1628882188.0,0.0280752467968914,70162.32355807602,1113.378942110162,31.50572914849608,644289.0267747759,-7663.464249235119,514.3272949530746,32.24354851704026,0.8808002425602516,4.151937401926441,3.503339720223145,14.290110258644647,0.0041105825109559,8.966021915149287,-0.2817968587641503,0.967771124953458,0.2548518247009869,0.9862478022551848,0.3393081748910787,0.9236368294870916,0.2440070051610683,0.0255161702197448,6.179287729124246,136.6427108675287,66.01264349099273,0.0264217748900132,142.99438541588626,980.8245036423704,1.4308062761719669,1641.8090785788313,0.008523258274859,0.0068039494837031,5.756462061193856,2131.88933367172,0.8507101646606938,0.9039576365663322,0.191913034582297,0.9364192962267678,890.3626454349155,0.0065062610014436,28.17928286852589,0.0280670148092887,96.7206949096046,728.5119521912351,79.87450199203187,142748.60856573706,0.1333762115993313,0.006776403301056,386.3466135458168,0.3848073840097776,0.6437363170976264,439.3358944624607,0.003017363364154,6.950290133117605,0.3637681159420289,72.31747908763353,7.602919992950824,476.431884057971,0.1726202478470909,8.460136525939928,77.48768115942029,148.17996206154166,1030.6358695652175,20.689855072463768,34757.946739130435,0.0571618117207621,0.0065630251789454,0.312294029838132,231.8112273260745,0.0018055339215533,0.0996136863671329,0.0072013313771358,1611.8932858527833,0.2807290664987497,6.065670683033841,34.28519973754883,264.1774627685546,3593712712.428976,4.653081696940369,102.6517333984375,3.063490278819859,403.78521728515625,64.32410112963343,138.0697690847991,132.60655212402344,3.5,400.28521728515625,44.20998954138218,1141.0827416729392,0.6844524346491645,3593712712.428976,0.0467989918084436,6867.024039103894,163.65115616140812,11.394405365519788,76377.33658529095,1218.5161391756224,156.15454550776616,21.03784317194544,0.760502555876432,3.0345953599551967,3.110338842468487,11.515683365027302,0.0065898024181104,8.08884233591983,-0.2342395083702555,0.9297784830997706,0.340030122649596,0.98370329707338,0.4152046469209213,0.9247849681391122,0.3187484591085517,0.0234182988255439,5.506624601576893,44.29809716992793,107.1398918280834,0.0447978365260378,49.44946606212522,206.07493469369263,1.6149574268371876,276.8488698814666,0.0795480761473905,0.0365393823047559,5.263095318736171,1900.762196170968,0.7912458867240152,0.8653567447045707,0.2590945879395558,0.908028240917914,193.4785351190864,0.0308280248158042,23.386473429951693,0.0376593775039479,54.54976519612801,333.83252818035425,178.06441223832527,16439.008051529792,12.081811721335782,0.0148334626505099,209.56682769726248,0.3374667112677335,0.6000721284507615,209.69578279471187,0.0084624169100517,6.7529743243752,0.225,158.3113258185722,7.509782630679479,337.74855072463765,0.1223726633060281,10.478984982146608,129.16521739130434,48.478487187565634,194.69565217391303,30.73550724637681,3259.0992753623186,2.565501423512602,0.0407457612307414,0.2025199941444753,61.89763625844915,0.0038199159509668,0.5161755744600889,0.0063379725073797,689.2674855137119,0.1388582748337295,2.667474052816163,external
6267433,,1,0,0.8946224066553636,0.704602946458064,9.959371598653156,14.134728855048737,16.55294535724685,16.55294535724685,14.866068747318506,17.291616465790582,1128.5416666666667,12.64524514572471,0.7739182244572407,677.3307351086883,0.6001823017392843,1145.0,-639.2,-6.0,601530266.0,5.2558229403291925,387.0,2.070179310158496,63.0,197.90864399992373,-313.4061135371179,-293.0,-921.0,984.0,154.08274576073657,724.8130407938336,-0.2804683026770429,601530266.0,0.0281375259815793,53942.77917659845,1055.6509962348614,31.1988565176998,319120.7334605726,-3241.361478772865,368.47166543216775,40.84743852784576,0.7974832233102987,4.878168150778477,3.645109693719704,16.028941434198423,0.0029668933661418,8.907179096480588,-0.2686210973239337,0.9632720108872714,0.1998277798708061,0.9819939715762652,0.2906192676308418,0.9095635770982164,0.2019964291835573,0.0148021871662618,6.04984111526762,102.3297759900034,29.75799554039482,0.0277530809074586,111.5352241151514,937.1832974648644,1.2306726837989923,1243.9846770066968,0.0043304366147655,0.0039116097310743,5.551576071893734,953.3709878385928,0.8874224422443409,0.9363117232112864,0.0853554704054283,0.9537285083151174,877.6758115752734,0.0038187359733449,14.8359375,0.0289764404296875,94.03258895874023,765.267578125,16.615234375,25887.171875,0.023342359932522,0.0055172771456892,181.84765625,0.3551712036132812,0.6106545780541545,437.7630841082695,0.0041212481995014,6.80709027949962,0.4471615720524017,11.614070892333984,7.129313590431628,271.4314410480349,0.2370580271161877,3.086832058885223,32.2174672489083,113.65375641196772,961.4043668122272,10.14061135371179,14694.859388646288,0.0165800972498046,0.0037810703278926,0.3602033541943276,274.6733952787487,0.0021092729505556,0.0655326632510489,0.0127491149489411,2061.383758916302,0.2857526801979405,9.925265158388896,74.35454406738282,291.88253784179693,1569511980.7366903,4.668563548974618,93.33350372314452,3.104158291436064,414.437255859375,63.063958088570814,168.00263365533155,152.68350219726562,9.027734756469728,405.4095211029053,41.827147812713896,1170.7915363565355,0.6479247913995242,1569511980.7366903,0.0486466695905875,6522.669378306086,217.04525707928343,13.740146185181723,65461.49625228531,1021.0203906255545,141.92258411415213,29.185362434379435,0.6544393968054953,3.733828430789528,3.378180333025895,14.59173929813604,0.0057568724097051,8.20634551268829,-0.2138171388585748,0.9179305403919016,0.2804768659962863,0.9788650001432946,0.3632318708292551,0.9114753602881508,0.2789643262296434,0.0288395407194601,5.449480003335724,42.776986637132914,47.90374852081764,0.0462421748873647,47.35048192935022,266.8809144905039,1.365191991660536,336.1439965087977,0.0220000579334268,0.0141462491749461,5.121560233333716,868.5365123732366,0.8361720077454138,0.9046019482700706,0.1363685764231706,0.9305284400526532,252.89113908389515,0.0130024623309988,13.901408450704226,0.0391588970442372,53.68787145407657,348.36619718309856,47.86197183098592,7968.230985915493,0.7112019555175898,0.0110253250740364,113.68732394366197,0.3202459829398928,0.5812016029947639,216.5630806494349,0.0066056668500368,6.543231731069468,0.3100436681222707,37.459075580242015,7.105593418840738,188.7956331877729,0.1648870158845178,5.346557083198261,55.70043668122271,46.25911328922027,259.9039301310044,17.45938864628821,3165.5737991266374,0.3382352265419148,0.014628723583382,0.2605623366992024,88.65005041891078,0.002987544356738,0.1962200376016366,0.0123917727853598,900.4182922748654,0.1601605177850943,4.739583249522795,external
586013,,5,1,0.781097924783406,0.5563437557716083,13.62143405010614,24.4838445813312,24.186773244895647,26.92582403567252,25.80697580112788,29.88310559496787,4112.75,19.12428019319724,0.7022912595149174,1767.6179446267654,0.4297897865483595,4140.0,-317.0,97.0,3637985969.0,4.8190182585913695,197.25,3.652010576887422,317.0,128.05900627785945,-77.00458937198067,-43.0,-719.0,1036.0,86.34648725847265,937.411634353992,-0.8961371463769962,3637985969.0,0.0436149034983313,26820.04418183621,1048.8761733534209,32.01140060848404,91061.102056834,-1960.754971414944,141.08842280760405,44.85278942939464,0.5112837491680865,5.143137881420108,3.803209744510762,17.712093483209642,0.0032355327737418,8.925885685486342,-0.0930484014076034,0.7317162844718171,0.1884718690598944,0.982453798475044,0.2797669310114328,0.9102595795821092,0.1944770960752295,0.0097931219175681,5.396987793029093,46.48530305924969,165.20185000254136,0.0424693076928055,57.98414569041098,1008.91168695468,1.2158020945784265,1252.1588382050516,0.0020984868909911,0.0018568261630435,5.166113424632731,3468.544850357884,0.8911657817066374,0.9393719806763284,0.080183152720549,0.9558924414325424,959.4675167514204,0.0018062977473596,60.71444023796647,0.0328363657317287,75.37000252427679,915.1157382368848,25.460248783126016,30356.15035154137,0.024597778856105,0.0025652645240156,847.6619794483505,0.4584434718487563,0.704067037337914,623.8441840320346,0.0020843378498027,6.732415399774815,0.4466183574879227,20.446912236190407,7.016230543897505,925.43961352657,0.2235361385329879,2.5958647809750524,180.5657004830917,56.63021190692899,1015.983574879227,9.233333333333333,10507.445893719809,0.0104318744647416,0.0018124680960594,0.3957124108242058,363.9485429024449,0.0010402805082703,0.2867045756358322,0.001967870576567,3331.071999576479,0.1887187644659841,1.6880909063281913,46.31439666748047,258.0181579589843,5403779355.637173,4.687841559929983,110.57674789428712,4.664788079961268,552.2449340820312,68.54212077565116,139.07942545206652,118.32053756713869,6.103277683258057,546.1416563987732,46.46780137286815,1142.4800715644988,1.223632065164113,5403779355.637173,0.0468464841653247,7758.776433812464,148.09708184584713,11.179118581363536,89077.97567997084,1914.4252190796497,136.92780940612258,44.68738273123568,0.4996229902990612,4.702008286722404,3.7137911028416175,21.939900632558263,0.0039309555005746,8.634738437811082,-0.0964716775856946,0.7347889967171166,0.2236691791738549,0.9818749647136727,0.312171404608261,0.9156367402821548,0.2282186132452059,0.0108423530656452,5.350075860944596,45.40379803433961,174.6177573548493,0.0455932146680229,56.325203694961615,210.5116984855472,1.268279850565366,240.60657021547905,0.0300420691131285,0.0230302801104475,5.104070947274095,3316.678337344164,0.8653548294710551,0.9250464511334076,0.0975867079244657,0.944660008993822,203.94829640336164,0.0216156044318102,53.61951538965292,0.0351142864372317,73.10715524831575,325.5153896529142,85.6136214800262,4574.443352979699,2.779776932900311,0.0218219311651529,668.1028159790438,0.4375264020818886,0.6874091315434372,250.7071100846959,0.0152455323829401,6.7128681441218845,0.3688405797101449,78.26302456245986,7.051474954878322,774.7478260869565,0.1871371560596513,3.2123536138532987,193.94444444444449,54.81290222642303,203.3171497584541,11.907729468599031,1268.2350241545894,0.3254203068031636,0.0232438110911904,0.3325251040581499,106.16012287791088,0.0073544147053875,1.0571961733502275,0.0019442016373458,3288.671134411568,0.1856111676596146,2.2720963981201256,external
290858,,5,1,0.5913984593474838,0.5757836662986604,10.201892614929962,17.718273740745914,19.313207915827967,20.591260281974,12.806248474865695,21.2602916254693,1097.4583333333333,10.478559792574112,0.7245011620436034,710.1832065690331,0.6471163277898476,1115.0,-312.6,132.0,1067248653.0,4.786224031459482,184.5,4.614353819182241,301.0,137.91421987170466,-39.16322869955157,14.0,-716.0,1017.0,82.64977996941418,978.3525335075428,-1.3378222579379329,1067248653.0,0.049840535703513,33966.37873755756,1102.4487233544278,32.86849010054056,139541.64236266472,-2951.017635719892,150.34541532804454,62.2302055795917,0.4072603133288037,5.435565280203783,3.907954008089104,31.89957179911464,0.0054110402841781,8.335568106871602,-0.167717896036594,0.8784591373865008,0.2136361025732965,0.9756098228460928,0.299863516491926,0.9053212002697656,0.2111264148892912,0.0199516251069926,5.241342537958899,53.14390522690902,48.62530914038454,0.0468245054706367,74.84256987074232,1066.2795900372926,1.2507597213789114,1372.5156520648643,0.0047242591034371,0.0044775109596112,5.169501809610193,912.6549869058708,0.8785763737635541,0.9310106933425316,0.0948922978756772,0.9503605366125116,1006.212532209,0.004426367213152,15.078895463510849,0.0297414111706328,109.55435734042928,941.3136094674556,39.9585798816568,48865.84812623274,0.0408814218037501,0.0079567464894957,252.9921104536489,0.4989982454707079,0.733783137424134,651.5019987913437,0.0074783525474386,6.465606636894834,0.4547085201793722,35.12205065960187,6.860468363438926,235.9883408071749,0.2116487361499326,4.0596915280822055,55.57219730941704,71.57734440668423,1076.6663677130043,11.86457399103139,14482.813452914796,0.0141027420092969,0.0042359836293673,0.4063352692918725,379.3798823561336,0.003502447380973,0.0751623542260934,0.0069219427592877,3723.100416784888,0.2797298449411596,6.284321212994648,42.45050277709961,472.6706665039063,1676671884.8023448,5.458755772355181,230.6829032897949,3.775895314074616,888.6309814453125,143.268923186982,213.2885663314785,152.2645721435547,7.449832439422607,881.1811490058899,100.29496878790414,1226.271422124642,1.1830608773951916,1676671884.8023448,0.0295690643286613,31672.45552889736,329.64169544701804,15.51767762767197,1295092.779937575,16063.271955266251,538.0844135009096,184.7437022490581,0.4776405190992667,8.830367778132992,4.515188328120187,103.65919341559892,0.0029789796880666,9.0946419401299,-0.2505077217967861,0.9600688108820452,0.1750567948691464,0.9722467224132406,0.2545612630642573,0.9059885460636898,0.1754674627963514,0.0138755495768745,6.0520909132934495,180.707028937492,29.766320925144587,0.028246017897972,226.03189356304267,585.0256144772421,1.1875741262751816,616.954353468347,0.034892103095088,0.0254505824821152,5.750372795960704,947.6864249482412,0.899097692094201,0.945015522593998,0.0670731720026658,0.959462990457592,577.3682193628587,0.0234785932435774,13.535303776683088,0.0222254577613843,228.42796476497853,823.9802955665025,20.63546798029557,1978.326765188834,1.2172931339603286,0.0160153402047236,366.04761904761904,0.6010634138712957,0.8022965562366006,710.6194642713276,0.0137600452368533,6.658176873044384,0.5461883408071749,17.283382001234898,7.202345956004518,288.46188340807174,0.2587102093345935,3.256702527700135,32.9695067264574,223.46972269701777,562.5910313901345,9.15964125560538,1524.3865470852018,0.5022624404384196,0.0267878169524414,0.4989732437226347,412.6991468619669,0.0089121350141823,0.2246981253839077,0.0065255529558477,12904.87557569796,0.6076826534611532,17.68615620447649,external
6447946,,1,0,0.7939677442516421,0.7289620445534329,11.90588343007335,16.332652048251667,18.601075237738275,18.027756377319943,14.7648230602334,20.663978319771825,1650.125,12.967598904397338,0.7874998613069828,857.5212044045528,0.5196704518776171,1670.0,-453.0,8.0,1154055603.0,4.774151120532406,287.0,2.3340963187142028,93.0,150.6607264512891,-187.80179640718563,-146.0,-713.0,806.0,117.19818649032048,831.2949291806351,-0.6251278101064397,1154055603.0,0.0432830148087059,31385.337362042377,739.0622624295405,26.394446933293708,99396.01510354634,-2043.0568998067167,194.85702977310464,26.02574766820394,0.7595227397833353,3.723474141407332,3.386554724201365,11.687197000391384,0.0066830904427466,8.215458837920968,-0.2140731433697609,0.9161036079730258,0.2741527185264024,0.9832571939300464,0.3577839940006798,0.9165088752964792,0.2630941846454881,0.0387633106413653,5.486829299186031,55.22069436032712,59.77903255064434,0.0397713099221963,66.46722539635564,657.6717434016192,1.3986772631376556,1035.8819573144815,0.0048414659496472,0.0042565298744868,5.2556599081383215,1257.5060079868797,0.8354941947471095,0.8997696913864578,0.1592731797295021,0.9302172141247104,594.0862726436889,0.0041444421826641,21.329931972789115,0.0362753945115461,58.27578786616687,450.9625850340136,99.6938775510204,105548.3843537415,0.1079684186012382,0.0076163166629928,245.8367346938776,0.4180896848535332,0.6715010676526014,282.5550684257097,0.0063456933307957,6.471707151541035,0.3520958083832335,91.62750474339396,7.1316856039093794,268.1077844311377,0.1605435834916992,9.12499408368891,72.28263473053892,66.36318835383125,685.4491017964071,22.12814371257485,22435.05269461078,0.0290908633049597,0.0039803083205459,0.3086935056704917,145.3735608856807,0.0024476362704894,0.1178149321882401,0.0079594388833975,1235.6562461299654,0.2093172338031274,4.424442206799845,30.67930011749268,266.24112548828134,2166689947.0877457,4.677941234442413,108.75262069702148,3.182522501264449,412.0464172363281,66.7880196437595,135.76983504309626,127.80012893676758,3.2015621662139893,408.8448550701141,45.439311425834376,1139.0430764429684,0.7739336867368872,2166689947.0877457,0.0462712897558177,7446.011798840121,144.60216104025278,10.667922327475988,79585.00721023722,1409.6469283900312,152.94997505399783,30.181946632605204,0.6639045447717398,3.6601365022106975,3.3628942136347586,16.248616336334003,0.0057931170645395,8.154680883160777,-0.2083929053622514,0.910454282371208,0.3049406231028976,0.9784175635286484,0.3821913150237729,0.913930015458038,0.2984040578596377,0.0196143865303124,5.445121217587105,45.78298042165076,66.24628848922254,0.044592145597409,53.385588419946366,205.33005153799164,1.441500948730904,251.19706365530823,0.083917127569595,0.0429541048028421,5.195726602534568,1212.7033538067842,0.8152206194285115,0.8892215568862276,0.1717383535467759,0.9210230225779524,196.8781382834528,0.0357465257621908,18.96551724137931,0.0408739595719381,51.31390736474436,338.48491379310343,95.63793103448276,6468.96551724138,8.546187809436388,0.0114736106611863,174.83189655172413,0.3767928804994054,0.6361934735326116,235.6264606317231,0.0036234338531282,6.466051971732888,0.2778443113772455,82.68413718787158,7.20945389595958,232.68982035928144,0.1393352217720248,6.732962816881209,77.27305389221557,52.63295062569471,194.08622754491017,21.78922155688623,1924.3053892215569,2.5523939207495285,0.0485437290665396,0.2512955414916561,80.93024673013586,0.0032615191041585,0.4094395071405568,0.0081385466747946,999.7979137215402,0.1959974971600693,3.630777354554352,external
6022000,,1,0,0.9012498069134768,0.7871475559655504,15.585766877903742,19.8003115931492,24.413111231467404,23.853720883753127,21.840329667841555,25.179356624028344,3653.9583333333335,17.845027000152385,0.7721812009532087,1485.7325128098732,0.4066090462105816,3680.0,-355.0,49.0,3024467699.0,4.587018788018383,227.0,3.906620135657797,215.0,137.0182782963138,-109.62472826086956,-50.0,-718.0,933.0,95.7513880626611,906.568377208442,-1.2040015367813008,3024467699.0,0.0570305115784498,29098.09802981746,917.2872876133374,29.53217617818067,182517.209782373,-3883.188135494293,193.81580159518745,13.666427481136528,0.8655260978949814,2.693795980531369,2.9874800268363164,6.172142631697758,0.0103971346039925,7.757114149066974,-0.2443150855201793,0.9315617003610736,0.3437192426557404,0.9928320683583568,0.4195027017482165,0.9437467110525374,0.3267583493495887,0.0407999139898561,5.34778033114554,51.870557269080976,160.11991341897172,0.0503845516850305,63.11196355767276,838.9683362561755,1.5880500541116531,1479.84039150153,0.0063664972790098,0.0050666539413688,5.256863507804942,2491.868008592757,0.782719631712702,0.8632525083612042,0.2396384299931492,0.9047142838974872,737.8829836842319,0.0048129533168963,33.72663551401869,0.0394002751331994,58.4718957441698,575.6623831775701,590.5794392523364,699292.9731308412,0.5551308825782464,0.0087862618487009,280.01635514018693,0.3271219102104987,0.5901278157218259,318.861191627821,0.0049681012616705,6.8417824543367445,0.2326086956521739,572.0974757620753,7.323434068822176,447.7461956521739,0.1216701618620037,11.297470463137994,209.87228260869568,61.45703501594991,871.8029891304348,32.04945652173913,36536.53940217391,0.0545165579162294,0.0046998903166572,0.2080303285138479,128.3885170553148,0.001531520367256,0.1417711930527979,0.0042607322805103,1180.395384270363,0.1015266204684789,4.030415770838813,20.1053466796875,167.80755615234375,4380944446.859758,4.135512922467656,89.02813625335693,3.4888251782980624,349.8524780273437,48.6412279755863,89.47123718650445,84.40230941772461,3.041381359100342,346.8110966682434,36.344693619741165,1091.088463174623,0.7748797101277789,4380944446.859758,0.0660822306238185,3526.4578160678225,70.9167942637515,7.395018572111249,18733.05699739928,452.04145778981615,76.05918708132884,11.246247675040124,0.7391546651965963,2.2693555867407444,2.777642967002159,5.946866444425472,0.0115320221049978,7.234064955275452,-0.199983607589755,0.8810337667243923,0.3937616939935931,0.9885064872291144,0.4613011400825406,0.934380041940921,0.3734505462325411,0.0467433940106576,4.906515205480783,21.82635868909224,191.64356302897704,0.0619612507918671,25.34646509088969,95.60091456552964,1.708680058985634,132.92708687229896,0.1637419847003622,0.0759675921684386,4.875523344046821,2310.646031228926,0.745369396128049,0.8403428093645486,0.2848638840428986,0.8861034439763048,88.85303037069528,0.0628070154052551,28.36101083032491,0.0511931603435467,32.00564323788919,176.96028880866427,855.0108303249098,24141.03429602888,112.05627263975968,0.0482415031264818,176.66064981949458,0.3188820393853693,0.5845298720834056,110.67599580628962,0.0240650822242443,6.522737255545353,0.1505434782608695,810.8867051571115,7.178926657502291,390.18804347826085,0.1060293596408317,11.5717379489603,243.18260869565216,24.96862587133744,89.14701086956522,38.1054347826087,1618.693206521739,5.558424934432683,0.0831125094125825,0.1511472827894362,23.29678767015895,0.0074090525233601,1.198218463276907,0.0038743083928678,540.1685476637176,0.0825804888470756,1.7668645060317574,external
52708,,5,1,0.7412926864952374,0.698574090296804,20.52622353219821,29.383030114210523,34.655446902326915,32.01562118716424,30.4138126514911,39.25557285278104,8518.5,21.78142533073358,0.6539126568506074,3084.654064657186,0.3621123513126942,8570.0,-387.0999999999999,67.0,7096862749.0,4.745047007215127,238.0,3.391904398473732,174.0,145.6597527942716,-107.8614935822637,-45.0,-754.0,928.0,102.68442133192046,910.002933112331,-1.0665563158950646,7096862749.0,0.0484099780924203,32194.22363977621,1043.5739638555929,31.56850965088844,181000.54176939765,-3995.517649749258,211.0962551628563,23.42650232514848,0.7977646044974281,3.6010806669648283,3.3500833426064367,10.083875128794784,0.0058378864111522,8.448376020151114,-0.1643633993250918,0.8647981061059504,0.262305688881126,0.9879658937967964,0.3500255390511434,0.9267995789059696,0.2632528096433119,0.0207798403561661,5.413713477332369,58.63068937200118,351.69788185357754,0.0452620166605518,69.72212836620913,981.506829867313,1.370528548300648,1428.5190622524813,0.0030574360345384,0.0026409985608531,5.250580993668361,6523.5848287871695,0.8391145594844621,0.9058073781527688,0.1460775466609023,0.9324642877930416,902.5881920002472,0.0025580015571546,85.41297709923664,0.0326003729386399,78.79784045218811,760.5259541984733,549.945038167939,738775.6332061068,0.4208739646545071,0.0049959390296106,948.6916030534352,0.3620960316997844,0.623223090268172,441.2749956234893,0.0041295719952192,7.08735631890538,0.3057176196032672,539.2456471068119,7.267585824444131,1385.2065344224038,0.1616343680772933,5.017061443340517,414.873512252042,68.00738906309357,1001.292065344224,16.91271878646441,20854.951575262545,0.0186035460802014,0.0025008056740221,0.2704326621768125,212.1860642752401,0.0014096036912777,0.4808424809473575,0.0012599075834666,2038.050805693048,0.1828459818698808,1.2197672867263665,30.600244331359864,185.73419799804697,10381594686.806496,4.234097697419901,87.32596588134766,3.746609909047274,358.87359619140625,50.52897524791096,98.82802169740268,86.85836410522461,1.5,357.37359619140625,36.135611794011005,1100.6307031810843,0.981873308637683,10381594686.806496,0.0629471072872316,3964.9235174609166,82.76871619852864,8.220308113516607,23052.17812662131,640.6976643804538,80.29927087163357,19.59735574384441,0.6042724554037681,3.083191014938222,3.169097524106004,9.816283775605193,0.0080944462881396,7.758942178047291,-0.1205831184120254,0.767101925823278,0.3153521217408943,0.9817031602369152,0.3947676773275664,0.9163426377636158,0.3132094584099371,0.0275989257148919,4.967174800712329,24.97415665386948,452.550592452113,0.0599044413588429,28.951046768401195,111.83863706980932,1.4874585932415616,139.24018130864022,0.0750174224449843,0.0458928630253173,4.836142534575411,6062.63189766895,0.8012488429863273,0.8813751009783682,0.193181898605859,0.9145917901577948,106.37120733177107,0.0412077154281622,99.30232558139537,0.0481115918514512,35.6470894083138,192.2485465116279,981.562015503876,21261.15019379845,69.09163697914023,0.0385363686666398,790.4563953488372,0.3829730597620335,0.6424549105565878,132.43175816997987,0.0250550018235074,6.532731358775,0.2408401400233372,964.3218171609278,7.056943804529866,1108.8709451575262,0.1293898419086961,6.804804363543282,539.4567094515753,28.08515684547191,105.61143523920651,23.48588098016336,1142.5138856476078,1.4613515840781963,0.047253936373598,0.2244368184056473,40.001340855399526,0.0089108929964724,4.152631911917824,0.0010517560013403,978.3887845989748,0.1320045085168923,0.5291406989487488,external
5176403,,1,0,0.8211640570237908,0.7318633674956827,9.304166005461976,12.712982256919508,14.212670403551895,15.0,12.649110640673518,15.811388300841896,781.75,10.439444086963492,0.8050521626544531,509.7673665643168,0.652084894869609,795.0,-350.6,40.0,624849603.0,4.616318812267816,215.0,2.916165617655344,107.0,124.4055061113089,-126.48427672955977,-92.0,-635.0,742.0,91.02049901239178,886.5519406082344,-0.7903455592531623,624849603.0,0.0473224951544638,22944.62459554607,709.9771263782192,26.10442567250453,59443.99430306416,-1371.5850066590206,135.7264703399875,22.141522883664624,0.7147999151331285,3.462601956714475,3.2812044632341464,9.816742467129204,0.0066373131444552,7.818900603968264,-0.2349031793940572,0.9307671478587708,0.2806044598697059,0.9831365626021732,0.36424157090525,0.9156587500268422,0.2834886612422945,0.0212832457961361,5.31594831527377,39.46699830591303,33.12459131158026,0.0458409141382883,48.67261951596024,637.7809938750511,1.334750907863865,926.365135008211,0.0050758532990422,0.0045771530674702,5.035600259420854,607.7377619119491,0.8400921409476015,0.9088534107402032,0.1212277524559325,0.932951722023091,580.3907592592315,0.004475826471715,11.963503649635037,0.0436624220789599,44.840068730353245,442.6532846715328,49.58759124087591,45634.051094890514,0.0665356054340462,0.0090798195792396,115.89781021897812,0.4229847088283872,0.6738461887852925,263.269821634567,0.0081791359762052,6.050658099755934,0.3446540880503144,41.1691219564175,6.692421002291653,127.69685534591196,0.1606249752778766,4.919843360626556,37.62138364779874,48.482385981567184,658.1685534591195,16.275471698113208,14769.65786163522,0.0241122275293102,0.0042941719912355,0.3067461777805597,137.5267321257933,0.0029941619322433,0.0638340582935282,0.0171215770378763,898.6172861862104,0.1775686279707329,7.784105572359884,38.49788589477539,241.495751953125,1027627562.9316884,4.5595909483833,132.01828002929688,2.190089098969872,334.5874328613281,66.61290721149565,134.233916656926,125.54879760742188,9.192388534545898,325.3950443267822,51.60200553196333,1136.93152243507,0.4103639349716114,1027627562.9316884,0.0468541592500296,6126.7090116157015,135.9339035800746,10.532250200153856,38926.6069689955,711.2320991823083,127.84156583126676,28.287088101259748,0.6331301126328164,3.80665074479404,3.389856767060393,13.176891300327693,0.0059992232944032,7.954566875560248,-0.2077396399541513,0.9087442699973076,0.2740888453452346,0.9705206886237776,0.3566798472263749,0.8938993391842035,0.2740373522715826,0.0212400819105204,5.290775569364914,39.03216348313162,32.83475997634992,0.0454259136740132,43.16099020247157,190.0157758971656,1.347813744887668,224.93074115566063,0.0431547583411194,0.0268102981429914,4.977717626264111,612.6168171038644,0.845706209072672,0.9091436865021768,0.1324006736034601,0.934981402689632,183.11564288725123,0.0238561463858591,12.481203007518795,0.0469218158177398,36.70304991802814,268.6353383458647,48.161654135338345,2912.751879699248,2.595897221069989,0.016435087907655,99.61654135338344,0.3744982757645995,0.6355214674149974,183.51461646676032,0.0118684145682083,6.132809632023,0.3345911949685534,39.22919611057719,6.815993233374359,132.1622641509434,0.1662418416992998,5.098953364186543,37.24905660377358,43.503665203116974,182.00251572327045,16.40377358490566,1322.3874213836475,0.8805495552178841,0.0286025585731143,0.2907267141008106,76.74585439665884,0.0055169884947487,0.3444357625220615,0.0140277299969782,693.4513821519179,0.245261491314325,3.950604206915724,external
6250396,,1,0,0.7433677342378562,0.6272712730487655,9.920310326987943,15.815024142221024,17.4928556845359,17.4928556845359,13.892443989449804,18.49324200890693,1244.2083333333333,11.756378663519838,0.7992415210854696,699.9518364868665,0.5625680344156189,1260.0,-453.0,-5.0,843767982.0,4.751985630802888,279.25,2.3007358602930723,86.0,145.36011589821115,-199.63492063492063,-163.0,-703.0,789.0,112.96981296453116,818.3258083254057,-0.5654780288807487,843767982.0,0.0431179138321995,29072.86830435878,704.5868409560709,25.74334336512228,94149.29901995318,-1885.927987769844,189.43803666329035,22.61307063291672,0.7831180485003967,3.4888087390349702,3.272315647868967,9.9930627166194,0.0063174720870607,8.11330170657308,-0.2356406457110501,0.9307280641786414,0.2770997382192937,0.9845781459017467,0.3620201609468179,0.9190951778560196,0.2755148184736078,0.029252071830433,5.528290436740873,53.01277682405176,46.67390364010854,0.0408995435681764,61.13989158042535,629.3475621014005,1.3582141302275554,950.6493048417628,0.0048795881696679,0.0042771150894868,5.19773820930135,958.1177409997176,0.8386374571499989,0.9055555555555556,0.1359015096060362,0.9320569707343,570.3642734677327,0.0041536046749992,16.623529411764707,0.039114186851211,52.18768166089965,445.16,75.42117647058824,74134.48705882354,0.092853874139695,0.0075002141063377,150.86352941176472,0.3549730103806228,0.6112760966437848,248.3377703898172,0.0059975979830318,6.447385305281368,0.3373015873015873,66.63169550173009,6.945486793053808,221.96666666666667,0.1761640211640211,7.416278659611993,54.32857142857143,61.54417926429832,653.6166666666667,19.357142857142858,18726.97857142857,0.0284276660651348,0.0040357255528298,0.2883450685735078,132.3437487234296,0.0022829527220043,0.0967238883100567,0.011025416019995,998.7000411153202,0.1959613836022591,5.528723223121133,36.493515777587895,242.5181335449219,1614550348.3556545,4.553862378443462,88.24959945678711,3.9899051419948792,425.7872009277344,59.91192787622498,129.17758682379647,118.81811141967772,2.291287899017334,423.495913028717,38.7449315940592,1131.9846135710638,1.0082752692662538,1614550348.3556545,0.0523645754598135,6347.142776418109,131.03343369650537,10.267750497753124,72810.35384268094,1463.1335052445118,128.51574869402657,26.408606809299684,0.6512091677736758,3.3297763618668714,3.2102912744832675,14.741069303685904,0.0069439253122118,7.861528998149987,-0.2252539072183728,0.9193283229054476,0.3317086264563174,0.9820352347794896,0.4049961663287348,0.9229534263097232,0.3247785993685612,0.0235399002602388,5.280580138328077,38.731088875831546,55.76058532759789,0.0502825754345005,46.12177841823673,183.19735467850725,1.4770947982469356,233.00003893390988,0.0589232398356168,0.0342828517457885,5.115793145304243,885.1065571483324,0.7966171015727554,0.8799145299145299,0.1796838654255687,0.9121545034031404,173.5740792414255,0.0297991813377272,13.055727554179567,0.0404202091460667,52.70996558962513,302.40866873065016,97.27554179566565,7488.523219814241,4.956364440099322,0.0238672935859523,121.30340557275542,0.3755523392345369,0.6361157950468929,205.84237854177408,0.0116437600773901,6.392640093872036,0.2563492063492063,82.05829635096666,7.236403692510808,161.46984126984128,0.1281506676744772,7.540617283950617,65.97936507936508,44.791027336860665,173.865873015873,24.53333333333333,2248.924603174604,1.518913643348118,0.0363698594752677,0.2321510733796782,65.48271198787151,0.0053012953845146,0.2615143627775032,0.0112624321740276,1012.2490281544656,0.1398234667494732,5.917829785054576,external
6274191,,1,0,0.9248977280970822,0.6771004256693406,26.41421673546599,39.010781464735445,45.17742799230607,44.7213595499958,43.829214001622255,47.01063709417264,25757.916666666668,36.08098314802557,0.7443790517114388,5666.268338469993,0.2199816239720471,25810.0,-308.0,48.0,23616436017.0,3.695485154909591,109.0,6.159172875311572,130.0,116.88863829964178,-56.604920573421154,16.0,-787.0,917.0,63.480629060563935,956.562115931331,-1.957467905937477,23616436017.0,0.1497028669406464,25016.805748744177,1311.5796529654374,35.7421976966676,163599.07550794218,-3939.077035831224,148.02549017311716,11.927171943499411,0.846722555432361,1.8697218015473995,2.56463445797364,8.348662096044077,0.0629729674228703,6.0590197352643616,-0.2555739160106154,0.901460658877419,0.5575461292067933,0.9939690033434136,0.596091486032904,0.9617816688505226,0.3508305661768217,0.1779539856967387,4.385263212186419,39.98816552915415,1477.9812775296534,0.0869211446280104,67.21735353721064,1162.891138973447,4.09664161435032,5761.1203810467305,0.0038191816405701,0.0016424489887522,5.3915579188750415,10033.958177485045,0.5914500216051264,0.6557625249605101,1.7408658710789742,0.7958256386516442,864.958890196553,0.0014844297989353,138.11409395973155,0.0343311195525059,69.31604917263887,699.6467810091971,22562.48023862789,33837193.400695994,15.065682237190888,0.0034129276429731,1591.226199353716,0.3955322394615252,0.6525311632020506,418.7186349983579,0.0025601096654526,6.885964604289895,0.1558698179000387,22521.320183862008,7.316915964398686,1376.155056179775,0.0533186771088638,54.455479434925245,3863.830995738086,52.81802368694065,1271.3960092987215,153.46144905075553,229231.57756683457,0.1051865739415573,0.0013254559263009,0.1409829694775051,104.72109300738438,0.0004689307038744,0.817074972480859,0.0005076601297713,982.74206980996,0.0652812343842971,1.1148976600848342,6.7082037925720215,182.0100250244141,29583078477.620247,3.687850562011488,101.55205249786376,4.961913466193069,428.601806640625,64.50702501865494,67.5803397877255,22.811728477478027,0.0,428.601806640625,44.731546372392366,1070.6010883320937,1.5483556611393927,29583078477.620247,0.1449376895295261,6458.908436587743,62.18691554583494,5.465255090763872,108734.65599830722,2763.091976129322,141.67681241791848,12.5326964322059,0.834594413595801,1.841365415077045,2.5550373010662475,9.051069462016756,0.0732066406230545,6.031930535939095,-0.2756623732705158,0.9179092147596244,0.5609811362984974,0.9918287132836444,0.6009721998663834,0.9573054661327058,0.3402290149066056,0.2081267405137447,4.365774605617206,38.55237721253111,1315.2892995834468,0.0783149032097745,52.557046520208125,119.09013185574806,4.610853485550786,157.56496114699877,2.9263924507911097,0.2043183998612579,5.33644692901842,10207.534948496052,0.6082544108684623,0.6491610288200758,2.217835770922232,0.8060252108779176,112.67224236401002,0.1114503950187435,126.47152194211016,0.0393624406915998,53.619609063669046,266.2455648926237,27791.531279178336,78418.35076252723,19245.620919723715,0.0192943569287837,1127.6909430438843,0.3509775733096434,0.6141064178895329,171.9732891391842,0.0108363288524805,6.985929984276152,0.1244866330879504,27727.002335187284,7.2792192438268355,1333.6892677256876,0.0516733540381901,60.27187210925487,3740.841766757071,45.79236402548892,83.83320418442464,162.7229755908563,1273.9477334366525,120.80975314610868,0.3542417264027647,0.1179575114866486,28.203618915321183,0.0046494810029768,12.588793226686407,0.00046720214003,783.7449233114858,0.0761016738865639,0.8404831423146583,external
6353149,,1,0,0.7981124742442428,0.6670164294952837,9.8448560280129,14.759540534049933,15.620499351813308,17.804493814764857,13.601470508735444,18.05547008526779,1119.125,11.779773414338784,0.8121290696235166,641.866633493554,0.5735432891710524,1134.0,-481.7,40.0,820198709.0,4.950495622952485,315.5,2.7094893953527683,121.0,171.0776122977769,-174.40123456790124,-114.5,-776.0,897.0,128.68727803760987,850.4582793014902,-0.7880587901800302,820198709.0,0.0397914081041653,41665.963349445854,948.8508162088405,29.81574148409729,213571.65513586483,-3789.577969662882,266.32712019025166,27.38835772654113,0.810970182280006,3.736130613520875,3.34456924813485,12.5852977499944,0.0056234223688059,8.278836940410617,-0.2797913427244522,0.961514515347212,0.271187728453497,0.985573340453308,0.3554229000559758,0.9235594363768236,0.2720066473795366,0.023728942767749,5.710708346660066,73.42886947919823,38.182620280233856,0.0370435109942213,88.67627232535177,868.7620049892382,1.3560511326813467,1300.0907738916446,0.0065591499794305,0.0060682913144538,5.393370855973369,874.2402566455984,0.847300463028594,0.908560575227242,0.1409217789359939,0.935867449671568,792.9068373408178,0.0059684781995886,12.237623762376238,0.0302911479266738,85.65828717772767,601.1955445544554,58.00495049504951,77051.62623762376,0.0619258844781386,0.0121741209526706,144.5148514851485,0.3577100284285854,0.6155314482875464,319.966203958333,0.0104237611063483,6.647092464969394,0.3562610229276896,50.12609057935497,7.159631851493249,199.77425044091711,0.1761677693482514,6.212047690589726,45.123456790123456,87.70482738134119,899.1507936507936,17.61904761904762,22418.173721340387,0.0234233683375183,0.0056424744592163,0.3000393792145214,183.10989805911703,0.0039676847567381,0.0486623453581296,0.0151065398869442,1309.172743947649,0.2057955259935378,10.391722021875308,31.610511589050294,266.70061645507815,1464268254.5073152,4.613338873175368,98.18251991271973,3.495664134907003,461.8766174316406,64.74112919356,133.1589474842031,123.61631393432616,5.0,456.8766174316406,43.39052163789355,1136.3282303138535,0.8988498503225916,1464268254.5073152,0.0493827160493827,7192.64674470736,147.56585175791986,10.759972973524215,83108.70286342035,1606.2124612408795,152.47518240566075,25.608271658076283,0.7072817274635981,3.352085356973499,3.2150570481649257,13.729321922877586,0.0066253358655236,7.902976740770503,-0.2460861133907928,0.9338605378809626,0.3249670963930655,0.9846930963897256,0.3990775513324952,0.9272273188992154,0.3235304983697393,0.0212908125369197,5.394209834873233,44.52086351593425,47.94526759354218,0.0477617905443251,51.85261938747284,197.560648930656,1.4658207011463849,247.6700271371232,0.0652952245089499,0.0368315419562014,5.1442144899813895,812.9551772946348,0.8077696225818026,0.884954551621218,0.1808491093968066,0.9172110681124062,187.8675978319699,0.0319767726395304,10.468634686346864,0.0386296482891028,60.173690445391536,338.36162361623616,114.2730627306273,9520.19557195572,6.319790418232501,0.0173637240772136,91.17712177121771,0.3364469438052314,0.5984053548330981,232.1804578614069,0.0091420508422494,6.426773974175461,0.2389770723104056,96.7630070396645,7.185159795080576,156.89770723104056,0.1383577665176724,6.726553630139756,56.0,50.832091455695206,187.5405643738977,22.65608465608465,2088.542328042328,1.615347326222761,0.0395321500795684,0.2178284740794932,70.16139320304447,0.0044400332503317,0.248115624207796,0.0113222989677095,1150.139412227672,0.1557338190249024,7.113351638355372,external
6316584,,1,0,0.851451141925446,0.6896232096691581,22.144357631258,32.11080677212358,36.12478373637688,34.66987164671943,36.23534186398688,38.06573262134856,13235.5,27.340783094271966,0.7504245583681641,3605.819539256393,0.2724354606366509,13270.0,-287.0999999999999,55.0,12071766185.0,4.140151868849893,145.0,5.889424687733988,737.0,113.5346158760518,-58.334363225320274,8.0,-838.0,1575.0,69.40597099143463,953.7838097624028,-1.490057520596812,12071766185.0,0.0975530075318198,22969.384282620143,1456.2879383706943,37.76592161920484,122301.10289915428,-2409.3643772406654,133.89783634045068,14.076364778803327,0.8045079643343335,2.202747188458376,2.7833019991209715,9.07384872597179,0.0319604714119019,6.873186106738289,-0.2468937008452767,0.9144303507292976,0.4862652723088932,0.9974232822970914,0.5352216157845432,0.9721528545266912,0.3605264842949048,0.1141725092057493,4.871840366539723,36.99355027981353,658.0558086308249,0.0672812342211606,57.5584472155141,1325.6809964159495,2.7706110521877747,4219.803858216154,0.0023345826311618,0.001215171705029,5.426242565128173,6361.003593639196,0.6505342389809634,0.7344443800359399,0.8930680778212393,0.8324216618121074,1057.1874109773364,0.001104327472859,82.39141414141415,0.0346765211032887,83.70370352656761,922.0450336700336,6165.132996632997,10261632.340909092,3.7135614089163926,0.0024586617163928,952.9570707070708,0.4010762082100466,0.6574098853155008,574.1462034583285,0.0019696262529829,6.9021494072363785,0.1790504898266767,6133.940583585575,7.606586491854772,879.4290881688019,0.066271973486722,37.65808874747364,1294.5284099472494,48.53812234337671,1404.8310474755087,100.13835719668424,165420.04868123587,0.0618266168673193,0.0010619921588283,0.1643028135724737,158.47191716664062,0.0004059783753689,0.2130009347168625,0.0011293125116736,2794.680407164409,0.0274809228467934,3.5684735945966866,9.630680084228516,199.75091094970705,15600258766.816605,4.079036706849351,111.57316589355467,4.589800255822,432.8654479980469,67.79322632162891,80.93014841850035,44.16021728515625,0.5,432.3654479980469,47.59678542288014,1084.252518674243,1.4210456464563153,15600258766.816605,0.0974887459971412,7193.538491398393,75.6318029330851,6.472667654965869,113310.1331174273,2756.112015044748,152.2564171255428,17.49345693600066,0.789476793372961,2.3341737242682337,2.837370987617333,11.834209967453736,0.0368174021509497,6.844552760706046,-0.243843937903216,0.9124346242003454,0.4834785831467291,0.9887354091262424,0.5338666587240586,0.9466320376903784,0.3469367668792107,0.1279869365095263,4.819474571677197,42.43746851538587,614.1400567824843,0.0631074161269288,55.47589468210178,132.73544163747917,2.8435040502481765,168.6514400238221,1.02579348461409,0.1567282218808221,5.335215808595534,6419.853448803116,0.659485530677164,0.7320039418004753,0.9625099705766996,0.837411411699195,126.55201741344924,0.0969268821860701,78.4745437079731,0.0376919037982579,57.04151037067181,300.7732949087416,7001.827089337176,32562.432276657066,3108.460106503745,0.0193811566621723,789.0624399615754,0.3789925263984512,0.6391294916548238,205.94958717839447,0.0136805135704728,6.8645276186639945,0.1568952524491333,6961.203303370641,7.483947515119088,881.1550866616428,0.0664020411953009,41.35827613719804,1293.6756593820649,50.94857989163674,104.1758854559156,104.84566691785984,1303.5184626978146,52.69983706763608,0.2288067780775541,0.1486330341073939,40.25292763006054,0.0051830779805351,5.6521368872608,0.0010171301692706,866.7476280025818,0.1019560252819969,1.2633541937275474,external
6012407,,1,0,0.8419734854964587,0.7440550001165047,10.088305463539198,13.558548040077095,16.55294535724685,17.0,13.341664064126334,17.60681686165901,994.6666666666666,11.415937951574891,0.7831464439060972,615.30841368035,0.6186076545043734,1010.0,-647.0,-37.0,494236263.0,5.273295229696906,372.0,2.053730787719792,66.0,190.7251661601804,-337.1693069306931,-320.5,-856.0,922.0,147.80729766803842,699.5304386897437,-0.1842702715006118,494236263.0,0.02748750122537,49998.30697872757,815.2271315821334,27.259894602086053,246948.94122294808,-1934.9353964090865,330.49550977949247,43.35129113598728,0.7659729836288747,5.163332143407426,3.7196402046698136,15.517567961568714,0.0024536013129455,8.999808637682275,-0.2587056093857986,0.9624973696483572,0.1809279638750799,0.9790321642540994,0.2733454677919587,0.900759829378827,0.1879815537522567,0.0087037753199131,6.05144082812846,93.46170022886992,26.28981282069295,0.0274978859351764,104.3989702345651,714.0465126250635,1.1813770563685857,906.2722068543766,0.0070783934528377,0.0065931563252148,5.524104643571284,862.5056588951057,0.9014093620057776,0.9466108149276464,0.0637043207616816,0.960320828284182,672.4072688338262,0.0064843642212864,15.627218934911244,0.0308229170313831,84.19128648623413,524.9428007889546,11.31360946745562,13351.696252465485,0.026229522442365,0.0094604887113824,232.40828402366864,0.4583989822952044,0.7037614784954884,330.490002341744,0.0077432918765018,6.471967526377641,0.501980198019802,7.345105407918335,7.002711362072235,249.52673267326733,0.247056170963631,2.148373688854033,27.76237623762376,105.85246152338006,732.4376237623762,7.851485148514851,8756.938613861386,0.020599758460406,0.0063838038516158,0.4311721800014468,225.98851094746664,0.0042310290625309,0.0810745119682155,0.0140056977351142,1850.514322101756,0.3106664016220684,8.583275117849333,84.74488220214843,287.38429260253906,1406139276.1533856,4.617207048485339,91.03599166870116,2.877165486091061,395.7271728515625,58.73591131835951,177.50704623354542,169.39192962646484,6.873863697052002,388.8533091545105,39.53229376844607,1179.9224996169714,0.4201421000254277,1406139276.1533856,0.049320654837761,5694.261172713143,238.303657974172,14.61779947807918,47085.75179147105,426.7728994516616,125.721267799988,27.42469973647717,0.6395838392747121,3.693842850559412,3.356206611579954,13.231623610273244,0.0053987938780247,8.17390006088222,-0.213112823717843,0.9177772568561356,0.2743562504861231,0.9788805549431654,0.3589043083919115,0.909546567446224,0.2716958880573993,0.0233818448322562,5.4142544175120255,38.286491884116295,43.46175383300817,0.0474113272351079,41.23845348470094,282.70815799108834,1.3651323831524502,366.2340761442504,0.0143482909267371,0.0105966879104081,5.060209737507008,772.2121450553879,0.8404477291669176,0.9070068545316072,0.1418177253055006,0.9326168879853648,267.364374319572,0.0098027726795738,13.17948717948718,0.0422419460880999,44.23812458908613,354.31410256410254,44.07051282051282,9056.615384615385,0.4122527951217201,0.009887693872725,94.23717948717947,0.3020422419460881,0.5612676774439834,209.840806931084,0.0059448265631902,6.450386409949301,0.3089108910891089,33.59118178829717,6.995240564852278,170.11089108910892,0.1684266248407019,4.609583374179003,49.81386138613861,40.327128712871286,277.4871287128713,16.291089108910892,3571.657425742574,0.1720483300182287,0.0106346292494568,0.2545660192116785,87.60311569152285,0.0026516440021612,0.1635036178045588,0.0133479838227452,865.6275272568369,0.1480153057259782,4.609935176130523,external
501021,,5,1,0.600753763220928,0.3445743400073421,4.4153907878502645,12.814044097875025,12.649110640673518,10.04987562112089,13.0,14.177446878757824,242.3333333333333,7.698085213877343,0.6687126387564413,281.09515735743184,1.1599525062892648,254.0,-530.1,2.0,159701995.0,5.110441804300483,311.25,2.597907527328528,155.0,170.64669229338458,-234.83070866141733,-215.0,-828.0,983.0,124.55138440631902,792.9363226710096,-0.4590132270250418,159701995.0,0.0334180668361336,43263.967403434806,962.386545993797,30.463702670393385,156346.025928909,-2153.309983382101,228.8790917994285,92.36381291459573,0.4232104193990863,7.506801875684943,4.197497030624822,35.20248306668582,0.0045424622060798,7.933846721194526,-0.4090453228225618,0.9912615719235524,0.1294583352803536,0.9629335466531384,0.216455000452799,0.8718461617615684,0.1428344716661705,0.0133039961072716,5.525242184401635,80.3107261785061,8.172227549680596,0.0330536262946604,91.108469362445,911.025409420362,1.0850471538128377,1002.813204218983,0.0073237546879527,0.0072066638065781,5.232702452550835,234.6800437137668,0.9490142778013388,0.9733494851605088,0.0291367501814082,0.9801365711800992,889.692237468591,0.0071789431256518,5.393258426966292,0.030299204645878,96.3664941295291,857.2584269662922,2.966292134831461,2986.44382022472,0.0121662227019658,0.0094358672609466,107.93258426966293,0.6063628329756344,0.8062959884328262,658.5747453119825,0.0091398173845008,5.949492159978776,0.7007874015748031,0.9300593359424316,6.244373567791639,99.66141732283464,0.3923677847355695,0.8427056854113708,8.488188976377952,90.6029667059334,915.468503937008,3.7086614173228334,3904.539370078741,0.0106055699965797,0.0070507952491749,0.6263538932633421,524.3347255030621,0.0065002961898501,0.0302111043605889,0.026185729795753,4087.872614332331,0.4879624360059342,18.45948590990428,109.39926223754884,399.62493896484375,397760598.314879,5.0720504986785855,160.9877586364746,2.406248326997632,519.697265625,88.70101119870476,246.7618569727019,242.9408950805664,15.10794448852539,504.5893211364746,64.58003004470675,1251.3938658707311,0.2113442319000993,397760598.314879,0.0334800669601339,11571.479536873774,374.49507796673697,18.912049283487235,99289.96656062391,918.3771795042984,188.14847383548675,121.01994838462257,0.21791110931016,8.750286536256166,4.385977032349539,43.685276649657226,0.0043117620728061,7.98305985639953,-0.4116356258972372,0.991451723901328,0.10363650911136,0.9446159789608224,0.1894330104507849,0.8435541068968365,0.1073744759332281,0.0115865522833305,5.443815557430934,77.29210555502732,8.289301544439233,0.0333718991126057,81.68561272077294,492.1073247199864,1.0693085036780248,520.4386046778119,0.0115030233080365,0.011159296656336,5.166383485315865,237.73828905360463,0.9569861679125036,0.977892186553604,0.0233304051250242,0.983362160170492,485.169639753476,0.0110766542093053,5.924731182795699,0.0318533934558908,89.15354376228464,518.9354838709677,2.4946236559139785,1102.52688172043,0.0211191150253067,0.0132013185517744,114.49462365591398,0.6155624927737311,0.8127344683393071,436.3230256869773,0.0122913519633468,5.895867467870748,0.7322834645669292,0.6297837900335299,6.13921490810842,109.31496062992126,0.4303738607477215,0.5751131502263005,8.503937007874017,81.15258230516461,490.3385826771653,3.0551181102362204,1331.1259842519685,0.0210830304488482,0.0110218216678486,0.6553412073490813,344.77695319335083,0.0093019180960652,0.0662740253648212,0.0222312141419075,4065.0793165559735,0.5833992427689668,12.434325646193685,external
6412936,,5,1,0.6719365879288215,0.4473588888024752,20.003727301732354,44.71516673174836,41.48493702538308,53.53503525729669,42.579337712087536,53.68426212587819,18197.25,30.045756562399347,0.6273399879269913,5333.164681029748,0.293075309787454,18248.0,-9.0,86.0,19890621257.0,2.78814290443761,34.0,18.49994376355728,419.0,38.55305238690046,41.80628014028935,58.0,-579.0,998.0,15.705956703634488,1044.038557258345,-3.408035226864515,19890621257.0,0.2200445873513178,4656.183702339758,889.8222248683579,29.761786717813383,9884.427416553846,-347.96817319171447,21.552120348985337,5.33575604398551,0.5967709947506902,1.2837661161842149,2.093939383969765,3.664846664114157,0.072260867110309,4.882357699711826,-0.1190104836918813,0.6623331459253342,0.5789822822207847,0.9976814211390526,0.6102294089734717,0.974757467211599,0.4664249168216929,0.1434871856352122,3.4187945562077666,6.721969098242711,2291.823810179684,0.17958489095539,13.09853371279689,856.4671653229585,2.883176890437845,2591.549805296272,0.0035150098107331,0.0014560466580628,4.241674415495367,7256.939374821641,0.5669177408085594,0.6985591677064715,0.8118876018443473,0.7807347760750617,655.6478782451952,0.0012136974308653,99.18497757847534,0.0555969605260511,38.17342967634579,621.1631165919282,38059.41591928251,35130755.05381166,41.30285239038798,0.0032785916372454,794.8486547085201,0.4455429678859418,0.6940012335035275,403.4033657394181,0.002745768311736,6.143214443793277,0.0977641385357299,37954.78962476623,6.383240938369522,1052.0072336694432,0.057650549850364,23.8566369587433,4015.373629986848,9.866473953485333,875.4475010960106,101.95736519070584,94179.48476545374,0.1110416233276387,0.0013473829214333,0.0976907749701064,63.84369713190255,0.0003095127112093,1.0280721276768494,0.0004226867484115,916.1634397388827,0.0099311064184213,1.0941401280252587,10.092069244384769,133.17243499755853,20044485357.70856,3.020914554380348,22.53096389770508,9.928136043097096,438.1786193847656,40.79144378534905,46.20704892177767,22.68810272216797,0.5,437.6786193847656,15.586369490610943,1048.0688635326017,2.641589173762002,20044485357.70856,0.2164404977761701,3899.153492904327,27.854236898666123,3.8130414440009406,53821.278860279,1576.9771666081504,66.48326407861924,13.268778686677557,0.6618444370532752,1.8843154682174503,2.482745977210734,9.67051949058061,0.0774732697357953,5.249122189128299,-0.1256455368027056,0.7020221648327868,0.539623548762291,0.991369909190576,0.5751007646327916,0.9564961327393864,0.4343976971707776,0.1992650651350677,3.612841520496851,19.938010691324184,2089.5604779127284,0.1590705992053061,34.74204290016812,61.45429393041465,2.713008475091617,74.75274700837873,0.7658138378048117,0.2593307826956126,4.4342678374395,7972.353064547505,0.6065645846711172,0.7197121707753009,0.7791707819914705,0.8070116159285056,59.259978403315394,0.1995765209294277,115.18929402637704,0.0446816501266008,53.13142551312924,204.455779674166,26622.321179208688,126076.3130333592,7779.992030161857,0.0497465707466463,1192.2296353762606,0.4624630082918001,0.7068484146078845,157.4140925766696,0.0357208755271603,6.30728422167946,0.1412757562472599,26572.218065254667,6.317638883890763,1068.7021043402017,0.0585654375460434,27.79131199282485,3949.606203419553,27.578879384138183,46.78381192459448,96.47369574747916,604.3920977641385,28.168081298075883,0.271432557933033,0.1348810884734051,25.09692838000809,0.0127077044845616,17.175007950308828,0.0003718402553106,1121.982402208345,0.0569422106750349,1.0476697995030266,external
914185,,1,0,0.8906371180434451,0.8408110327375197,8.202944507977646,9.75599057171078,10.816653826391969,11.40175425099138,11.180339887498947,11.916375287812984,488.1666666666667,8.689047326447511,0.8893172723432293,337.1367879177761,0.6906182067281176,498.0,-526.5,48.0,378071659.0,4.888736990859789,273.5,2.9270439054652164,251.0,175.82938178416475,-155.9738955823293,-79.0,-817.0,1068.0,122.17151902312172,871.3093814212093,-0.961185227945611,378071659.0,0.0450799180658376,46799.9732141417,1129.6539018123815,33.266550194745456,147708.5042741199,-3180.647198100717,190.85128809527103,99.18260012262316,0.3114506384009248,6.930197882970306,4.1895960141537,50.61116815114487,0.0052664148215498,8.102570393667225,-0.243355252058048,0.9449537098288852,0.1821593525881359,0.9661570505261766,0.266525314340621,0.8902114908121617,0.1878593677411689,0.0173159243158412,5.329710885256091,72.50847205447359,20.25185308479213,0.0429656139621251,101.45181352543756,1069.745160719314,1.1812257085771032,1307.50417256335,0.0046363014768021,0.0044538151979037,5.179992402129041,425.2170051383745,0.9019714754982324,0.9464009885696631,0.0642388800893424,0.960629275253178,1018.1530398728404,0.0044147568981875,7.699619771863118,0.0292761208055631,124.54301782590468,910.0342205323194,14.669201520912548,19090.467680608366,0.0185096657284067,0.0070730393414928,152.43726235741445,0.5796093625757204,0.7877844282356421,669.3214144241662,0.0067166100297939,6.172790533530426,0.5281124497991968,11.083722476832108,6.624187128355354,127.68273092369478,0.2563910259511943,2.8772277866486027,22.449799196787147,98.80673295592008,1082.7248995983937,8.606425702811245,11256.263052208837,0.0110675259359515,0.0042682517353847,0.4855480004548301,437.55400873650814,0.0036444890746448,0.0471250823767518,0.0116327118847566,4937.1175422855,0.5153020260139946,10.657559477215788,45.876430892944335,582.8714416503907,860057247.9086037,5.644073151669212,377.2893009185791,1.9714021350342503,795.9979858398438,185.1935110120312,296.9575989217643,288.6266021728516,12.389512062072754,783.608473777771,150.77790957110562,1314.1623134764802,0.3650583805115657,860057247.9086037,0.024386703440267,44923.5727609466,541.1512209026105,20.275404831933887,1660824.696132356,13244.504184087991,833.0572053748909,314.95087993353405,0.449578734420436,12.524407492319666,4.951334191485903,154.91275194576562,0.0029225627255714,8.832307959568709,-0.3786190488167233,0.9917948454266288,0.1386821282230216,0.9427130866906924,0.2092477176183315,0.8592749019601341,0.1367480954881114,0.0141355182347547,6.247032236037615,287.0020213271064,11.081139997519378,0.0232701979011994,315.19455956417124,939.6864837311128,1.1450459744988672,990.1519418659882,0.0514289411638872,0.0392823655362408,5.855556101576962,437.3448373334378,0.9183593981283276,0.956132221192462,0.0509047548410673,0.967620894728258,927.1422062020538,0.036767513291484,5.996742671009772,0.0195333637492175,264.0624940317669,1178.9771986970684,7.472312703583062,2409.4332247557004,0.5197299834238933,0.019977395272043,185.0,0.6026058631921825,0.8035958782059445,1006.3347710068476,0.0090848545396813,6.535520263221857,0.6164658634538153,4.840942609470658,6.994297584365923,154.03614457831324,0.3093095272656893,2.5706036999403232,12.144578313253012,317.8147610522411,914.429718875502,7.152610441767068,2393.6586345381525,0.5811284062755652,0.0411221812378434,0.5548779762537173,661.109958154614,0.0097673017556098,0.0849081181030712,0.0104273281842894,15033.495279055474,1.4164542263065565,21.073101428742604,external
286010,,1,0,0.8231272084945676,0.7660351293522264,9.326974898217475,12.17564905424708,13.038404810405298,13.038404810405298,13.038404810405298,13.74772708486752,812.2916666666666,10.022108017631922,0.9005095773086597,467.52386755770704,0.5755615707301857,825.0,-450.0,-28.0,579735835.0,4.240835210460602,246.0,2.621160813570128,0.0,137.7873425160698,-177.4678787878788,-106.0,-654.0,654.0,105.3321463565104,838.27805830184,-0.9169141315745432,579735835.0,0.0804804407713498,26151.012604591364,647.7434729017727,25.05829561117804,52348.49210413888,-1533.9936400355136,124.41351603689746,45.19028226195281,0.4667887521125516,4.437297070364854,3.631081693768969,25.29318321587353,0.0229210162475284,7.098960485539275,-0.1856049380754727,0.8708581461751224,0.3453400863204278,0.9628157955188306,0.4069738746700447,0.8928803422544307,0.2749606251668611,0.0920995224924039,4.858180137402763,42.40094957471259,41.58949858943088,0.0598330058279377,56.72445520635079,553.4873327696031,1.738197896058798,1186.588343222026,0.0070367019044716,0.006007378932384,4.986161801269217,532.8467022384787,0.766895765470343,0.8416783216783217,0.3236002407191088,0.8965365797109196,466.99326252892297,0.0058418512790651,14.460869565217392,0.0419155639571518,46.30896030245747,366.25217391304346,123.82898550724636,107096.24927536232,0.1555556833736681,0.0094430945960581,203.27826086956523,0.5892123503465658,0.7952845753246155,270.8033269162093,0.0081140870403276,5.593339433099223,0.4181818181818181,118.11064902331442,6.605973968053188,126.53696969696968,0.153378145087236,25.46282314049587,66.39636363636363,55.10831074380165,600.4581818181819,51.64,44983.728484848485,0.0668431386484503,0.0052869565100853,0.3764972168339141,137.52718153541983,0.0036080162608658,0.1521298108779055,0.0070258494165689,1313.5174178789991,0.4043850543509748,3.925227221620722,14.0623441696167,405.8138671875,1213971404.89515,4.962059230947093,322.5618896484375,1.448681781171447,475.62591552734375,140.2954805308844,203.26908067096363,202.10516357421875,2.692582368850708,472.933333158493,123.15976376564592,1213.0459557584782,0.0895561240236766,1213971404.89515,0.0433351698806244,23624.0102832541,307.6715770561584,14.728936108509162,410487.72809766827,3345.1096085913323,483.32003527326737,121.04360952056216,0.5993446764137504,7.809594939147273,4.3386108387450495,58.4597534336721,0.0091088654896234,8.480126747055634,-0.2503689301891189,0.9533140329315472,0.2279176261907357,0.9394993718633148,0.2942559950713473,0.8562910660573012,0.1994509076349398,0.0593760801330628,5.84190572872993,151.09091119845738,26.32926603935499,0.0352324106049993,157.8687638959608,509.434095185854,1.372563628544074,558.2212015752631,0.2174578666123262,0.0833478249216529,5.405398605914158,634.2345779014036,0.8487483279838716,0.9053613053613052,0.151378694318027,0.9362921536864548,498.5366186236391,0.0620089760437896,12.736363636363636,0.0289462809917355,110.63181301652894,592.5340909090909,37.95227272727273,2238.427272727273,13.340085343239268,0.0107898452526601,248.23181818181817,0.5641632231404958,0.7790813639162469,467.7162648732754,0.0048365925718167,6.144173546054237,0.5333333333333333,34.43664772727273,6.768979225449087,196.4036363636364,0.2380650137741047,13.829054178145087,35.75151515151515,166.34194159779614,475.0787878787879,25.804848484848485,1935.612121212121,10.24393522846796,0.1087471092098964,0.4711217225356418,281.63138858746936,0.005254924612596,0.2511838359913267,0.0063952501940404,3477.552162156576,1.1005035423014604,5.790875806471535,external
5173195,,1,0,0.8714278156454752,0.7704145403909602,9.706457759645314,12.599006444919384,15.0,13.45362404707371,12.529964086141668,16.15549442140351,881.5,10.979124665599365,0.8395034713592626,529.5941420273389,0.6007874555046385,895.0,-528.6,20.0,545170419.0,5.198208071887277,331.0,2.269132522965567,131.0,177.800907587154,-248.93743016759777,-246.0,-782.0,913.0,134.3285009831154,780.4671420223508,-0.2455234792690309,545170419.0,0.0295359071190037,45033.97597328423,798.9509042719251,27.238274762068823,184857.7911293963,-1416.5885683381975,277.8505743539927,51.40850094172684,0.6846305772891991,5.560374101959416,3.8057425355994687,18.7330887366242,0.0025904953444807,8.911354342955459,-0.2459277636503852,0.9544787747743108,0.1730078332999056,0.974583433784664,0.2644439823842927,0.8925379782466767,0.1762492075246257,0.0085661761421081,5.943777597842486,82.31476882392991,25.048937100469825,0.0295568881386918,93.61555668751208,705.4584293411956,1.1835118548517198,896.111611930801,0.0112204380893988,0.0108122299165825,5.442317751712012,766.0129362310695,0.9026745552328675,0.9468844005156852,0.0651575194898698,0.960655771091223,665.480661429961,0.0107281756348694,14.778260869565218,0.0321266540642722,79.16143667296785,529.3391304347826,9.43695652173913,10364.93043478261,0.0309474247951274,0.0175810496858337,211.4434782608696,0.4596597353497164,0.7035172584086591,326.77452369622125,0.0163246465133362,6.388641493489515,0.5139664804469274,5.651394139886579,6.924618677007641,224.24469273743017,0.2505527293155644,2.311817983209013,26.43463687150838,94.68086014793548,722.8692737430167,7.981005586592179,8705.280446927374,0.0225015843993909,0.0103472089311397,0.437685306110002,227.8786953053849,0.0086660401792745,0.0861081483597189,0.0130695582430952,2058.596788373297,0.3385660558441394,7.679606811814556,88.23431243896485,328.57725219726564,1302436422.0730703,4.848665204643425,106.94824981689452,3.3647009747849577,510.5695495605469,71.2916279545713,202.7613611967204,187.0307464599609,14.195069313049316,496.3744802474976,45.95158136272566,1206.3317229435554,0.6887935267383106,1302436422.0730703,0.04397241034924,8601.333792179414,263.9110595119501,15.206861297306908,113370.54406133386,1491.8812049528124,176.60228768173295,46.68333633667282,0.573347228751451,4.777779885291162,3.681865264122919,22.653715778373908,0.0044830120914481,8.447502909399345,-0.2264108795148334,0.9334026106696148,0.2342916894857878,0.976593727668627,0.3197701673074222,0.9063145043183432,0.2351608073628014,0.0170521842929679,5.598343390050634,55.82140600460139,34.92236491222771,0.0422555971690174,62.29662101348482,343.6164619138087,1.2828099656227765,405.1180432266128,0.0205546510725685,0.0148696163792306,5.223557115991188,714.8361802360253,0.8636356014508105,0.9228190803609798,0.1035486234698288,0.943351863491106,330.8865199882647,0.013730633301548,11.854651162790695,0.0344611952406706,71.69358436992968,474.2558139534884,24.18313953488372,4939.075581395349,0.3404165620843588,0.0096361446386043,131.9127906976744,0.3834674148188209,0.6414038128880741,343.3161103232874,0.0035883621376119,6.477892438847965,0.3843575418994413,17.414066725256895,7.02576739052344,168.9508379888268,0.1887718860210355,3.649117068755657,39.35530726256983,60.7945020442558,333.9486033519553,12.689385474860336,2680.896089385475,0.237933675820755,0.0152865222269032,0.3272586627446206,156.41486804074927,0.0025910741546029,0.1255944406851497,0.0128614386586653,1814.0596842243303,0.1990328303154377,7.739272581087995,external
1343479,,1,0,0.8787465942587623,0.8663205298059434,20.43617606298641,23.589624578750467,26.019223662515376,27.459060435491963,28.0178514522438,28.861739379323623,7114.916666666667,20.729302258419764,0.7858183112880913,2276.5395085367127,0.3199671359753634,7151.0,-197.0,111.0,6979014059.0,4.388326603951858,120.0,8.550742578196855,297.0,102.2198897033078,-24.441756397706616,8.0,-892.0,1189.0,52.28436179874004,987.901506203936,-2.144032746433903,6979014059.0,0.0658306138469631,24235.499299613995,1710.2131552179123,41.22936974381765,97266.79251656865,-2151.877925894362,91.30157639974252,49.937540671432814,0.2885907149297692,4.888672467914889,3.7777560875615888,25.97462766761816,0.0058341002323319,8.20159498422641,-0.0466096383596567,0.5645523558023248,0.209346442064033,0.9851564841224906,0.3006191866206668,0.9240028425401609,0.2164376393003635,0.0130877400340774,4.810326351974381,35.30977926779384,421.0614465811928,0.0633096905285681,53.93594677215432,1673.7626048612397,1.2418968605102296,2108.1259286711647,0.0011810156669972,0.0010387725300542,4.806352033313822,5801.885194073978,0.8722595760105991,0.9300474382281124,0.085579024071877,0.9479579432515997,1580.4441774966267,0.0010079225901274,99.9943672549756,0.0375495183082897,100.01219391646616,1500.2275628989862,367.8922268118663,664973.1171610965,0.205458388193665,0.0016881628994786,1381.6939541870072,0.5188486497134838,0.7483081293240633,1069.2757521388996,0.0014922155778094,6.483171278234121,0.3723954691651517,360.6812977494825,6.579895514080446,1391.505383862397,0.1945889223692346,2.762567685843313,470.7547196196336,51.18766302960563,1682.2247238148511,10.70801286533352,19150.501048804363,0.0066063885947312,0.0010073596289879,0.3568696343199012,536.7803828413588,0.000606307775359,0.3501403882601095,0.0008748349287467,5418.057233146576,0.1372905918192674,1.718890794892734,42.5029411315918,414.1500244140625,9672424448.34749,4.759200675294698,99.36112594604492,5.2592898600515445,904.232421875,111.4215498814695,153.30055508208832,91.8231964111328,2.692582368850708,901.5398395061492,61.6625358479575,1163.012236247905,1.7713408212576398,9672424448.34749,0.0581894632008756,22495.29130970045,201.61890949421456,11.642858992210348,906821.044575868,14351.903032803102,369.7643836192465,105.74373114624797,0.5523313045966759,6.214744791233547,4.055418722421281,66.98586273764987,0.0059969773695089,8.619738179671748,-0.0956005887599816,0.7581013828129316,0.2213127561722981,0.984018912227926,0.3054733006428173,0.9319167896950216,0.2251254329633874,0.0159516522089589,5.328422148232679,118.87702869137372,358.95958946178405,0.0544191987395553,166.36997668745107,358.16296868021163,1.274194213509562,383.7983714110037,0.0382938415181172,0.0299228947132049,5.227571074107459,5678.436589651012,0.8608406862681857,0.9224099910717168,0.0988100433361513,0.9428396591280356,352.40055469112434,0.0281809067352994,64.6509966152689,0.0243140265570774,233.3896828145869,698.4821361414065,479.8100789770591,21582.27265889432,12.971862454345407,0.0290313110418778,1525.567130500188,0.5737371682964227,0.7851010989828853,608.4728488898693,0.0222560844550582,6.850527363963143,0.3718361068382044,472.5774384356153,6.990480929966281,1288.9334358830934,0.1802452014939299,3.76364841437774,416.1128513494616,158.81314977055368,337.869808418403,12.867990490840445,1216.1139700741155,0.391034738798427,0.0299685546563591,0.3620566325005102,241.0791180532289,0.0104279822908981,1.719064455023161,0.000832057674377,10394.669092916538,0.3476984675084664,3.7754099832211927,external
5177578,,1,0,0.7707492671386821,0.7027663946038726,19.3587651629672,27.54651518856296,32.202484376209235,26.90724809414742,30.4138126514911,33.391615714128,7771.25,21.23145639380948,0.7680863559205034,2470.21446727372,0.3178657831460473,7800.0,-350.0,29.0,6343198374.0,4.3181994494865545,206.0,3.729612180955932,70.0,125.72186666666666,-111.63230769230768,-50.0,-725.0,795.0,89.58746655649665,901.7929700154192,-1.2103532903334933,6343198374.0,0.0729840894148586,24033.40403313609,961.7310564710426,30.490017588643745,85859.93150741866,-2258.4221127674327,143.1293675303349,15.153975549373028,0.8036384721620548,2.534464798581607,2.9597330975587326,8.549021449810263,0.0194843363318744,7.276276769206094,-0.2250926598960152,0.904811663353721,0.4037671163865048,0.9902281514444068,0.4673794230674162,0.9418318648862178,0.348473023607793,0.0783423180690129,5.020720370633592,39.570835769926965,359.5841635620339,0.0567261480876183,53.707762610879904,860.1084645376486,1.97702379113439,1995.8358750900925,0.0031710584535626,0.0022397365063248,5.21614429073174,4626.730675868678,0.7291768732556692,0.8116568047337277,0.4492650626926955,0.8766234443588649,721.4714410617877,0.002112324397105,62.89527458492976,0.040163010590632,50.65371259311453,518.2183908045977,2234.292464878672,2720664.2803320563,1.850964375940264,0.0049375906881253,563.5862068965517,0.359889021006738,0.621093606364051,289.52834119511414,0.0039552801157332,6.771834183416249,0.2007692307692307,2209.4836687658726,7.254907638883639,725.1884615384615,0.0929728796844181,23.040657199211044,569.2758974358975,50.843280325443786,914.4119230769232,57.814358974358974,69466.89371794871,0.0513910394353508,0.0020016844542142,0.1851708756185531,104.54439599457734,0.0009105736280857,0.3277861493033733,0.001984460433277,933.9415613767576,0.1052520102571368,1.7999305326638322,13.655584239959715,178.85879669189464,9262297604.55712,4.213939010342696,100.7978835105896,4.739171108880504,407.2962646484375,57.75361452545052,87.23222061533194,72.73323822021484,1.8708287477493288,405.42543590068817,41.00890118384679,1089.7128299998571,1.2826062699486551,9262297604.55712,0.0711249835634451,5400.150322151705,76.28008233911392,7.072153203609018,68920.96360435041,1659.6742711785118,118.42260589596602,13.522912833467124,0.7911652589849909,2.226956496100125,2.764044161989776,8.383527507056137,0.0190551144303981,7.137140415982826,-0.2447533093022562,0.9190310419729208,0.4385380157271522,0.9900837569320948,0.4967781962304427,0.9449929022447908,0.3803680146860844,0.0906728073243306,4.986199661057558,32.98637968235828,365.0436747794144,0.0588353565531801,39.65307370656088,113.80290333610228,2.101906018364143,156.03732648371172,0.3874505149317577,0.1117523600815163,5.144123015412187,4394.682638386095,0.7061365177363238,0.7951084812623274,0.50583860770487,0.8642536507539724,106.67372473115364,0.0813365581956793,46.00579150579151,0.0444071346580999,46.43392596264218,250.6534749034749,2902.8088803088804,37956.61872586873,787.1938527367713,0.0191046184772726,342.9382239382239,0.3310214516778223,0.5960207944297989,158.44856120332605,0.0103137384081031,6.833771055007693,0.1328205128205128,2846.123678836034,7.389399184661069,658.754358974359,0.0844556870479947,21.131415121630504,554.7748717948718,38.165690187376725,99.4324358974359,61.16461538461539,1623.2391025641025,17.727524089141458,0.1382064003561269,0.1331441084031834,28.68573141431716,0.0044054156291105,2.1432984705407048,0.0020255733919198,772.9996467738372,0.0821205003123971,1.7079426302705574,external
4506748,,5,1,0.5828083953230165,0.4041826213654275,9.75269617335799,24.12942976224708,26.40075756488817,26.0,18.867962264113206,29.478805945967352,2001.0833333333333,14.06283423979466,0.6656992689950701,1153.5847184624752,0.5764800991775164,2025.0,-498.6,70.60000000000014,1510043526.0,5.114755410059915,341.0,2.6494830150017568,223.0,189.7038748971193,-166.06222222222223,-97.0,-902.0,1125.0,143.64073553665725,863.5395223535902,-0.758595229762004,1510043526.0,0.0354728852309099,50248.2894617284,1375.3250652452095,36.12595694665184,338738.8298291742,-5730.039277827348,332.3160641867616,51.795552181990175,0.7284968488525313,5.210355203835177,3.8467903698035286,23.950795415937925,0.0033158922830899,9.04969368377875,-0.1877842446394522,0.9121646443635928,0.2036769567119996,0.9829770276967872,0.2925538195182978,0.9163972917350588,0.2085281327657993,0.0140216613827989,5.8310733872075975,96.02790409218788,64.2940666280523,0.0338890252742672,107.07680867408163,1301.8757946387302,1.228575317329638,1678.7507894303624,0.0023846392881603,0.002187469885846,5.460538812725452,1684.378444072583,0.8875304166230844,0.9366001899335232,0.0867348090540562,0.9543222871785152,1228.1810531204328,0.0021462177580814,25.19119226638024,0.0270582086642107,111.17386684449345,1077.9763694951664,40.55102040816327,74179.56176154672,0.0267666903562952,0.003384608252277,444.17937701396346,0.4770992234306804,0.7181441224758249,738.4090986728406,0.0029606500483472,6.759596261447487,0.4597530864197531,35.82004497202804,7.212633568898934,442.521975308642,0.2185293705227861,3.117855448864502,71.83259259259259,105.92032043895748,1322.9481481481482,10.131851851851852,17016.672592592593,0.0091078718278875,0.0021041545862989,0.4059263512126386,442.0491774932424,0.0014567868090344,0.09514605473379,0.0047362857775588,4342.172821774075,0.2816941608545173,5.743490868467628,44.70328216552735,303.82304077148444,2716357576.945428,4.882077542538736,125.08781433105467,4.91171719964657,622.7987060546875,81.28448654067358,153.23837902398756,131.02957153320312,6.819090843200684,615.9796152114868,53.35765349423195,1158.1930534711616,1.351424735824939,2716357576.945428,0.0418919067215363,11452.390254979086,189.57421831027915,12.315727226005247,260456.86461438256,4350.650652584982,216.04177991677795,64.799773188399,0.5322454485309375,5.370239888198798,3.880368209115593,35.01608547045296,0.0037118645542843,8.760651376635291,-0.1582023518497881,0.8704985849266872,0.2203931756408148,0.9799652570969511,0.3054935499403694,0.915965584088744,0.2293610597685772,0.0141434550435999,5.590247573106827,70.2103882762942,76.4781840012503,0.0405489121757098,82.94005422701535,270.1675389109683,1.2456790329992558,298.9580405091028,0.0312675313522509,0.0233336575323613,5.258089881453208,1655.5526641231252,0.8769119616385143,0.9314339981006649,0.0903699098016649,0.9497021258705364,264.1226528551784,0.021724254241917,28.1753986332574,0.0320904312451678,101.8162330519248,410.0626423690205,42.87813211845103,2601.0922551252847,1.8659959956483727,0.0162622068721764,438.9339407744875,0.4999247617021497,0.7346280133464121,341.80620972048393,0.011140529979411,6.603267782286406,0.4335802469135802,37.55875203013683,7.078240238105007,409.3674074074074,0.2021567443987197,3.404639536655997,84.83111111111111,80.8724635878677,259.66567901234566,11.148148148148149,1216.2454320987654,0.3766189987964241,0.0239489066929703,0.3916394236108588,162.92091605454016,0.0067105625139148,0.4421057706968669,0.0040385981714765,4654.727904986959,0.2383256496160076,6.186906661155492,external
231753,,5,1,0.8326758647292926,0.791344450997927,10.716290844963783,13.54187905336289,17.4928556845359,15.0,15.297058540778355,17.52141546793523,1021.0,11.275995850818438,0.7777643807578427,630.4537553464276,0.6174865380474315,1035.0,-328.2,122.20000000000005,896061561.0,4.947385220800212,258.5,2.912199027413442,302.0,142.2068585031156,-85.89275362318841,-67.0,-715.0,1017.0,103.93877434645994,930.4622304633544,-0.5236216511909689,896061561.0,0.0369455529884011,30167.90444024364,985.7816184380088,30.913250249633464,81058.91309988381,-1156.0011417966784,167.42127039878517,47.76619834788517,0.5499170967653941,5.3415247450846834,3.828931002042241,18.718300350143668,0.0028393962019445,8.815136574440409,-0.1703284823435182,0.8916044017467714,0.1731109577457474,0.9799333930254652,0.2671930001796452,0.9037115941495064,0.175790539138028,0.0085768390859473,5.587287348764014,53.79686718666757,35.820823377791534,0.0364737741380754,64.40751316872326,928.2561774196112,1.1690102546216723,1111.672474479103,0.0033659961975656,0.0031717764186017,5.220603396249095,887.5642188062858,0.9034802027632456,0.9489409141583056,0.0580196140139284,0.961503168176944,886.346406255422,0.0031278596492417,16.763779527559056,0.032999565999132,74.44942339884679,818.6220472440945,13.931102362204724,16467.01181102362,0.016983542144598,0.0050010180015553,226.8740157480315,0.4466023932047864,0.6940444733661197,538.118046061911,0.0045444053943083,6.464400120233773,0.4908212560386473,9.780097185194371,6.814603453035817,263.12753623188405,0.2542295036056851,1.73329972694812,38.23864734299517,63.65499684940139,936.3864734299516,7.15072463768116,7893.984541062802,0.0096357907903245,0.0030679967696191,0.4229456028788327,345.1396874103103,0.002339847151965,0.0812064868757242,0.0087693149202987,2949.294517153776,0.2297134701887924,6.561378946839103,61.30171279907226,316.5987487792969,1435499364.7258072,4.919424275436353,128.71842575073242,3.835830795104665,596.91162109375,80.0853959751385,173.26126729762495,151.87001037597656,7.433034420013428,589.4785866737366,54.400935294232205,1177.6909220791506,1.0243638077243955,1435499364.7258072,0.0390459520642255,10413.906606810928,214.4967486079959,13.583074221879956,142930.91411643667,2624.905970948836,187.3106551410018,67.83499483376637,0.4600148107381278,5.715849909421393,3.94777257739621,34.17497727469392,0.0032819911447469,8.69498979594048,-0.1778035763103099,0.8964466500575988,0.1989519693053514,0.9770512129025496,0.2867913448424158,0.9076197757006268,0.2040440600006674,0.0100030933610507,5.570110006634463,63.78641249369204,37.35448823081448,0.0384045338049185,74.9917050779079,308.6222499818968,1.2064585668708825,343.5760741059705,0.0183831504907677,0.0146954072937919,5.234537479780221,866.2993965913463,0.8904324392964902,0.939799331103679,0.0737800219577333,0.9557495246078372,300.7810783262156,0.0139255542736955,15.532467532467532,0.0336200595940855,85.08965349225089,431.5974025974026,19.82034632034632,2210.095238095238,0.4426128150761647,0.01254023922037,206.6190476190476,0.4472273757988044,0.6952388437265622,330.6119954526336,0.0087072934911856,6.509164075671201,0.4463768115942029,14.80158261651768,6.932867602489373,228.10917874396137,0.2203953417816051,2.197437513127494,40.41256038647343,73.7097939275129,300.4231884057971,8.777777777777779,1456.121739130435,0.1619243583928918,0.0148731034492167,0.3899106882688663,167.6607900358211,0.0050898767327788,0.2305004581018669,0.0082504587823589,3305.058165301107,0.2920645765252176,7.08413666131841,external
6028377,,5,1,0.6868732572053494,0.6396277933991754,7.163204698343601,11.199020386959996,11.180339887498947,12.206555615733702,8.94427190999916,12.569805089976535,364.5,7.692307610700323,0.7850340315465035,314.3359082430481,0.8623756056050704,375.0,-668.4,-272.4,105683632.0,4.676222755757326,217.0,2.3188790388795164,-135.0,123.27517866666663,-490.224,-503.0,-795.0,660.0,91.52161608930548,530.8700581749423,0.3290397197160118,105683632.0,0.0428444444444444,21951.44849066667,307.1595708641617,16.655790633513448,52229.55097414613,206.08581846037467,151.82404792371855,33.67858549209674,0.6378279652139383,4.55652731798827,3.513539946275757,12.218267747254568,0.004381480443494,8.055240339225069,-0.2779919311887242,0.9608964340727868,0.1957379895128775,0.968403339932192,0.2900563247719186,0.88003119235411,0.2047318438631295,0.0115640607555154,5.4707823114122975,46.37565835395381,15.30663531638096,0.0430428852365172,45.88205226991153,267.6950755647388,1.1756791600169074,325.4511083185958,0.017739514561282,0.0162185760661215,4.899879334375366,321.5860653383697,0.9038927304902604,0.9483076923076924,0.0626036828287155,0.9615637611235764,254.705308282124,0.0158767777947475,8.022727272727273,0.0455836776859504,41.57305655991736,238.3693181818182,8.289772727272727,2525.534090909091,0.0816203348800403,0.0225589695602436,65.69318181818181,0.373256714876033,0.6297608588363797,137.46355574058327,0.0177318630327719,5.937176775747382,0.4693333333333333,3.749967716942149,6.37544778938763,98.46666666666668,0.2625777777777778,1.4736640000000003,16.066666666666666,46.50382222222222,271.104,6.968,2471.6266666666666,0.0616976773694019,0.0158311662347389,0.3869521541950113,89.44085359032502,0.0093888829287261,0.1487466133020814,0.0239362899460172,921.5964818018932,0.2890860940632272,7.373001048518629,96.62710418701172,225.7168884277344,496718123.1966996,3.999744508653613,73.58672332763672,2.803011356773224,286.1773986816406,41.38875837174479,149.7874712524414,137.50363159179688,25.73421859741211,260.4431800842285,29.587096503177715,1150.9047144998,0.5988757188979549,496718123.1966996,0.0745173333333333,2570.432808782089,125.64919981594136,10.804394456372416,8719.263945067833,293.33767702029684,54.08103827435418,18.594741796652208,0.4827424223625955,3.183174717664132,3.136198957397388,8.100768183677959,0.0103456953669861,7.130929627295994,-0.2001000991078611,0.8858293140409628,0.2966506146006319,0.968989917116365,0.3798893584656176,0.8880895445079958,0.2888352575943014,0.0344681532023092,4.652307711699351,18.1689450177516,24.212207589972326,0.0711770709409797,18.93888439506702,145.50099376595162,1.3482053186553498,180.45253247676527,0.0216849746961153,0.0166100925240404,4.442662196531052,284.5580358544776,0.8350778922167508,0.9066666666666668,0.1261969834622879,0.9304510391742886,138.06155764720398,0.0156216954223666,7.60655737704918,0.0623488309594195,23.82209083579683,179.04918032786884,39.86065573770492,3344.4754098360654,0.632100669367025,0.023328740740414,41.91803278688525,0.3435904326793872,0.6052302500469959,105.420709919228,0.0197511004659223,5.626239826266865,0.3253333333333333,30.412590701424342,6.245488852358228,60.946666666666665,0.1625244444444444,4.7832888888888885,27.944,18.44728888888889,141.50933333333333,16.525333333333332,1513.744,0.2552731507921906,0.01640132164371,0.2750563766226825,46.898134006400845,0.0072462868673211,0.2159829636874618,0.022759124005745,400.65249727547325,0.1454407941028354,3.890860076715774,external
642477,,5,1,0.7504427203139703,0.6343584577996104,8.340261598859657,13.147553242671968,14.422205101855956,14.212670403551895,13.601470508735444,14.730919862656236,631.7916666666666,9.866485620903513,0.7076780406418022,503.1502201769373,0.7963862879539995,645.0,-556.6,20.600000000000023,433020757.0,5.120840324600917,352.0,2.4519536732817087,178.0,190.2092903070729,-212.14728682170545,-148.0,-861.0,1039.0,144.88098784051277,819.3595125784,-0.666193723924875,433020757.0,0.0354185445586202,50638.11319031309,1113.302791984153,32.75402810059653,207549.7543916161,-3578.143056069952,260.00290853642144,98.84426765137796,0.4440424098473921,7.169079681913887,4.258353314119657,46.6711004494976,0.0040628807944383,8.593167867437163,-0.2558909565720195,0.9577796922359254,0.174565132379571,0.964619606859944,0.2564860142845533,0.8838608888742499,0.1804399652110631,0.0222099216145456,5.700484741026441,89.71179404694978,20.477279782991104,0.0334199157863525,107.78942656070352,1032.6483385311317,1.1736650123295282,1284.6379744517774,0.004427884468143,0.0042140460737432,5.381825953819127,557.7070749237432,0.910006423606467,0.9497912939773406,0.0642854407723845,0.9638965989586564,981.6171053079788,0.0041650777304237,10.498666666666669,0.0279964444444444,107.30685155555555,848.1626666666667,13.336,20326.12,0.0157526792169374,0.0058153256104005,216.4933333333333,0.5773155555555556,0.7879192089628653,617.8024387056951,0.0051820345580349,6.212427259725852,0.5813953488372093,10.3776,6.666053585651063,184.91317829457364,0.2866870981311219,3.6384976864371135,22.84496124031008,107.0345676341566,1052.906976744186,8.953488372093023,13198.367441860466,0.0116548744773099,0.0040663501921101,0.5215045901436827,435.1583506472344,0.0031554394780452,0.0595503428824437,0.0106048640924799,4473.317720989892,0.5328564841811989,8.650692131129379,70.14981231689454,442.62720947265626,1030116598.9782324,5.442445850639131,211.38262939453125,2.3445020849657663,634.8655395507812,115.2596722393404,256.0531124085419,248.94024658203125,6.363961219787598,628.5015783309937,85.45302635650965,1263.756304995494,0.2396067905007312,1030116598.9782324,0.0250249384051439,19410.577224679106,450.9957331832832,19.82396912582567,369391.36457685975,1870.551493172556,383.3481841423931,152.34578134475558,0.4276519091304708,9.157126600653855,4.568864423838613,66.55813371221119,0.0019866835715727,9.187829493599668,-0.2933488867960981,0.9783415198282152,0.1286454400396602,0.9558848612901488,0.2105449379322534,0.867989035595449,0.1302060085385503,0.0067406926859761,6.102076913246218,133.9234913717873,15.497357010186835,0.024924458767014,136.51160554217552,630.6668878497056,1.1147049395655375,676.0073077173644,0.0179554139986633,0.0147761703342803,5.61954402585333,578.4255965197257,0.9300679421965002,0.9639833035181872,0.0381898070693462,0.9725675548521348,619.4536606708396,0.0140670668357719,10.088669950738916,0.0248489407653667,128.772143221141,728.7807881773399,4.416256157635468,1795.334975369458,0.1305323806003031,0.0109191114038308,215.0049261083744,0.5295687835181635,0.7559380515342426,587.5699601813221,0.0080615547875189,6.461747720049948,0.6294573643410852,1.892383945254677,6.859898159362341,209.8124031007752,0.3252905474430623,1.2750291448831197,16.14108527131783,137.00989123249803,622.3751937984496,5.024806201550388,2010.7875968992248,0.1456959255875393,0.0152141355182305,0.5437462866283465,404.39361805445697,0.0061613314619372,0.1056498687907174,0.0118022569444768,5790.559301086114,0.6624954826544112,9.74740906890577,external
266989,,5,1,0.7748417858897951,0.5964659876732491,8.392532378257783,14.07042908011598,13.152946437965904,16.278820596099706,14.317821063276352,17.69180601295413,752.125,10.902356396672772,0.690572434652698,579.164013076348,0.770036912848726,768.0,-683.0,26.300000000000068,410270502.0,5.581732356901618,435.25,2.211340358974077,301.0,232.50581190321185,-322.7682291666667,-324.5,-1034.0,1335.0,177.36696939652322,730.8942350384904,-0.1362158763468421,410270502.0,0.0233934190538194,75563.51138644747,1377.522774272441,36.30576835561909,369577.1204446877,-1901.2039044387093,401.2792166114441,165.2821524879541,0.4151674914505502,10.02764197869818,4.687659463270894,63.722150991088974,0.0016363207882988,9.46737425304068,-0.2738704093872022,0.9748115944482512,0.099668996114723,0.9619490644013456,0.1809239599521685,0.8706263476790211,0.1042361870480015,0.0055416800362201,6.164132950185289,141.64034227484953,17.412963372044903,0.0232647032481983,159.76220441551544,1283.8718290245763,1.0804690165706896,1419.778325681195,0.0037993103200151,0.0037236842746621,5.713623256739695,711.7499813326883,0.9508829741126014,0.9745592948717948,0.027471922972937,0.9809692592832276,1252.170096046969,0.003705393780005,12.637010676156583,0.022485784121275,163.55284570864094,1186.0729537366549,3.2526690391459074,5367.775800711744,0.0064087671298183,0.0046086114873779,378.1814946619217,0.6729208090069781,0.8454211700217763,971.3890951305272,0.0044072178263136,6.416861870822447,0.7317708333333334,1.3852154861260622,6.8216688255295646,326.75,0.4254557291666667,1.0520562065972223,17.966145833333332,159.41989474826389,1293.9166666666667,3.8125,6329.169270833333,0.006014815140788,0.0036530217876418,0.6697145824475622,785.5413891620016,0.0032859084507886,0.0559793227826537,0.009299943732034,9912.2421434864,0.5843322403735659,11.284561565558722,116.286531829834,461.0069610595704,1287260548.6874192,5.423706758621147,192.98717498779297,2.8723817268340683,782.9945678710938,107.04484531274647,287.84663159772754,283.39813232421875,11.863810539245604,771.1307573318481,76.7133785865001,1294.6507274564096,0.3496297716229467,1287260548.6874192,0.0261400010850694,17571.55958579757,593.8051176176463,23.645265699920984,292081.71794293995,1579.0832729019066,313.47345030499605,174.85905522501142,0.2843046256906518,10.334185855486654,4.730331750251695,67.40934668597593,0.0016042900463835,9.47424040830028,-0.244161196683405,0.9631745485912028,0.0932624423156747,0.9643141406033552,0.1744061457281378,0.8738423425120997,0.0978864471797727,0.005174392435673,6.03258015484728,122.08312638250187,19.56116366760932,0.0260679658761313,124.136598447748,734.8739185987987,1.0723419912057317,778.2589804587476,0.006379011880879,0.0059741873447481,5.542975434599414,717.3036489618918,0.955874057193731,0.9770633012820512,0.0247708920432137,0.9829413725778164,724.6260725703742,0.0058760127010148,14.005385996409336,0.0251443195626738,129.9268007310257,779.8563734290843,2.603231597845601,1681.2926391382405,0.0157947807832767,0.0060968269808626,339.05745062836627,0.6087207372143021,0.8085656985714693,653.7010951933137,0.0051556464069252,6.372635991933875,0.7252604166666666,0.7021005708318158,6.651426459870725,323.1171875,0.4207255045572917,0.5922783745659722,20.07552083333333,123.72216118706596,731.78125,3.140625,1981.3463541666667,0.0185302993182383,0.0059670958902193,0.6465928819444444,511.3242006655093,0.0040704932104907,0.1095064405767178,0.0083141121017469,8700.033166170133,0.6064684577735399,8.528574875657947,external
176989,,5,1,0.8598503523503306,0.6697099929759042,9.258313353317568,13.824361963269494,15.264337522473747,17.11724276862369,16.492422502470642,17.4928556845359,840.0416666666666,11.886882505135782,0.6793812021903521,633.7303166265652,0.7544034323216887,856.0,-933.0,165.5,522470461.0,6.067574130731234,630.5,2.103359478327433,492.0,334.3413098305529,-326.660046728972,-301.5,-1236.0,1728.0,255.2899353647276,781.2571203413843,-0.2441114320870176,522470461.0,0.0163387632107607,156975.99541308198,1991.6196705282457,43.05942449056661,2395688.2059312155,-12760.58804129683,993.3734851808308,443.9588591136397,0.3839387838294016,16.372998521455884,5.359216585396815,171.89203619834163,0.0011074563021396,9.957958953323676,-0.3586547566238715,0.9935077860664916,0.0676804993575515,0.94212252144857,0.1345514832560948,0.8444719091090183,0.0718152061632596,0.0040714044060587,6.756679478476173,359.3330860736177,13.740886740287776,0.0163282199315176,328.8209973241308,2136.5830292782,1.052598509048748,2253.245415854577,0.0035833773335036,0.0034484697734001,6.146772409037191,813.8957601498882,0.9670806465501436,0.9831056793673616,0.017809031736185,0.9873625440379764,2108.448322212518,0.0034157592184645,11.328488372093023,0.0164658261222282,307.89933747971884,2103.2936046511627,2.01453488372093,4379.290697674419,0.0062142173575392,0.0036798623124256,494.5581395348837,0.7188345051379124,0.871826929415177,1816.6135723184625,0.0033552769920226,6.650175168684847,0.8037383177570093,0.4665359653866954,6.966857778035214,443.7126168224299,0.5183558607738668,0.5593938335225783,13.985981308411215,330.978884618744,2138.0233644859813,2.630841121495327,5658.705607476635,0.0078699888319935,0.0034336821518731,0.7436279854620977,1559.1410611370716,0.0027967314562235,0.0462365330419605,0.0071377399893423,26247.70624813455,1.166440885216239,14.573023401589683,180.5327606201172,731.5287170410156,1842022391.562714,6.041737924823693,314.1516571044922,2.532631708226588,1075.0982666015625,169.22938925333443,452.2107002534599,439.7989654541016,25.71478080749512,1049.3834857940674,123.29932534595606,1466.9339853061424,0.2253992827932381,1842022391.562714,0.0172313084112149,42979.39931551707,1388.1595199378055,36.64384570197399,1546161.289219199,5373.199207816958,729.3313091881884,548.0138053484666,0.142454416911966,18.544738916000394,5.523552409132867,202.7689711452858,0.0010362554334303,10.028454529648894,-0.3452773669877378,0.9922456993827034,0.0551887340319247,0.9416898635118008,0.1178140386097851,0.8410686383566188,0.0580685422144707,0.0032485967714339,6.5997796148365016,319.3362786341635,14.5163639903093,0.0171914765820869,303.3616821248677,1636.001102218686,1.0415526186896524,1700.0084256933103,0.0093949818442619,0.0084375782702583,6.110926098041436,821.6761735101692,0.9730423135227072,0.9864306254493173,0.0137486506132283,0.989713716704786,1620.124063787099,0.0081983105370653,11.818565400843882,0.0166224548535075,308.6697288539942,1649.4036568213785,1.710267229254571,2786.9170182841067,0.0203044505271104,0.0068987064076423,513.8466947960619,0.7227098379691447,0.8749316299421785,1459.7769378027815,0.0051598254163605,6.674633607761066,0.830607476635514,0.2608002437089656,6.895198691126017,473.8247663551402,0.5535336055550704,0.3334734474626605,14.75,302.98125928028657,1634.7196261682243,2.163551401869159,3431.644859813084,0.040234351791809,0.0086375531989101,0.7669149143302181,1275.8400830737278,0.004686453809276,0.0670907182214202,0.0061425409922729,33601.88883981224,1.1971328888765824,13.447829429503022,external
1018465,,5,1,0.8507784111240317,0.8113915380253586,10.225557447923016,12.60249456484156,15.0,13.41640786499874,14.142135623730953,15.033296378372908,955.9166666666666,10.721930302075148,0.8412992229025565,557.8023323616707,0.5835261083026805,971.0,-333.0,116.0,919296626.0,4.6503286425491,146.5,4.676791873553456,282.0,127.38677040985702,-42.76622039134912,4.0,-697.0,979.0,73.95004712379229,973.0120487239072,-1.4042125256951004,919296626.0,0.0541374420501441,30455.93813803176,1089.314421932137,32.85768367889046,80399.01026747706,-1944.7980927788449,110.26625303414764,71.59940954759674,0.2077989728656089,5.867768810521259,4.017698936563386,37.04774452658582,0.0052929127928376,8.194254907349087,-0.1398872670929026,0.8408576089005515,0.1954254384933847,0.9711579133928536,0.2834149571841178,0.8971778961216621,0.1946437959779687,0.016221415828427,5.016216495062888,45.466415645436086,46.995827797636665,0.0516382830919983,67.3467408615498,1049.1981135450258,1.2158563493021086,1307.1839310806713,0.0036220670989742,0.003422752455432,5.009456764110842,806.596036324657,0.8862269119516589,0.9372573873088806,0.0773462870781657,0.9539570862033512,994.1197105054208,0.003379686753064,14.776805251641138,0.0323343659773329,100.0326839008087,909.2297592997812,30.921225382932167,37023.84245076586,0.0313080544868431,0.0058496917859384,263.6695842450766,0.5769575147594673,0.7861537279508143,663.3687596467058,0.0055713314726975,6.210581560421241,0.470648815653965,26.40676278076505,6.629276657163411,215.2904222451081,0.221720311271996,3.320296847506632,52.56745623069001,64.4923587328086,1058.3975283213183,10.244078269824923,12138.576725025749,0.0114963372636002,0.0032661563788279,0.4385474503620599,392.8864177445994,0.0026957599038284,0.0797897621870087,0.0064780211987514,4225.36757570793,0.302594284274042,5.953988572358135,46.89882659912109,540.7730712890625,1521326589.7761009,5.43452228195612,322.0785789489746,2.331153474717999,790.6954345703125,171.58759152625117,236.2432786841348,140.35401916503906,4.183300018310547,786.512134552002,136.16309291048472,1251.703921986866,0.7822702521151085,1521326589.7761009,0.0322079756820078,38465.264225603285,382.3678911608788,16.771856171196703,1265147.7712188368,16327.230144579731,640.3428790896941,236.85557803836912,0.4576407692826413,10.312889739954938,4.725789720324113,129.32325180978356,0.0033059996879489,9.018747693398298,-0.253323216707506,0.9622620097888824,0.161951967562423,0.957034800200256,0.2381656068647307,0.8827118476246185,0.168008373177642,0.0139257740864492,6.030501114674422,219.29961428201585,28.09153268925726,0.030436759639895,274.97248663273734,710.3945815957203,1.1653943886972975,746.2464884365111,0.0276520764862208,0.0222869305383204,5.717683022911544,838.4480636332847,0.9084190770390776,0.9504872058940028,0.0583894247032119,0.9634860716076116,701.7994851982136,0.0211048196486691,10.51127819548872,0.0197580417208434,271.365099779524,1021.4248120300751,19.54699248120301,2349.37030075188,0.7202479554202567,0.0164747458530194,315.3496240601504,0.5927624512408841,0.7973287699428214,892.774330876947,0.0123115530890029,6.729225785786667,0.5478887744593203,16.21568135564475,7.035954959096229,260.2790937178167,0.2680526196887916,2.377790104588154,31.273944387229665,272.08840090747015,686.3429454170957,7.609680741503604,1770.621009268795,0.2541245788781541,0.0227896034279918,0.5022599066231368,516.2777154238798,0.0085011416546564,0.2376921186238037,0.0053468991723318,13901.624377673044,1.033523998250571,13.379791251508712,external
472225,,5,1,0.700760670349741,0.4947305909631939,8.472905984846875,17.126302960871946,19.92485884517128,19.4164878389476,14.212670403551895,20.32240143290157,960.2083333333334,12.001439543473378,0.6235328866935579,754.8634670823114,0.7861455070503569,978.0,-423.6,153.0,816892751.0,5.302951296952884,323.5,2.8617712611031227,358.0,182.9708578502097,-114.3486707566462,-93.5,-846.0,1204.0,131.68867789462723,913.9303373639548,-0.5620684452442929,816892751.0,0.0290229632696417,50890.38456367279,1291.573209254308,35.43143955745157,239953.9356565137,-2876.26149626845,279.6259898969228,135.13828591370404,0.349631802653717,8.543561724253665,4.475228114441516,59.433605948682505,0.0018646416265399,9.366779122618455,-0.2172268394044973,0.945173224583474,0.1292193380165193,0.9632879839019878,0.2139144542770876,0.8788477627651973,0.1344907109820697,0.006690414460135,5.926030633532846,103.69106895265668,27.172826900344774,0.0287872855634362,107.893230259475,1275.3236798119897,1.1139899571716545,1439.041477133414,0.003094441747319,0.0029373076584536,5.491066449885125,881.8396421242799,0.9337277177486218,0.9651565203712444,0.039460273986235,0.9738897359088016,1238.349667465064,0.0028996251718814,16.521035598705502,0.0267330673118212,113.9497910579068,1215.1585760517798,4.067961165048544,5794.122977346278,0.007483486736807,0.0036744356701485,322.3398058252427,0.5215854463191629,0.750392629498761,896.5793352422927,0.003218083782628,6.545164233323842,0.6319018404907976,1.5635780940710715,6.896522815432148,321.44785276073617,0.3286787860539225,1.1056703509938484,28.38445807770961,107.31606592478286,1280.6237218813906,4.738241308793456,6774.936605316973,0.0076212308520497,0.0028836074398605,0.543430319639785,659.1388792030104,0.0021539030221462,0.0703569088906047,0.0075317261808039,6573.96302457033,0.4394122724872839,7.1561410680490285,99.9307472229004,452.0535675048829,1560006459.7403755,5.358362747089567,166.64216232299805,3.557458262478441,776.697021484375,105.08958611596084,255.93177889802465,232.16876220703125,24.74873733520508,751.9482841491699,71.89405779946136,1262.9721412570375,0.8393891315427686,1560006459.7403755,0.028713496514317,17733.99634542953,400.6434578666788,18.94484468548336,385211.304685401,4547.843599598172,328.08288824351405,161.42675977924785,0.3387937957454431,9.502069135871738,4.629903621103479,68.64354604803893,0.0016682948466345,9.49935730355178,-0.2161657642878597,0.9473772816692452,0.1177378032298836,0.9656713782754384,0.1995094541668124,0.8808598972963856,0.1189019681203754,0.0058079976163938,6.023400177517714,122.37741200569047,26.88494962077832,0.0284226022298388,126.51993080237376,531.2656857203982,1.10449155325679,567.0136199580577,0.0164935600785822,0.0145272213460103,5.543691754668298,886.1975133680081,0.936681117614194,0.9672015101462952,0.0352010138674043,0.975239258107918,522.5685761249833,0.0141403131400451,16.648902821316614,0.0260954589675809,136.57374878391525,612.2648902821317,4.322884012539185,1538.653605015674,0.0756476519245932,0.0127118397190696,374.9341692789969,0.5876711117225656,0.7944433386084997,519.943434807568,0.0091824325202765,6.465412105720295,0.6523517382413088,1.9730545100775343,6.901104683112269,337.3885480572597,0.3449780654982206,1.1357848118734866,28.08179959100205,125.46109396498008,525.1748466257669,4.568507157464213,1668.0848670756643,0.0741388292004049,0.0146225031427995,0.581144892858302,364.1999443945949,0.0072230540373584,0.1599121774041201,0.0069126192615251,9363.62732635493,0.5002766672729755,9.488489425458685,external
56761,,5,1,0.7609046707752221,0.5728883991156467,14.400797202242073,25.137177196243137,27.29468812791236,28.653097563788805,25.079872407968907,30.23243291566195,4134.0,19.126995538725804,0.6294084114846715,1979.088567794146,0.4787345350251925,4170.0,-147.0,107.09999999999992,4096208577.0,4.307035951414444,113.0,9.3156653752878,339.0,86.43859703604022,-17.293764988009592,0.0,-794.0,1133.0,48.62922193053552,991.1126147456272,-1.8955791122347607,4096208577.0,0.0681955730379725,16592.670776472347,1389.052654647605,37.23460221504731,31070.595712628856,-736.3484089436921,56.226544482108494,45.68992394446072,0.10075045550433,4.773727675869875,3.74481589409428,22.7495553051244,0.0059743432694202,8.090947189350839,-0.047327562999178,0.5654638917112049,0.2101488968553881,0.9853020747349586,0.3014629508154839,0.9227337215661656,0.2163152502501588,0.0155792537696727,4.706675203051161,25.479117106642285,255.27195789296883,0.0656123500714807,36.91834845988665,1378.0259487265969,1.2303488534088391,1709.7659168222958,0.0018530223106796,0.0016881606625876,4.7063179486401605,3412.7972448034384,0.8770986708303798,0.9330012912746726,0.081376578574521,0.95010680150824,1306.301175495938,0.0016522688121113,67.90012180267966,0.0413520839236782,70.15040813541015,1295.4488428745433,125.76979293544458,184851.2320341048,0.0882867618174602,0.0030076231050135,890.7125456760049,0.5424558743459226,0.7640991810834051,960.7147929541716,0.0028170812388707,6.263172152375216,0.3937649880095923,119.32029653982472,6.463929959655021,838.5971223021583,0.2011024274105895,2.711356325011933,284.37553956834535,35.046445088533495,1382.112470023981,10.229736211031176,14662.105755395683,0.0081843808524603,0.0016230667703822,0.3777034898913824,488.28031621588593,0.0011666121360125,0.2344818764913173,0.0015403543835412,4638.082882959847,0.1048230535322429,2.2481247332173004,42.01071166992188,454.74197387695295,5819704917.452898,4.949984968989096,134.71556758880615,5.132749743711572,941.6015625,127.84821831829026,169.13811485675885,97.63964080810548,3.316624879837036,938.284937620163,73.38735869436078,1181.3605250035512,1.725559518592264,5819704917.452898,0.0509452581819436,28728.75842585033,223.0931350793687,12.451766100922889,1297216.982911531,18142.09482097784,433.92486689712007,162.15304218460602,0.4486131884393626,7.7232636181571985,4.3265163278690215,101.62270576333567,0.004864965791596,8.816746339388772,-0.1113333508178393,0.7988148896712588,0.1964656410770186,0.9784761681012356,0.27923883644397,0.9218461716780968,0.2028671595262434,0.0145641488813791,5.510307266718063,149.0194772704316,187.54153398733536,0.0479969746750513,210.6148320278128,440.9924685026752,1.2149078400315163,461.0489339893807,0.0354635983592674,0.0286139226306681,5.340975693273344,3456.754631891386,0.8846483506253592,0.9370042427596385,0.0758310506358432,0.9533483304979185,436.3049516443471,0.0271353178915552,43.851155292853306,0.0235632215437148,280.0334078186804,792.4803868887694,114.21708758731864,5211.747447608813,3.782619517609668,0.0239302857997386,1113.6738312735088,0.5984276363640564,0.8001764763416958,727.3648960301244,0.0172298269932066,6.840371015630899,0.4462829736211031,109.19621311452217,6.948870273389236,901.4920863309352,0.2161851525973465,2.96144206936609,212.44172661870505,202.84065329031736,419.27625899280577,9.919904076738607,1093.332374100719,0.3071279001748065,0.0288147153575567,0.4268740137385416,337.40029543943103,0.010085243727773,1.0671615510013264,0.0012359397897964,15574.389039488588,0.4854218442548494,6.3849985826988505,external
6138104,,1,0,0.7854196248914722,0.7043771766358023,11.797861387955084,16.7493521642811,20.591260281974,18.68154169226941,17.0,20.688160865577203,1797.5,13.15526989404483,0.7965502677719482,897.5325393938793,0.4993226922914489,1816.0,-348.0,27.0,1506187760.0,4.227643136802752,191.25,4.3485011408755865,231.0,126.84339764986706,-103.45925110132158,-29.5,-726.0,957.0,85.1807374808194,910.7132074673708,-1.4197687974262023,1506187760.0,0.085489481651109,25613.23181970347,993.6044246068996,31.15334615248946,82496.70966158665,-2212.5662984552378,123.57042429160572,31.485765525159813,0.5881288738181164,3.491272518077957,3.3314035907441424,18.899184024397776,0.0243831230983307,7.060014206521113,-0.1832317678962526,0.8608133809735402,0.3943402383585943,0.9857701983882544,0.4525212311653239,0.9346397824094994,0.3136934669604047,0.0877006130745934,4.835668519157812,38.76404745419136,94.90661277879704,0.0641905215084646,58.41551894671943,881.276883227819,1.942353636781112,2019.2106337615755,0.004050143171987,0.0031832078555734,5.119123285226854,1080.7701847500898,0.7310919874495287,0.8131565570992886,0.4250798048473241,0.877875238846754,737.1931422910002,0.003058862921055,23.225969645868464,0.0391668965360345,58.33257594931309,602.64586846543,374.8634064080944,457441.6863406408,0.3153122579328545,0.0057272543781835,313.9241146711636,0.5293829927001072,0.7557529139879635,416.7806003182913,0.0048680043582192,6.049015993732676,0.3265418502202643,365.4851456992626,6.943856237161224,203.62224669603523,0.1121267878282132,27.83554284965747,155.2488986784141,54.076974858817366,940.319383259912,62.15088105726872,76139.68171806168,0.0544718547383182,0.0027656656980881,0.295976085589805,179.32189988285748,0.0017109703385536,0.1238297082217647,0.0045377054855239,1800.0117469014394,0.1666852647207234,4.887255885301405,13.896935939788818,319.7577362060547,2391753035.470105,4.795881476081036,212.8202834129333,2.151203370909297,463.3818664550781,105.3561041614577,141.24514316160247,108.62948608398438,1.5811388492584229,461.8007276058197,85.08270082738538,1147.6256458689938,0.6103671162767624,2391753035.470105,0.0514631324108754,14604.146266278636,168.5494377945633,10.500895565631431,224745.0532803193,3949.505789201996,296.0561914907778,63.57651015957755,0.6415358538576459,5.318116844803216,3.882656798336694,33.917331732542635,0.0127254232847922,8.322267922341062,-0.184159705537618,0.8958108872328927,0.2934376181970913,0.9648820960276951,0.361767662998134,0.8935745652010261,0.2420263289244777,0.077265004084201,5.538007811331775,89.90817541258886,61.62804612324621,0.0390698050853783,101.39008946425956,285.1724719999401,1.5902305885531176,316.8305443018811,0.3109859997495488,0.0985231768747631,5.427210206226811,1266.3580591871903,0.8029097324999219,0.8680532023043035,0.2609733617646368,0.9144611944944068,277.9700800229913,0.071362573877271,24.22091503267973,0.0316613268401042,77.07596907172456,392.70718954248366,149.79607843137254,1986.237908496732,52.05214378404173,0.0128542183265486,378.4797385620915,0.4947447562903156,0.7305201339844257,291.9163501628343,0.0079853790869822,6.366084679224841,0.4212555066079295,144.16088512965098,7.222296805281573,297.4647577092511,0.1638021793553145,21.48967935531448,93.4570484581498,103.308442818607,256.16299559471366,41.12004405286344,1241.477973568282,16.47054100044982,0.130903883177075,0.3653743721658173,140.73803177277514,0.0069541747648452,0.9271300231524684,0.0042694381073065,2145.542957456922,0.4882210810608975,3.5360040709725817,external
228642,,5,1,0.8595841873463677,0.0,0.0,12.545418874893834,14.142135623730953,15.620499351813308,13.601470508735444,16.24807680927192,854.1666666666666,10.783843688495397,0.7127879285290817,610.7810224517546,0.7150607092118102,960.0,-472.0,59.0,73621875.0,4.713797435945266,290.75,3.7778940157984175,118.0,183.27560763888889,-154.55208333333334,-62.5,-844.0,962.0,124.21225761772853,875.725145950486,-1.2213899693539447,736218750.0,0.0479600694444444,52112.35145399304,1237.6618645699614,34.67941805733847,201072.3582138692,-4365.247295423043,223.40317475619176,83.95485023534447,0.4474027622825041,6.537278562259307,3.861357732615161,41.08802828132355,0.0108632059738694,6.748454979845669,-0.485630682582629,0.9933388291691444,0.1632789268777904,0.9650981711690304,0.2516873370286021,0.8846489403352062,0.1922145584680455,0.0270854728284124,4.818995177964282,76.8395062478841,4.217075716045968,0.0457017995048608,111.72589148685284,1140.2792535267936,1.1448393140040738,1380.865537065909,0.0157518383024486,0.0156633834800413,4.860794854697649,86.90319674604571,0.9416474571729068,0.9609375,0.0608822005749563,0.9759670043279884,1100.8586474984145,0.0156484355527077,3.409638554216868,0.0410799825809261,115.07185367977937,1085.8072289156626,1.7590361445783131,2359.265060240964,0.0177923534301164,0.0173341894503401,69.8433734939759,0.8414864276382639,0.9307228915662652,976.6663319946454,0.0172891014402136,5.129759353801234,0.8645833333333334,0.4212512701408042,5.312950688862238,62.1875,0.6477864583333334,0.4856770833333333,4.604166666666667,110.32454427083334,1160.4895833333333,2.208333333333333,3183.90625,0.0158024493864249,0.0150710525936811,0.8321035879629629,888.4823495370371,0.0149652695735561,0.0143272665811029,0.0549258188129102,2942.340944159918,0.9517069295912268,42.86809349050382,37.65396499633789,356.12811279296875,135704355.28183943,4.990870641585743,195.6197967529297,2.193965552143467,467.8160705566406,106.60387255996466,182.5129176676273,152.5937271118164,11.10281467437744,456.7132558822632,83.43886569332217,1188.9436631673627,0.5145613163673349,1357043552.8183942,0.0358072916666666,15250.23373502246,242.66401583226352,13.931509413778349,220751.44751882929,3312.4476535828544,294.31421396992334,100.78459563543,0.4836923342687923,7.328686350021395,4.070230828610203,46.50818586684522,0.008356063880178,7.011954458205898,-0.5596276682544625,0.997830475644318,0.1585076644343184,0.948886586607794,0.2433447740006425,0.860565215284657,0.1710917851534025,0.0206049422336328,5.083566396827051,98.77470240133832,3.1661460985978445,0.034490944164349,107.05865484391032,369.6248843663275,1.140163602157802,387.9054142543837,0.038796225946779,0.0322171583234653,5.142673007557397,83.72047053809933,0.9117673483005484,0.9557291666666669,0.0441163258497257,0.9649590994605496,365.05475189431337,0.0305723914176369,2.654320987654321,0.0327693949093126,103.64090839811004,398.1234567901234,1.7037037037037035,483.61728395061726,0.0648958457184166,0.0303684844982357,62.80246913580247,0.7753391251333638,0.8999485596707818,378.6498628257888,0.0261939725349067,5.267086385729288,0.84375,0.299039780521262,5.359454787265468,56.04166666666666,0.5837673611111112,0.4370659722222222,3.4375,107.92350260416669,358.9479166666667,2.270833333333333,504.4479166666667,0.0944363425556421,0.0328742561447351,0.7926070601851851,325.125,0.0236172905155166,0.0464653327084258,0.0594582837171749,2913.7002006584407,0.9002868986676019,33.89233435711544,external
6031297,,1,0,0.6613673576902059,0.5506977664879658,8.706393992009588,15.809749960552718,16.55294535724685,18.027756377319943,13.038404810405298,18.138357147217054,930.2083333333334,10.45605255715359,0.74992535672551,614.4967213220154,0.6606011785768587,945.0,-570.6,-34.0,494503826.0,4.975515638505286,328.0,1.8373763704988768,33.0,165.8283093978332,-302.7047619047619,-297.0,-701.0,734.0,132.25372282287088,723.3840418185018,-0.0224018349980036,494503826.0,0.0329139721732314,37063.82288737718,515.7803709246081,21.385185234959685,136445.23781808346,-909.5102889998828,262.936487713134,29.96766403055397,0.7941221835005146,4.125889955965556,3.421277606994904,12.319612036493908,0.003593211854796,8.525482114243406,-0.2654759754729539,0.9577749739652645,0.2280625557356444,0.9777887384350764,0.3198991044717492,0.9012855721483888,0.2236778175713686,0.0142282701397463,5.824484680444911,73.22603793592202,28.79603390917583,0.0329201060885368,75.97242847355113,448.93761703748265,1.2799225039938378,627.4023760830925,0.0099221102583697,0.0084490985261518,5.304650408381578,764.7149369221335,0.870774254639928,0.9257631257631258,0.1039805404893712,0.9458675977016496,416.275513534753,0.0081418309643672,13.529411764705882,0.0361748977665932,57.76564957533815,352.7967914438503,20.71390374331551,13639.708556149732,0.1193558460092911,0.0113917471386471,148.93048128342247,0.3982098430038033,0.6561100541742927,211.6377200947113,0.0087146413992803,6.408959015791547,0.3957671957671957,14.32949898481512,7.131724717831571,181.368253968254,0.1919240782732846,3.542212144116906,31.103703703703705,78.28587105624143,462.1555555555556,12.128042328042328,8379.226455026455,0.0613934308479899,0.0082199304653529,0.3398925031501791,119.09395224650932,0.004005421890524,0.1477360846517763,0.0148626126882366,908.8526833704278,0.3091420680065974,5.742576627623101,58.82085037231445,250.99468688964845,1232462120.1705482,4.4523275263894,80.94065856933594,3.2508584274382626,366.66400146484375,55.21099761732221,139.823985665942,124.76979064941406,6.78233003616333,359.8816714286804,36.66515124956613,1142.0125742552898,0.8099241719324312,1232462120.1705482,0.0561496038744715,4994.001457800485,156.77304426853482,11.670640815668031,40164.47264275093,897.0242199278831,106.28566097237407,24.23084153544856,0.6220520322093838,3.39379376021409,3.233088316379079,12.15121719877114,0.0074062760496429,7.810567153634834,-0.2114475611711957,0.908061833854822,0.296613464914077,0.9778542705100168,0.3780242161109206,0.9095566333677424,0.2999431386795593,0.030474324331521,5.213971036501031,32.629125626955656,45.76310045973726,0.0536275811070504,36.28744096231693,190.85632818497467,1.3788881973474325,241.1070772662464,0.0293151018572638,0.0205789436482926,4.912461193748258,715.5618406324986,0.8365192530717265,0.902971102971103,0.145988314340546,0.9307598377959128,181.2290404188212,0.018876930655387,12.48951048951049,0.0436696170961905,40.947919213653485,264.27272727272725,44.98951048951049,5122.038461538462,0.7774854209342621,0.0150291458465894,96.8111888111888,0.3385006601789818,0.5999532007484428,164.19081206723618,0.0064691297244712,6.30587043662684,0.3026455026455026,34.07180057704533,6.907938997227436,151.63915343915343,0.1604647126340248,5.504508832339521,53.06137566137566,35.23656560566613,185.3703703703704,17.914285714285715,2247.2624338624337,0.3730596532959104,0.0208973579010104,0.2595379335161427,64.4819618429379,0.0034707595920712,0.2470104897071556,0.0132230594681634,692.0063050446472,0.1489765659385851,4.314243388439281,external
286233,,5,1,0.8202667044688933,0.4358825410226303,14.260278355731106,32.71587414874398,37.73592452822641,40.311288741492746,38.3275357934736,41.80908992073375,7444.166666666667,26.83574227180928,0.5353648957783544,3443.85580348812,0.4626247581087813,7491.0,-374.0,14.0,6013876061.0,4.306903042164029,187.0,5.709571834406554,126.0,132.92949729503198,-120.6617274062208,-41.0,-1052.0,1178.0,85.72505663825507,895.998614780119,-1.68199966308,6013876061.0,0.0824781666090796,29577.7200396806,2053.92264581455,45.01481730464968,170342.50323433586,-3654.109917973515,157.96532057462267,47.97361450517894,0.5303964655741797,4.276151901882852,3.599097711686042,29.489215101274656,0.0170295880675113,7.721634644632184,-0.1014320888243685,0.7411948591739091,0.3310755153868718,0.9856886672295482,0.3972552714330384,0.9345502191863024,0.3095102754057418,0.0611554585541157,4.904985310230344,51.48473376995044,441.3330287873005,0.068003156194148,67.21309671673461,1942.41368913508,1.575671694039643,3296.399900982808,0.0011339395378165,0.000880727563344,5.0380690812098825,5121.863729636597,0.7890692245505146,0.8659519628682625,0.2400872467170247,0.9082836472817232,1729.407389788981,0.0008392758303876,90.33458929917106,0.0340371474375173,84.11010395649114,1537.5467219291636,1246.3726450640545,2997613.9717407688,0.5198477561368182,0.0014332826358596,1520.326299924642,0.5728433684719827,0.7850729245427157,1157.3234919817185,0.001271492579777,6.3131225486108695,0.3542918168468829,1238.4059580198862,6.982302144023965,1000.0460552663196,0.1334996736438819,14.6721559218635,617.8439460686157,62.41788299298722,1995.7990922440265,34.78961420371112,82495.55186223469,0.0152242067554689,0.000822131439161,0.3306437117162236,515.6328449718242,0.0004823602631502,0.3193392433670116,0.0008820089858684,4556.3357940208325,0.1465841249653755,2.303417379532276,17.514280319213867,349.69415283203125,10018233926.032875,4.934103642256374,204.7834415435791,3.098280817463586,668.4055786132812,112.76745016685425,148.57332102745718,106.51408386230467,1.8708287477493288,666.5347498655319,85.88693843486149,1156.4468715471123,0.9546201678024044,10018233926.032875,0.0496771803644015,18148.692935061044,192.680485611626,11.31588306168234,411902.4457425447,6404.615676019199,353.07573361613447,95.2080613406419,0.5734634695253157,6.342004872004155,4.135206390251022,54.50794906068323,0.0102222429591646,8.85036050324979,-0.1265399658541532,0.8293061001595927,0.2715532925335304,0.974570710997084,0.3384427482741141,0.9104466024586948,0.2457937011228628,0.0584731493473754,5.655947586901765,112.07094873919412,262.54886157536487,0.0395086828607624,130.04514623422708,327.6077319682421,1.4792528560195264,349.6012533971838,0.1808385018393372,0.0822250719641729,5.538517117927479,5483.016335950833,0.8250764686127746,0.8869720587782262,0.2076986910803657,0.9254342727905664,322.56026711097445,0.0679639843425922,88.11883882673118,0.0266461562826523,117.88652727274224,518.2373752645902,528.621409132144,4608.221651043242,109.70668528132258,0.0194326908020579,1893.2763834290893,0.5725057101388237,0.7849793836768538,441.4147069686053,0.0132236287979817,6.587184202810393,0.4414630890401815,523.4903005591771,7.262845588631907,1322.9431317581098,0.1766043427790828,14.728991516558626,372.13175810973166,128.22664702203673,296.7826725403818,30.24255773594981,996.2703243892672,6.587725181521428,0.0954979181081481,0.4008489384554408,208.9853238540234,0.0099671262286281,2.3208078803068206,0.0009270736739375,6478.944841536316,0.402380205794951,1.918630355664007,external
512959,,5,1,0.8579020585678381,0.7006905812823189,12.720213997799856,18.15382472320502,23.323807579381203,21.18962010041709,18.027756377319943,23.515952032609693,2326.2916666666665,15.5742036009173,0.7166730758450376,1184.6929718420013,0.5092624406549772,2350.0,-622.0,71.0,1582861370.0,5.407126966258947,402.75,2.428277173168834,214.0,219.5494287007696,-222.0034042553192,-164.0,-947.0,1161.0,165.62429083417584,820.705811961408,-0.6343077819869702,1582861370.0,0.0268874603893164,68279.32679692168,1416.1134135103612,36.34045206497692,555624.4817886379,-7589.863095255734,435.2636712001,54.545316436109815,0.7740054960549752,5.419476689503461,3.874565413763569,24.637530665315303,0.0021182577716657,9.454851417797371,-0.2041865269084503,0.9325432815141116,0.1847030211916295,0.982834032665568,0.276288458093673,0.9145138123660298,0.1907218022213394,0.0077779004773953,6.1485904207083895,122.4522469090524,58.33935692578211,0.0263198755983671,144.10434533689522,1300.8717187201075,1.1911057366060196,1618.217081325894,0.0030961875778081,0.0027991194172575,5.71586484014867,1982.981119616633,0.8942202893828922,0.9432078559738132,0.0661977425041619,0.9574096091399356,1231.281814791758,0.0027294877022437,26.422060164083867,0.0240857430848531,135.8353111868035,1051.7666362807656,28.19325432999089,55085.20419325433,0.0243689552359839,0.0038677274575617,515.9735642661805,0.4703496483739111,0.7130968146052965,707.3282213784435,0.0031661850854881,6.937375736841501,0.4668085106382978,23.6042077132546,7.433500954837048,548.4391489361702,0.2333783612494341,2.270728836577637,63.185531914893616,143.89116541421456,1320.7314893617022,8.404255319148936,14345.124680851064,0.0129535029763982,0.0027301607974934,0.4125362661453812,440.7409828749104,0.0016409300142936,0.0962026924374424,0.0053713621541167,3833.377607477653,0.346457432986117,5.7770488829192645,55.23176612854004,355.8405334472656,3293318708.75322,5.045575424056286,119.893949508667,5.436315652076018,754.1531372070312,89.75384839782784,177.3860342350412,149.03439331054688,8.958236694335938,745.1949005126953,54.36539338912075,1183.812576589188,1.527877990849251,3293318708.75322,0.0382627433227704,15174.34287901416,246.97005053436465,13.954696824364014,468894.81579132384,7012.252509718395,281.2816604535826,72.85682703078221,0.5817254178590797,5.2968952506636775,3.8323489977609952,43.89660277620392,0.0033558813176411,8.871140393323275,-0.1884145100576442,0.9102315351021876,0.2355461754832431,0.9845125386098884,0.3201204503314413,0.9305854464928432,0.2432649807425601,0.0094836286019728,5.77197001791133,88.5346218710912,80.87078839647486,0.0372446068020947,110.9111834881094,359.6771360507907,1.2718298413469993,401.1656161755383,0.0239221825316047,0.017490281536146,5.454033218423273,1877.2472374155964,0.8641257746747129,0.923960720130933,0.0993135467491691,0.944141397762405,350.6622442213189,0.016147727634526,25.39250275633958,0.0279961441635497,143.0220106023347,595.2524807056229,48.6747519294377,4721.226019845645,1.3554747621442844,0.0115978135423062,427.5887541345094,0.4714319229707931,0.7134743986473603,485.62070326498485,0.0069153870700135,6.848746605947498,0.3859574468085106,41.96168232137886,7.313298570582553,431.1387234042553,0.1834632865550022,3.5398975101856047,89.91744680851063,107.2933591670439,344.1651063829787,12.402553191489362,1819.8451063829789,0.3131429937339393,0.0179767087640774,0.3489310907732571,206.68404768294897,0.0041291246962633,0.2915890893528052,0.0044276247047141,5606.564371518379,0.2227258613801588,9.010685226840012,external
5053045,,1,0,0.6512291923383001,0.5793564981917254,6.662389309811127,11.49963680498213,11.6619037896906,11.6619037896906,8.06225774829855,12.328828005937952,380.3333333333333,7.488899188692303,0.8513363189847879,298.18964387310626,0.7840218506742497,390.0,-598.0,-179.79999999999995,149565240.0,4.680613757719331,249.5,1.9879884484181207,-81.0,129.6452859960552,-399.7230769230769,-405.5,-702.0,621.0,100.93272361665424,619.2742650753504,0.154107242291172,149565240.0,0.0427350427350427,23168.231005917165,314.4900197822581,16.979804133334145,44492.95279693314,9.499471465974883,143.76568707704448,39.99913926330929,0.5629831470819805,5.001253984195184,3.615932271899147,13.842810060028588,0.0043432044193647,8.093486348312572,-0.2521439857623787,0.9477419372450212,0.1840831458457569,0.9603442597277668,0.2772078413552386,0.8669319202739267,0.1902550498113426,0.0128793731853783,5.428136782744618,45.94120658508844,15.769698020234635,0.0426139904178712,48.681086792307454,273.47773758748644,1.1747428242064428,337.05392197467154,0.016899522815749,0.0157737435416073,4.911702735684641,335.2899426072021,0.9052579310374766,0.9487179487179488,0.0614233230007754,0.9618810890324428,259.3711601024658,0.0155289010910979,8.130434782608695,0.0441871455576559,42.97483459357279,215.09782608695653,8.706521739130435,3366.961956521739,0.0644448298617057,0.0241832174407263,68.26086956521739,0.3709829867674858,0.6259876916728184,119.94252980041657,0.0202500466214935,5.96898288340648,0.4717948717948718,4.213965028355388,6.287277594419012,104.31282051282052,0.2674687705456936,1.4786324786324787,16.666666666666668,49.04421433267587,278.29487179487177,6.923076923076923,2655.1153846153848,0.0476247375235673,0.0152890870757375,0.3876067939996511,83.19101191929764,0.010380688987205,0.1551582601499266,0.0192790394186761,1073.228012898608,0.3620970901787157,5.944235683259627,94.19217224121094,267.5069946289063,540650832.0888395,4.474277891683755,100.22567558288574,2.506581528453221,339.9944763183594,54.82625461916952,175.46910325563871,169.45108795166016,14.568801879882812,325.42567443847656,39.42668435230292,1177.4057010407153,0.2435167626524797,540650832.0888395,0.0512689020381328,4556.572134562908,197.61156315436625,13.529403259118167,22034.01611576309,191.33328134198075,91.46829327473073,33.6498762282452,0.4591787979135254,4.413476383254085,3.514629928887687,13.032446975360015,0.0055849285674948,7.845804799956557,-0.2346474691096162,0.9299405781287918,0.2297954256134288,0.9621409965769212,0.3172123556287384,0.8745202479348261,0.2277689219837439,0.0178425807328878,5.124553234506105,31.27954237574398,18.33116934513836,0.0506306710448052,32.61424997058038,239.26578644733607,1.2747374064687154,290.90603472545723,0.0179159984757526,0.015226273347235,4.794080470712541,317.58752084334225,0.8756445880539819,0.9280078895463512,0.1070228690712084,0.9486023829674808,229.68591041980625,0.0146849184844175,6.161764705882353,0.0453070934256055,40.52113970588236,292.5367647058824,17.308823529411764,3191.3970588235293,0.1789199330903693,0.024663435809888,38.294117647058826,0.2815743944636678,0.532369509959565,169.92748959615645,0.0203891172729025,5.978139154186945,0.3487179487179487,9.085423875432523,6.347719620799929,84.38461538461539,0.2163708086785009,2.2963839579224192,19.994871794871795,32.18553583168968,235.43076923076924,10.543589743589743,1839.589743589744,0.1164472870671286,0.0148537742387693,0.2812297957407084,81.61263483705447,0.0079647641557662,0.132791874229921,0.0246717632115561,725.0348737458072,0.2201979778794302,5.413283970850053,external
6002440,,1,0,0.6668230213412025,0.5881608338542589,10.734322533743564,18.2506585203928,21.18962010041709,21.18962010041709,13.92838827718412,21.283796653792763,1561.375,12.169959256034888,0.7521318183454625,865.3563346410909,0.5542270976806283,1580.0,-601.0,15.0,914737755.0,5.2651900955720485,375.25,1.999531044274837,135.0,193.79568578753407,-273.8132911392405,-256.5,-812.0,947.0,151.46440381442963,760.8862899294031,-0.2508609174326277,914737755.0,0.0275020028841531,51600.81007651017,859.0178459884737,27.9035104131958,290917.7115708987,-3027.863238376713,357.73447258251133,37.23377971904419,0.8094859999264968,4.649965668951185,3.607219110518314,14.87155388696498,0.0023584371510732,9.123829512761846,-0.235990922104591,0.9482580010473676,0.1968756589428935,0.9828146188558898,0.2913274154717996,0.911574255880192,0.205031644462495,0.008587009174106,6.078510761856636,98.74206307538888,40.6660420550426,0.0273428830181987,107.6540618273352,765.113899615272,1.2021796733463102,978.7551392652808,0.006025618348964,0.005480107100093,5.556331984642787,1329.1609621247217,0.8926671192430873,0.941333982473223,0.0713059092836182,0.9564223117811784,720.1702480142468,0.005356153465254,21.263736263736263,0.0292084289337036,89.36869792295617,593.5192307692307,16.994505494505493,21145.159340659346,0.032918983147518,0.0080693823550938,300.86538461538464,0.4132766272189349,0.6667867413057991,354.8338497116984,0.0067607450285744,6.740624094055734,0.4607594936708861,12.2841746165922,7.216997006329256,369.6316455696203,0.2339440794744432,2.479738823906425,43.45316455696202,109.07811087966672,781.7253164556962,8.856962025316456,9959.225316455697,0.0237195254875638,0.0053190147906392,0.390188757969198,230.6190073819729,0.0033872453208754,0.1110033493108331,0.0094359341688494,1811.4887389983496,0.3003508147700912,5.953436963065246,60.633094787597656,280.87064514160164,2125097226.1678755,4.722743304831095,114.40015983581544,3.0317379428737814,433.0280151367188,69.21751793514056,156.60897335100776,135.08792114257812,5.220153331756592,427.80786180496216,49.0065261499371,1159.7405935855,0.7661180746906813,2125097226.1678755,0.0449983976926774,7253.927173975593,193.01289213793584,12.727639892633592,74360.47001054209,1406.9377137044034,154.72740517375104,31.045567981781986,0.6582410152263273,3.7921497482858615,3.4091213876974624,15.902264235382672,0.0050579802848509,8.336368326246532,-0.1986175502338223,0.90285246081906,0.2888149626557762,0.979842957429126,0.3681213668041701,0.914826304562792,0.2913121098080478,0.018388090778776,5.500670734298639,46.44324328888324,61.9821699873978,0.0435471939677291,52.22686220787118,247.0878892301573,1.3766196959433992,304.24660891567913,0.0255638669249514,0.0171709001130707,5.20410845065814,1181.379271025308,0.8288341465248151,0.9008276533592988,0.1404603636838032,0.9277052001405816,235.83005316516693,0.0155342048366883,18.6480686695279,0.0400173147414761,51.1387021311868,371.2875536480687,67.96995708154506,6838.800429184549,1.5415557639522628,0.0110353110875057,175.1845493562232,0.3759325093481184,0.6371417728548698,254.1380944335789,0.0059020103866051,6.477234513105262,0.2949367088607595,56.474073937630095,7.253706510262631,237.76835443037976,0.1504863002723922,5.146372376221759,71.09746835443038,51.30774675532768,237.6993670886076,17.951898734177217,2433.836075949367,0.4258956038968117,0.0176980427857804,0.2635687918198018,93.6110370806445,0.0030522734105123,0.3195598778651507,0.0083443036372651,1138.9151614780906,0.171266168530191,4.085043269291614,external
5022486,,1,0,0.7635269154461126,0.5338221305971216,8.289281319429941,15.52817098488917,16.15549442140351,18.027756377319943,14.317821063276352,18.708286933869708,984.1666666666666,11.856176494612257,0.7564136141340843,632.5631503951874,0.6427398649231372,1000.0,-481.0,-24.0,600367163.0,4.8915154811691375,283.25,2.034730491307229,77.0,145.91922,-244.237,-233.0,-650.0,727.0,113.90476427385404,774.8336356922046,-0.2327688834939334,600367163.0,0.035916,29189.45083100001,480.7201455932169,21.00029473892666,80146.64877287792,-957.8602613247888,188.04179826565283,30.132171810668183,0.7201975642409566,4.175179034056245,3.488018169070948,12.134204812607887,0.0034488886653899,8.555191087680226,-0.2105814460511501,0.9230467326480564,0.2267307829144267,0.9761319325185585,0.3177962577504974,0.8976993261647401,0.2283951850504367,0.0115320943155695,5.661935112347895,54.543492519080246,33.210426808671734,0.0357394980029638,61.18501152295076,420.8724246237371,1.248681698977595,572.1321139163572,0.012742232900315,0.0118068517650128,5.230830044785401,811.9314763704963,0.8733758676806982,0.9292307692307692,0.0895427354133372,0.9481761633206508,390.04977386988463,0.0115978109715746,15.591836734693878,0.0397750937109537,48.77774234693877,281.88520408163265,23.43367346938776,15710.272959183674,0.0747916169454576,0.0211486604777228,147.45408163265307,0.37615837151187,0.6349898243713652,150.44398581815997,0.0176602581088981,6.326464891563083,0.392,16.925968346522282,6.937375961922445,206.07,0.20607,3.188400000000001,35.916,61.790631,433.779,11.254,7349.949,0.0410189600688087,0.0112435537188013,0.3339308458190439,95.83872755678694,0.0075077047652346,0.1473541533094972,0.0124808665151155,981.5661079224818,0.2692187433498598,4.485594569471907,61.17405548095704,246.20083007812505,1323817464.9594543,4.529239295737228,91.31975173950195,2.943403810241399,360.6930847167969,55.67603641819954,148.43859745264052,142.57327270507812,5.787918567657471,354.9051661491394,38.78136772842407,1150.57266826544,0.4818706605093198,1323817464.9594543,0.04943,4906.2528404662025,164.44328100083914,12.009516243646736,34838.18470163526,505.7662447911728,105.7383760964922,25.20120381608785,0.611937000805478,3.614146473124576,3.3056562760112222,11.25229773182602,0.0049635721236243,8.09400917685245,-0.1898070612588424,0.8870697527922862,0.278933823941155,0.9763742704535646,0.3614693459587492,0.9036398068528084,0.2867096995946717,0.0141606648745364,5.280933111810441,32.73489497814502,44.61860978755264,0.0490236693260377,34.96124019073186,208.6291973899177,1.3393777472373634,257.43277699965074,0.0241858633865684,0.0161425875039394,4.950645503670024,771.0843059719756,0.8452289870710762,0.9101538461538462,0.1266657601745098,0.934832269855373,199.02655245005647,0.0146029595356339,14.63225806451613,0.047200832466181,35.54114464099896,287.01935483870966,40.73548387096774,4556.606451612904,0.9596024526522342,0.0115393533562162,103.1483870967742,0.3327367325702393,0.5966773423939228,186.35756628145623,0.0067730284378645,6.277579530743894,0.31,30.329656607700308,6.917698277368451,168.452,0.168452,3.921104,49.43,34.686976,202.856,15.05,1978.272,0.4113653576804601,0.016828989445248,0.264766540578429,74.38214310405904,0.0032415915681659,0.2568928922411574,0.0118585051503766,757.8013130769729,0.1586587594979717,3.6111233109991474,external
551518,,1,0,0.8997567229887432,0.8417606578078556,10.47813972271966,12.447884829884092,14.317821063276352,15.231546211727816,14.560219778561036,15.362291495737216,1014.3333333333334,11.2000680626778,0.8370828801287712,583.224997162469,0.5749835660490985,1028.0,-243.2,143.30000000000007,1018805375.0,4.680127511393296,157.0,5.157443579178601,332.0,120.35544255022786,-18.357003891050585,16.0,-728.0,1060.0,70.50791198252438,995.5178613449432,-1.3725524830949276,1018805375.0,0.0515109994095292,27432.84044705446,1219.6935624763316,34.84431485442564,56108.53866766482,-1337.776136685318,92.51970927533364,70.29064763790481,0.1347801505446078,6.095902730105381,4.058769726094508,33.07201453284629,0.0043345021391011,8.373481693132637,-0.1210380259978089,0.8119295016124103,0.1693296301715208,0.9751061003906664,0.2597260132430618,0.899463810536993,0.1788005327836697,0.012918817275247,5.018588474681575,40.70258922830961,48.85316977976045,0.0499588663392203,59.996063918648055,1185.6041227359617,1.1604117523137447,1394.8682256386414,0.0027901725171284,0.0026569422410798,4.968761780597448,887.6021043585805,0.9075741408296102,0.951212211912601,0.0549476538643746,0.9632337126561332,1137.7817141237376,0.0026261358255019,18.274102079395085,0.034544616407174,88.50644473111517,1092.5217391304348,15.637051039697544,20485.843100189035,0.0155319832680293,0.0041858058542976,281.1814744801512,0.5315339782233482,0.7568893994454824,795.6743069726662,0.003938277567689,6.284265093930002,0.5145914396887159,11.860678027880116,6.452042126112641,266.0311284046693,0.2587851443625187,1.8286953625338764,52.95330739299611,58.04398533664401,1191.3356031128403,6.974708171206226,9040.913424124514,0.0073987535861986,0.0025678635756637,0.4652769340550747,506.0613907748573,0.0020950530228308,0.0824700569937266,0.0060861268146668,4341.064063243557,0.2778234397669222,5.406833856345927,59.59655609130859,571.7281982421875,1643325932.648407,5.450722662119487,325.04368591308594,2.499214639858354,895.4609375,173.77256382972004,248.3685250848184,148.04974365234375,11.43459701538086,884.0263404846191,135.14025229739718,1264.344131296068,0.8758515110033044,1643325932.648407,0.0317094127087465,40142.107920363575,407.70707022157126,17.67598465401411,1378194.6956535538,18288.168319754684,634.5292194339384,253.97324600846844,0.4265193135328138,10.748672400867296,4.802806504141239,137.86180542860097,0.0028692467736287,9.121051878620277,-0.2365980014849508,0.9554018529267588,0.1463912936330809,0.9631523619063622,0.2245029066730713,0.88989681957555,0.1486280784333052,0.0113212637550238,6.013517841480119,222.12561636060192,29.510110965440727,0.0300583005243228,288.0385086620941,766.8759455272773,1.149677658529106,793.6069966455822,0.0177736507511875,0.0149873949722792,5.712243128188967,899.3436383883319,0.9160283219449452,0.9549536067045792,0.0529452937052229,0.9666960335713408,760.8661464645506,0.0143521650505228,11.27027027027027,0.0190376186997808,298.2249703250548,1122.652027027027,17.74662162162162,2688.234797297297,0.2831557044231472,0.0125912645497469,382.7533783783784,0.6465428688823959,0.8295289292156228,1036.238920149557,0.0093518223387954,6.640785748086674,0.5758754863813229,14.73123630387144,6.9461680796782375,299.3852140077821,0.2912307529258581,2.083528895214159,32.59727626459144,283.7813924132083,740.4017509727627,6.797665369649805,1552.2169260700389,0.123705707725653,0.0151609039902425,0.5376618761966524,616.8769842786336,0.0064761512971114,0.1992810460449261,0.0049377096508316,17185.859103178344,1.0180221046444238,14.156510879486197,external
5047832,,5,1,0.7566288725456148,0.55364526825101,17.6167426262168,31.81954879135674,34.48187929913333,37.8021163428716,27.31300056749533,41.352146256270665,8521.583333333334,24.075589326914432,0.7078793583994801,2850.176398390442,0.3344655901259087,8562.0,-301.0,47.0,7994583887.0,3.404298839270764,59.0,8.55242587255342,201.0,116.94831025176512,-49.28836720392432,21.0,-951.0,1152.0,47.59204305454545,966.296308020328,-2.4558552025034555,7994583887.0,0.190686251801376,29875.94615993617,1917.7874773701733,43.57722317066145,156762.5220290798,-3523.6309046472848,115.42625414410948,40.28112227399539,0.4761923400064959,3.010490227162779,2.8629840256144243,31.08475310325641,0.0729194231717025,5.646900327640566,-0.1180353824992297,0.6980787954540233,0.5201991897123479,0.9880364008508096,0.5541653043544138,0.9544285694605688,0.3980131485791039,0.1949076345041757,3.913074848347496,38.9268441045262,803.0299820178387,0.1296191914012323,79.83515588443369,1753.0085167027332,2.7501381756382,5424.746201960197,0.0021589865376197,0.0013060084606511,4.861287984590775,3847.310529999969,0.6207238416931063,0.7222701381776364,0.8213201183835342,0.8151877380696507,1367.7278822402898,0.0012129378148185,61.25622022233986,0.0324278561261725,110.3643315721876,1137.5854949708842,7125.143462149285,14981564.221810482,3.393561593657797,0.0029234671425237,1203.6818422445738,0.6372058455503302,0.8252398928416022,878.7650039094632,0.0026468929780896,6.1546803337202505,0.2206260219574865,7104.599390021246,6.560237727473336,596.5414622751694,0.0696731443909331,33.96331612207829,1632.6556879233824,63.10844357938012,1847.8403410418127,101.54776921280074,213415.2657089465,0.0492377837117939,0.0010791850171809,0.2110428495259616,245.4132238007787,0.0006129546477496,0.4557994123870705,0.000583054303581,3362.477901356019,0.1265413086451523,2.453833288410395,9.93730354309082,476.4966674804688,11511661324.474306,4.178950097933198,255.95465087890625,2.7736000213789542,696.2982177734375,159.96043464372738,144.23188906401236,25.342647552490234,0.5,695.7982177734375,119.90162743229892,1159.5284003612724,1.1515386843133613,11511661324.474306,0.141098570570429,35239.49529337285,221.42395366378352,9.904445591896636,1537560.8965157308,22934.6873594878,632.0879799034184,139.6779596295905,0.632844521704519,6.370491986411882,3.7179731917765326,98.02718166411788,0.0586926159020215,7.0531738362343726,-0.1578677597390625,0.829407978516643,0.4302563174916042,0.9678628512958012,0.4679888752303736,0.9193906313207076,0.3182403744749492,0.1866527861572793,4.829288499612934,192.9414848832521,521.2658002393894,0.0794657926349104,276.97452354855875,522.2761415767847,2.4272591767433527,557.0952167338911,0.718735680229101,0.2083713626567945,5.485471715836226,4565.043258215082,0.6959846941184343,0.765852694374068,0.7210034899496887,0.8582473183644831,514.739795435577,0.1516377546094865,60.08121128699243,0.0206748834435624,217.32525249750265,938.282863041982,3362.655196145905,14280.341018582243,1257.855925550243,0.0113850198698392,1920.7845836200963,0.6609719833517194,0.839957352601624,792.321581681001,0.0077259399166422,6.580906615808322,0.3394066806820836,3353.974406607778,6.861753092199718,952.0464844662462,0.1111944036984637,38.37770986690047,1208.085961224013,248.8652778957733,408.1136416725065,88.61504321420229,1401.258467647746,31.510332644232182,0.2481631739453503,0.3176821432607102,288.5159756318009,0.0078205173995561,4.1732161200055895,0.0004462847870064,7419.792648233781,0.7665769504365866,2.1424204518568613,external
609499,,5,1,0.7855020764220421,0.6773552326958507,9.431202135595852,13.92356872782984,16.15549442140351,16.15549442140351,15.231546211727816,17.029386365926403,915.7083333333334,10.936992146915353,0.7181116577730837,635.0339222253998,0.6934892903221366,932.0,-155.89999999999998,136.0,947014155.0,4.402840512977287,136.0,6.893817199384914,295.0,95.4035071561458,-0.7929184549356223,22.0,-739.0,1034.0,58.37470500938828,1008.0226229450898,-1.544669015088998,947014155.0,0.0606982998397465,17694.816559293784,1246.230320576114,35.26789540898204,25463.042669294504,-638.4369508387686,58.2230673782029,48.67944558864679,0.0832059359191892,5.0841076668892375,3.813318890165025,22.640252129211888,0.0055932630994383,7.973910730342889,-0.1044413715690322,0.762215892487832,0.19877911302956,0.9809116232810294,0.2900068046382317,0.9106058937795328,0.1989733717326519,0.0166459879542553,4.746890619971309,26.725628241712432,51.28792151211353,0.0585594630357327,39.18115847607965,1217.82371825984,1.2050529315481389,1489.656758801821,0.0023899455519176,0.0022307647890705,4.746814044018549,778.5829378449366,0.8887155549226013,0.9396665566193464,0.0718694912300378,0.9550250934443456,1158.179524406179,0.0021957724080768,17.393364928909953,0.0412165045708766,62.43674333460614,1104.8696682464456,26.928909952606634,35710.40284360189,0.0234239840240077,0.0037841196804643,215.8341232227488,0.5114552683003526,0.7421338612817889,768.3170570566434,0.0035699082538804,6.093354602739248,0.4527896995708154,22.051301632937268,6.3519781119761305,205.75536480686696,0.2207675588056512,2.543567757740979,56.57081545064378,37.51365838383465,1224.3605150214592,9.141630901287554,12052.564377682404,0.0084005821132286,0.0021427997564915,0.413000291218856,449.4485559271992,0.0016779810284437,0.0762641146558415,0.0068338127423056,3211.022056324936,0.1783405076030954,5.5151937900272205,51.74408149719238,475.26524353027344,1365878265.6145732,5.232689189522007,211.2365436553955,3.597119153115891,854.1284790039062,133.65189064496542,199.2605564236129,132.82974243164062,10.641898155212402,843.4865808486938,92.57711660098389,1210.592672932612,1.2241821081390738,1365878265.6145732,0.0366556761038147,27308.73756465212,256.40263393624895,14.24313063258808,697228.55144427,11095.779151379658,388.2587203707526,174.6766004795838,0.3762288935156336,8.867138961748743,4.554716399049102,95.43399551600714,0.0034774370211932,8.788259872503188,-0.2151759739921925,0.9376832242658816,0.1612971824760722,0.97115201047845,0.242685912304747,0.9014508030634794,0.163938983809344,0.0131965062645963,5.710926530119384,140.73383021258405,31.067736863347587,0.0349994680521607,196.7212102951608,507.75806061679225,1.1573879646292995,527.9087686418441,0.0229078120617748,0.0190521797887753,5.507870645624328,808.1814628224467,0.9103836636484046,0.9523770221195116,0.0546272733274209,0.9643897909313393,502.9384354250319,0.018183331235034,12.055238095238096,0.0229623582766439,227.14249433106585,749.1561904761904,11.177142857142858,1567.824761904762,0.276230177286967,0.0152662745427389,317.37714285714287,0.6045278911564625,0.8038194444266734,690.0302150633664,0.0108052518272725,6.589989276245471,0.5633047210300429,8.025672562358277,6.893445001292841,256.54935622317595,0.2752675495956824,2.151416493212253,34.163090128755364,192.5012847906574,489.8047210300429,7.160944206008583,1152.2875536480688,0.1708595383544042,0.019310755963802,0.5154429706431929,402.1280279255837,0.0076164282854609,0.2854252987031611,0.0059454321923814,11310.722268472482,0.7375339245679386,13.612842897935936,external
4517681,,5,1,0.8038298536397241,0.5767779463651324,5.794451424895283,10.046243032369818,11.04536101718726,9.055385138137416,12.529964086141668,12.529964086141668,268.9166666666667,8.075470066338928,0.6832048882320018,294.9023991442208,1.0966311712831265,277.0,-782.0,36.400000000000006,146095282.0,5.680197007884859,450.0,2.4308772428861087,258.0,260.67812691420454,-345.51624548736464,-298.0,-1160.0,1418.0,189.5550869146824,726.2367317987423,-0.3600589538719427,146095282.0,0.0218822088128347,99070.80569276283,1493.8327151736632,37.56851821667381,1022336.7684093028,-6458.632804302309,644.4135338634832,315.5059872655549,0.3445307726278365,13.735891086371527,4.975721255129004,123.99225124653172,0.0032640515029206,8.331146285046517,-0.537381932269444,0.9988437110822664,0.0780913462453568,0.9403532568227444,0.1499021064620271,0.8426525811769222,0.0863485421136126,0.0077828824311822,6.131011979008152,239.9798802822596,5.991932587437727,0.0219796685356101,207.27181791773688,1703.3119144681957,1.048932928563212,1779.9484095744945,0.0054586941438206,0.0053135615381891,5.728525529530326,264.1558132363624,0.9688945837864454,0.9841710635934462,0.016388647686229,0.988080996114602,1684.7891029088153,0.0052774335612283,5.168888888888889,0.0229728395061728,194.77301728395065,1714.3866666666668,1.8,2958.1911111111112,0.0083163616877734,0.0059050331718766,155.10666666666663,0.689362962962963,0.8569444444444444,1461.2579320987657,0.0056278185320301,6.10147567836059,0.8122743682310469,0.2843654320987654,6.326582679032871,142.76895306859203,0.5154113829191049,0.4010217779457571,6.061371841155235,208.63696907297108,1701.0505415162454,2.3935018050541514,3764.328519855596,0.0100375881403874,0.0052767715402198,0.7379913758523867,1260.5259977938226,0.0046535832193039,0.0239097623552633,0.0205016315678653,12683.31968125808,1.040956290474,26.095325934747805,186.6715362548828,605.2049560546875,528563706.1125227,5.507650279759456,217.4749755859375,2.635779111562522,796.2169799804688,128.93008834663266,372.262350640142,355.9006042480469,32.58066940307617,763.6363105773926,92.50707666652458,1381.3660717684263,0.4745486915448485,528563706.1125227,0.0249058374278304,25068.26524852612,943.0349866992872,30.302761635563463,484230.7527966804,3758.933998671645,419.4807181758299,322.13451837807054,0.1332496228258473,14.20151752792408,4.9992354915154245,119.51919502973251,0.0033760044146853,8.294479250637558,-0.4884014895046152,0.997494781401241,0.0702279371806656,0.93678740392117,0.1409597978282446,0.8351954830530034,0.0746175166810919,0.008486654781663,5.919911381793976,185.4038091384752,6.766259932497375,0.024791466498418,177.86930532593755,1067.9178680349046,1.0455034364211082,1103.8192115628738,0.0097072157679023,0.0096015169095644,5.570766845827726,265.0588483307226,0.9711097968562138,0.985281866148292,0.0152809373500635,0.9889395286639852,1059.1241955080077,0.0095756397431905,5.331877729257642,0.023283308861387,186.9914379969871,1111.2576419213974,1.7510917030567683,1704.043668122271,0.012695639605922,0.0110364726529611,163.62008733624455,0.714498197974867,0.8707775351770984,995.290719311014,0.0107713303363676,6.085672422314219,0.8267148014440433,0.2879426403005282,6.244343807671081,150.35018050541515,0.5427804350375999,0.4167394335909499,6.898916967509026,177.22065972448488,1063.841155234657,2.328519855595668,2048.1949458483755,0.0128364845270593,0.0094942115314056,0.758749498596069,857.2678499799438,0.0089813974831302,0.0490810289586176,0.0184967503290864,11343.7153999913,1.140891552493532,19.69824590235828,external
225678,,5,1,0.8892060045556518,0.7027838244732628,16.71040345354714,23.777444601932327,26.30589287593181,30.610455730027933,27.29468812791236,31.064449134018133,4768.791666666667,21.1430465130276,0.5800083432139973,2362.2296534508805,0.4953518246482873,4815.0,-174.0,148.60000000000036,4855922969.0,4.642472538426347,142.5,9.4762108535653,439.0,111.8539312830168,-10.171339563862928,17.0,-1018.0,1457.0,61.01292797149786,1004.2405384081778,-2.0547179834343536,4855922969.0,0.0544598320625338,28738.28196154928,2278.528494450264,47.67445821803945,110913.00876876316,-2118.9527557506995,101.53385470137958,78.96967452332275,0.1235085207179812,6.150448864990755,4.091499498134859,40.97633297805018,0.0039337160512331,8.700723077596425,-0.0531254845349602,0.612235966071343,0.1729049619035725,0.984689620408428,0.2635658930761445,0.9228416945730614,0.1798020234479868,0.0107361134561865,5.046736440661347,45.125882306175576,240.9510870284588,0.0528036569848336,63.22568940349777,2267.008950310209,1.1732479177489574,2678.7302018814607,0.0011675315684938,0.0010923008801812,4.969531025552718,4115.327651389152,0.9018194226329992,0.9476955028356896,0.0597347296047667,0.9608102818967748,2173.9163860942776,0.0010752344230194,82.83758099352052,0.0357829723514127,104.8595597311178,2160.1403887688984,36.197408207343415,85183.30323974082,0.0167559480795216,0.0017275501721847,1243.7602591792656,0.5372614510493589,0.7607535199697785,1598.7982903513434,0.0016145966491315,6.508554134285492,0.4807892004153686,31.871367595128028,6.572305099570215,1176.7619937694703,0.2443950142823407,1.9479260574808952,262.2240913811007,60.70676522506144,2272.7142263759088,7.517133956386293,17749.207268951195,0.0038678270317599,0.0010578938821188,0.4429807616962404,951.6805743024472,0.000810859246224,0.1637273429483781,0.0013134235750856,9960.378984442164,0.1385091931717431,3.2638824167624745,53.71079635620117,463.4829528808596,6986953450.787037,5.190111197620533,173.53887939453125,4.930475608559089,1087.6180419921875,129.0268173219886,192.9156985285869,125.09296417236328,5.244044303894043,1082.3739976882937,81.05537116832382,1204.6081002290723,1.569447311482525,6986953450.787037,0.0399517775556439,28032.81134154847,270.956149961482,14.420238747229051,1031841.4385828986,14792.412356415238,422.2395737285409,170.9926567798252,0.4203459613848902,8.527127309907533,4.533173225043631,97.98416408028774,0.0030120517098778,9.385806409791345,-0.0976448020567657,0.7845525119962384,0.1658265361318382,0.9819551361077002,0.2486690711739529,0.9227678076967708,0.1711312852925348,0.0091114132402778,5.766255601415418,148.3080576270916,174.33052980016572,0.0381857814242101,203.37533572175744,495.7794199413615,1.1749212719162032,518.8493367423773,0.0220433613014354,0.0182129152310526,5.516094570802687,4131.041170308804,0.9048455404337504,0.9481268471922676,0.062407934419426,0.9619543027600368,490.4760835470318,0.0173864666120851,56.11332801276935,0.0223915913857818,252.20119056642352,767.8499600957701,30.51356743814844,3009.794493216281,0.6082370548348216,0.0162401529520991,1504.896249002394,0.6005172581813225,0.8017059712876837,699.8190239298482,0.0126532461705813,6.878371950029312,0.5204569055036344,26.82183302770876,7.078737525001226,1229.1794392523364,0.2552812957948778,2.4123633203180184,192.36780893042567,198.0073157502569,477.06728971962616,7.928764278296988,1225.7231568016614,0.1771629631387584,0.0183995586273846,0.4843412757810144,379.4908285406521,0.0078899520156086,0.85070048371891,0.0011523997736597,20073.94714952132,0.4382200719307262,6.096530950308046,external
186200,,5,1,0.8604986707683684,0.5588665006324466,10.377823151197443,18.569413517276992,19.72308292331602,22.20360331117452,20.12461179749811,23.0651251893416,1823.125,15.978955648565025,0.6576259028531193,1097.445202753646,0.6019582874205807,1855.0,-274.6,102.0,1696693168.0,4.6805452492420825,157.5,5.397843617830589,322.0,115.66287603257751,-56.834501347708894,-25.0,-797.0,1119.0,69.84442131755263,956.3782670875644,-1.3437955180937595,1696693168.0,0.0509060527023198,25098.23190938746,1294.0252360455438,35.86365589585037,57443.09842469685,-1330.5246699158845,94.4120974473695,63.160084375350216,0.1952208267195077,5.868305192221988,4.020932622663392,28.52198479111799,0.0039586545215692,8.584298718453839,-0.0886073628455786,0.7382458322289656,0.1736187958317484,0.9788341108507488,0.2643812196342257,0.9053946813452106,0.1776492234994823,0.0136824764010666,5.074858254954235,39.393045455679925,86.5061710706866,0.0491916399232421,54.92983458052633,1264.5591787412632,1.1750786510073528,1506.4342981761497,0.0019505108636651,0.0018169905222178,4.992100666272365,1590.4103704968545,0.9042731873867396,0.9479991706406802,0.0621015451545077,0.961708025161465,1211.7484049867037,0.0017876059191511,32.09462365591398,0.0345103480171118,82.10938143137935,1169.9741935483871,17.62258064516129,24341.240860215054,0.0149047911561316,0.00274025766676,500.3075268817204,0.5379650826685166,0.7609356693295009,856.3475614773124,0.0025313101903701,6.365031798394233,0.5013477088948787,13.644057116429645,6.577775727591379,464.7929919137466,0.2505622597917771,2.2593692286455345,94.43072776280324,53.01783218663044,1270.5951482479784,7.791374663072776,10722.0,0.006837851828065,0.0017621947007269,0.4581426925964489,533.0571477060292,0.001331177318194,0.1261423974969633,0.0035090103896124,4760.501919046892,0.2066392425338768,3.6880696785111193,54.94269409179688,470.76661376953126,2735313034.057702,5.225442705255163,221.42418670654297,3.127767210230563,786.0822143554688,135.40013319388228,203.2264692429905,131.58741760253906,7.905694007873535,778.1765203475952,96.46444728904356,1214.3155613393458,1.112478509381799,2735313034.057702,0.0369770635203173,26808.346223937635,301.3785323671864,15.125247463329996,773611.420598014,12235.6105140264,441.98671151550167,152.02889250891283,0.4844956498835153,8.31654397772023,4.488090302535341,82.31203832602839,0.0031397674435343,9.164549040822967,-0.164048151537819,0.8965673668260165,0.1620755105787609,0.970995232982516,0.245386589789719,0.9006077467434915,0.1691974817730459,0.011251687502384,5.81524493577563,148.5039010061038,62.481022665161646,0.0353659310352366,192.8374968103244,515.1380788806205,1.1586236571672657,540.7572715597759,0.0210207372930044,0.0177486684072489,5.513802624498755,1610.5895527547132,0.9115555885314444,0.9523533070702884,0.0558107303140139,0.9647905846909096,509.1759400220432,0.0170280332003443,22.90258449304175,0.0227659885616717,216.3597302862744,755.4671968190855,22.76043737574553,2342.9015904572566,0.4961213349212396,0.0159698113600987,601.7773359840954,0.5981882067436336,0.8006412769079533,673.4390153944768,0.0129520281660099,6.692412029132672,0.5423180592991914,19.36033599595271,6.977631827025437,504.26469002695416,0.2718408032490319,2.1127791864342744,68.59245283018868,189.295532581135,498.42964959568735,7.125067385444744,1296.6592991913749,0.1479806564508833,0.0178832411896671,0.5026913945272629,383.6124016195427,0.0082930288792322,0.4167214618309638,0.0032902566927043,10834.388715616178,0.6009618595903313,8.086360212220052,external
